trade_id_v2_disc,symbol_v2_disc,strategy_name_v2_disc,direction_v2_disc,signal_time_v2_disc,entry_time,entry_price_v2_disc,exit_time_v2_disc,exit_price_v2_disc,exit_reason_v2_disc,stop_loss_v2_disc,take_profit_v2_disc,holding_bars_v2_disc,risk_pips_v2_disc,pnl_gross_pips_v2_disc,spread_cost_pips_v2_disc,slippage_cost_pips_v2_disc,commission_pips_v2_disc,pnl_net_pips_v2_disc,pnl_r_multiple_v2_disc,regime_v2_disc,session_v2_disc,year_v2_disc,metadata_v2_disc,trend_transition,adx_14,ema_stack,trade_id_v3_rep,symbol_v3_rep,strategy_name_v3_rep,direction_v3_rep,signal_time_v3_rep,entry_price_v3_rep,exit_time_v3_rep,exit_price_v3_rep,exit_reason_v3_rep,stop_loss_v3_rep,take_profit_v3_rep,holding_bars_v3_rep,risk_pips_v3_rep,pnl_gross_pips_v3_rep,spread_cost_pips_v3_rep,slippage_cost_pips_v3_rep,commission_pips_v3_rep,pnl_net_pips_v3_rep,pnl_r_multiple_v3_rep,regime_v3_rep,session_v3_rep,year_v3_rep,metadata_v3_rep,r_diff
4,EURUSD,TF_PB,1,2023-01-20 09:00:00+00:00,2023-01-20 09:15:00+00:00,1.08344,2023-01-20 10:00:00+00:00,1.0849892857142858,TP,1.0825453571428572,1.0850492857142857,4,8.346428571428769,16.692857142857065,0.8,0.4,0.7,14.792857142858086,1.7723577233649577,WEAK_BULL__LOW_VOL,LONDON,2023,{'atr': 0.0005564285714285847},RANGE_TO_TREND,29.742739319683885,1,1,EURUSD,RANGE_TO_TREND_TFPB_V1,1,2023-01-20 09:00:00+00:00,1.08344,2023-01-20 09:15:00+00:00,1.084154642857143,TP,1.0825453571428572,1.0842146428571429,1,8.346428571428769,8.346428571428532,0.8,0.4,0.7,6.446428571429553,0.7723577234847976,WEAK_BULL__LOW_VOL,LONDON,2023,"{'transition_quality': 'STRONG', 'adx_delta': 16.664901515594487}",0.9999999998801601
21,EURUSD,TF_PB,-1,2023-02-07 11:15:00+00:00,2023-02-07 11:30:00+00:00,1.07232,2023-02-07 15:15:00+00:00,1.0689899999999999,TP,1.0741049999999999,1.06893,16,17.249999999999766,34.49999999999953,0.8,0.4,0.7,32.60000000000055,1.8898550723542689,STRONG_BEAR__NORMAL_VOL,LONDON,2023,{'atr': 0.0011499999999999844},RANGE_TO_TREND,27.479641936375163,-1,2,EURUSD,RANGE_TO_TREND_TFPB_V1,-1,2023-02-07 11:15:00+00:00,1.07232,2023-02-07 13:15:00+00:00,1.0707149999999999,TP,1.0741049999999999,1.070655,8,17.249999999999766,17.249999999999766,0.8,0.4,0.7,15.350000000000787,0.88985507241224,STRONG_BEAR__NORMAL_VOL,LONDON,2023,"{'transition_quality': 'MODERATE', 'adx_delta': 8.378613570263951}",0.9999999999420288
32,EURUSD,TF_PB,-1,2023-02-27 07:00:00+00:00,2023-02-27 07:15:00+00:00,1.0546600000000002,2023-02-27 08:30:00+00:00,1.0535342857142855,TP,1.055357857142857,1.0534742857142856,6,6.278571428571403,12.457142857145165,0.8,0.4,0.7,10.557142857146186,1.6814561999602595,STRONG_BEAR__LOW_VOL,LONDON,2023,{'atr': 0.0004185714285714269},RANGE_TO_TREND,32.6182684305686,-1,4,EURUSD,RANGE_TO_TREND_TFPB_V1,-1,2023-02-27 07:00:00+00:00,1.0546600000000002,2023-02-27 07:15:00+00:00,1.0541621428571428,TP,1.055357857142857,1.0541021428571429,1,6.278571428571403,6.178571428572255,0.8,0.4,0.7,4.278571428573275,0.6814562001192913,STRONG_BEAR__LOW_VOL,LONDON,2023,"{'transition_quality': 'STRONG', 'adx_delta': 15.647515640119975}",0.9999999998409682
37,EURUSD,TF_PB,-1,2023-03-16 15:15:00+00:00,2023-03-16 15:30:00+00:00,1.05755,2023-03-16 15:45:00+00:00,1.0603075,SL,1.0602475,1.052305,2,26.47499999999977,-26.375000000000703,0.8,0.4,0.7,-28.274999999999682,-1.0679886685148985,STRONG_BEAR__LOW_VOL,OVERLAP,2023,{'atr': 0.001764999999999985},RANGE_TO_TREND,28.726709709277337,-1,6,EURUSD,RANGE_TO_TREND_TFPB_V1,-1,2023-03-16 15:15:00+00:00,1.05755,2023-03-16 15:45:00+00:00,1.0603075,SL,1.0602475,1.0549525000000002,2,26.47499999999977,-26.375000000000703,0.8,0.4,0.7,-28.274999999999682,-1.0679886685148985,STRONG_BEAR__LOW_VOL,OVERLAP,2023,"{'transition_quality': 'STRONG', 'adx_delta': 10.78389725551187}",0.0
63,EURUSD,TF_PB,-1,2023-05-23 11:45:00+00:00,2023-05-23 12:00:00+00:00,1.08027,2023-05-23 13:00:00+00:00,1.0776021428571427,TP,1.0817239285714286,1.0775421428571428,5,13.939285714285914,27.878571428572307,0.8,0.4,0.7,25.97857142857333,1.8636945937685352,STRONG_BEAR__HIGH_VOL,OVERLAP,2023,{'atr': 0.0009292857142857278},RANGE_TO_TREND,26.20781581460691,-1,12,EURUSD,RANGE_TO_TREND_TFPB_V1,-1,2023-05-23 11:45:00+00:00,1.08027,2023-05-23 12:30:00+00:00,1.0789960714285713,TP,1.0817239285714286,1.0789360714285714,3,13.939285714285914,13.939285714286154,0.8,0.4,0.7,12.039285714287175,0.8636945938402578,STRONG_BEAR__HIGH_VOL,OVERLAP,2023,"{'transition_quality': 'STRONG', 'adx_delta': 10.43288841393678}",0.9999999999282774
75,EURUSD,TF_PB,1,2023-06-22 10:15:00+00:00,2023-06-22 10:30:00+00:00,1.09917,2023-06-22 13:00:00+00:00,1.1005471428571427,TP,1.0983764285714288,1.1006071428571427,11,7.435714285713276,14.971428571426415,0.8,0.4,0.7,13.071428571427436,1.757925071809779,STRONG_BULL__LOW_VOL,LONDON,2023,{'atr': 0.0004957142857142184},RANGE_TO_TREND,22.852784685009777,1,15,EURUSD,RANGE_TO_TREND_TFPB_V1,1,2023-06-22 10:15:00+00:00,1.09917,2023-06-22 10:30:00+00:00,1.0998035714285714,TP,1.0983764285714288,1.0998635714285714,1,7.435714285713276,7.535714285713535,0.8,0.4,0.7,5.635714285714555,0.7579250719443182,STRONG_BULL__LOW_VOL,LONDON,2023,"{'transition_quality': 'MODERATE', 'adx_delta': 7.352046466042234}",0.9999999998654607
76,EURUSD,TF_PB,-1,2023-06-26 12:45:00+00:00,2023-06-26 13:00:00+00:00,1.0896000000000001,2023-06-26 13:15:00+00:00,1.0907667857142858,SL,1.0907067857142858,1.0875664285714288,2,10.467857142856728,-10.467857142857362,0.8,0.4,0.7,-12.36785714285634,-1.1815080176284853,STRONG_BEAR__NORMAL_VOL,OVERLAP,2023,{'atr': 0.0006978571428571152},RANGE_TO_TREND,29.661489591327577,-1,17,EURUSD,RANGE_TO_TREND_TFPB_V1,-1,2023-06-26 12:45:00+00:00,1.0896000000000001,2023-06-26 13:15:00+00:00,1.0907667857142858,SL,1.0907067857142858,1.0886132142857143,2,10.467857142856728,-10.467857142857362,0.8,0.4,0.7,-12.36785714285634,-1.1815080176284853,STRONG_BEAR__NORMAL_VOL,OVERLAP,2023,"{'transition_quality': 'STRONG', 'adx_delta': 18.76067184104437}",0.0
78,EURUSD,TF_PB,-1,2023-07-04 14:45:00+00:00,2023-07-04 15:00:00+00:00,1.0897700000000001,2023-07-04 17:15:00+00:00,1.0907417857142858,SL,1.0906817857142859,1.0881264285714287,10,8.517857142857036,-8.51785714285791,0.8,0.4,0.7,-10.417857142856889,-1.2230607965021,STRONG_BEAR__NORMAL_VOL,OVERLAP,2023,{'atr': 0.0005678571428571358},RANGE_TO_TREND,30.54490038071824,-1,19,EURUSD,RANGE_TO_TREND_TFPB_V1,-1,2023-07-04 14:45:00+00:00,1.0897700000000001,2023-07-04 17:15:00+00:00,1.0907417857142858,SL,1.0906817857142859,1.0889782142857143,10,8.517857142857036,-8.51785714285791,0.8,0.4,0.7,-10.417857142856889,-1.2230607965021,STRONG_BEAR__NORMAL_VOL,OVERLAP,2023,"{'transition_quality': 'STRONG', 'adx_delta': 17.399001925264947}",0.0
110,EURUSD,TF_PB,1,2023-08-30 15:00:00+00:00,2023-08-30 15:15:00+00:00,1.08864,2023-08-30 15:30:00+00:00,1.0909585714285714,TP,1.0873607142857145,1.0910185714285714,2,12.192857142856846,24.3857142857129,0.8,0.4,0.7,22.48571428571392,1.8441710601885422,STRONG_BULL__NORMAL_VOL,OVERLAP,2023,{'atr': 0.0008128571428571231},RANGE_TO_TREND,33.21226253957468,1,24,EURUSD,RANGE_TO_TREND_TFPB_V1,1,2023-08-30 15:00:00+00:00,1.08864,2023-08-30 15:15:00+00:00,1.0897392857142858,TP,1.0873607142857145,1.0897992857142857,1,12.192857142856846,12.19285714285645,0.8,0.4,0.7,10.292857142857471,0.84417106027059,STRONG_BULL__NORMAL_VOL,OVERLAP,2023,"{'transition_quality': 'STRONG', 'adx_delta': 18.097856515975174}",0.9999999999179522
126,EURUSD,TF_PB,1,2023-10-06 10:15:00+00:00,2023-10-06 10:30:00+00:00,1.05439,2023-10-06 12:30:00+00:00,1.0555692857142858,TP,1.0536653571428571,1.0556292857142857,9,6.546428571428398,12.99285714285725,0.8,0.4,0.7,11.092857142858271,1.6944899069972401,WEAK_BULL__LOW_VOL,LONDON,2023,{'atr': 0.00043642857142855984},RANGE_TO_TREND,24.73367732118252,1,29,EURUSD,RANGE_TO_TREND_TFPB_V1,1,2023-10-06 10:15:00+00:00,1.05439,2023-10-06 10:30:00+00:00,1.0549146428571428,TP,1.0536653571428571,1.0549746428571427,1,6.546428571428398,6.446428571427187,0.8,0.4,0.7,4.5464285714282076,0.6944899071497407,WEAK_BULL__LOW_VOL,LONDON,2023,"{'transition_quality': 'MODERATE', 'adx_delta': 6.71728419607226}",0.9999999998474994
129,EURUSD,TF_PB,1,2023-10-11 11:30:00+00:00,2023-10-11 11:45:00+00:00,1.06122,2023-10-11 15:30:00+00:00,1.0595742857142858,SL,1.0596342857142858,1.0642114285714286,16,15.257142857142652,-15.257142857143524,0.8,0.4,0.7,-17.157142857142503,-1.124531835132279,STRONG_BULL__HIGH_VOL,LONDON,2023,{'atr': 0.0010171428571428434},RANGE_TO_TREND,24.42773981084013,1,31,EURUSD,RANGE_TO_TREND_TFPB_V1,1,2023-10-11 11:30:00+00:00,1.06122,2023-10-11 15:30:00+00:00,1.0595742857142858,SL,1.0596342857142858,1.0626857142857145,16,15.257142857142652,-15.257142857143524,0.8,0.4,0.7,-17.157142857142503,-1.124531835132279,STRONG_BULL__HIGH_VOL,LONDON,2023,"{'transition_quality': 'MODERATE', 'adx_delta': 9.804870348720415}",0.0
194,EURUSD,TF_PB,1,2024-02-02 10:45:00+00:00,2024-02-02 11:00:00+00:00,1.08799,2024-02-02 15:30:00+00:00,1.086889642857143,SL,1.086949642857143,1.0898907142857144,19,9.80357142857118,-9.803571428570468,0.8,0.4,0.7,-11.703571428569447,-1.1938069215538296,STRONG_BULL__LOW_VOL,LONDON,2024,{'atr': 0.0006535714285714121},RANGE_TO_TREND,25.694669554481056,1,45,EURUSD,RANGE_TO_TREND_TFPB_V1,1,2024-02-02 10:45:00+00:00,1.08799,2024-02-02 11:15:00+00:00,1.0888503571428572,TP,1.086949642857143,1.088910357142857,2,9.80357142857118,9.803571428570468,0.8,0.4,0.7,7.903571428571488,0.8061930782420177,STRONG_BULL__LOW_VOL,LONDON,2024,"{'transition_quality': 'MODERATE', 'adx_delta': 9.308334092430755}",-1.9999999997958473
201,EURUSD,TF_PB,-1,2024-02-14 09:45:00+00:00,2024-02-14 10:00:00+00:00,1.0707,2024-02-14 10:30:00+00:00,1.0695192857142857,TP,1.071410357142857,1.0694592857142857,3,6.503571428571211,13.007142857142107,0.8,0.4,0.7,11.107142857143128,1.7078528278539158,WEAK_BEAR__LOW_VOL,LONDON,2024,{'atr': 0.00043357142857141414},RANGE_TO_TREND,28.063153991990323,-1,48,EURUSD,RANGE_TO_TREND_TFPB_V1,-1,2024-02-14 09:45:00+00:00,1.0707,2024-02-14 10:00:00+00:00,1.0701696428571428,TP,1.071410357142857,1.0701096428571428,1,6.503571428571211,6.503571428571053,0.8,0.4,0.7,4.6035714285720735,0.7078528280077017,WEAK_BEAR__LOW_VOL,LONDON,2024,"{'transition_quality': 'STRONG', 'adx_delta': 17.05836291329338}",0.9999999998462141
211,EURUSD,TF_PB,1,2024-03-04 09:30:00+00:00,2024-03-04 09:45:00+00:00,1.0849799999999998,2024-03-04 10:15:00+00:00,1.0844025,SL,1.0844624999999999,1.0858349999999999,3,4.575000000000472,-4.574999999999996,0.8,0.4,0.7,-6.474999999998976,-1.4153005461383623,STRONG_BULL__LOW_VOL,LONDON,2024,{'atr': 0.00030500000000003143},RANGE_TO_TREND,24.57344406396789,1,51,EURUSD,RANGE_TO_TREND_TFPB_V1,1,2024-03-04 09:30:00+00:00,1.0849799999999998,2024-03-04 09:45:00+00:00,1.0853175,TP,1.0844624999999999,1.0853774999999999,1,4.575000000000472,4.574999999999996,0.8,0.4,0.7,2.675000000001016,0.5846994534242712,STRONG_BULL__LOW_VOL,LONDON,2024,"{'transition_quality': 'STRONG', 'adx_delta': 11.669305776399051}",-1.9999999995626334
229,EURUSD,TF_PB,1,2024-04-18 08:15:00+00:00,2024-04-18 08:30:00+00:00,1.06798,2024-04-18 09:15:00+00:00,1.0688864285714286,TP,1.0674067857142857,1.0689464285714285,4,5.132142857142457,10.264285714285393,0.8,0.4,0.7,8.364285714286414,1.629784272473235,STRONG_BULL__LOW_VOL,LONDON,2024,{'atr': 0.00034214285714283054},RANGE_TO_TREND,31.772912458290584,1,56,EURUSD,RANGE_TO_TREND_TFPB_V1,1,2024-04-18 08:15:00+00:00,1.06798,2024-04-18 09:00:00+00:00,1.0683732142857143,TP,1.0674067857142857,1.0684332142857143,3,5.132142857142457,5.132142857142696,0.8,0.4,0.7,3.2321428571437165,0.6297842726680386,STRONG_BULL__LOW_VOL,LONDON,2024,"{'transition_quality': 'STRONG', 'adx_delta': 16.96127401556319}",0.9999999998051964
246,EURUSD,TF_PB,1,2024-05-14 15:30:00+00:00,2024-05-14 15:45:00+00:00,1.08055,2024-05-14 17:45:00+00:00,1.0824164285714286,TP,1.0795417857142857,1.0824764285714286,9,9.782142857142944,19.864285714286112,0.8,0.4,0.7,17.964285714287133,1.8364366555261593,WEAK_BULL__HIGH_VOL,OVERLAP,2024,{'atr': 0.0006521428571428631},RANGE_TO_TREND,30.16232935861722,1,60,EURUSD,RANGE_TO_TREND_TFPB_V1,1,2024-05-14 15:30:00+00:00,1.08055,2024-05-14 16:00:00+00:00,1.0814382142857142,TP,1.0795417857142857,1.0814982142857141,2,9.782142857142944,10.082142857141818,0.8,0.4,0.7,8.18214285714284,0.8364366556282484,WEAK_BULL__HIGH_VOL,OVERLAP,2024,"{'transition_quality': 'STRONG', 'adx_delta': 11.34604706854914}",0.9999999998979109
259,EURUSD,TF_PB,1,2024-06-07 07:00:00+00:00,2024-06-07 07:15:00+00:00,1.08954,2024-06-07 08:30:00+00:00,1.0890503571428571,SL,1.089110357142857,1.0902192857142858,6,3.6964285714292346,-3.6964285714291556,0.8,0.4,0.7,-5.596428571428135,-1.514009661425772,STRONG_BULL__LOW_VOL,LONDON,2024,{'atr': 0.00024642857142861567},RANGE_TO_TREND,26.01010589903912,1,62,EURUSD,RANGE_TO_TREND_TFPB_V1,1,2024-06-07 07:00:00+00:00,1.08954,2024-06-07 08:30:00+00:00,1.0890503571428571,SL,1.089110357142857,1.089849642857143,6,3.6964285714292346,-3.6964285714291556,0.8,0.4,0.7,-5.596428571428135,-1.514009661425772,STRONG_BULL__LOW_VOL,LONDON,2024,"{'transition_quality': 'MODERATE', 'adx_delta': 7.749598479746723}",0.0
302,EURUSD,TF_PB,1,2024-09-05 10:00:00+00:00,2024-09-05 10:15:00+00:00,1.10863,2024-09-05 10:15:00+00:00,1.1080589285714286,SL,1.1081189285714286,1.109472142857143,1,4.510714285714573,-4.510714285714812,0.8,0.4,0.7,-6.410714285713792,-1.4212193187662754,STRONG_BULL__LOW_VOL,LONDON,2024,{'atr': 0.0003007142857143049},RANGE_TO_TREND,26.169529077842373,1,69,EURUSD,RANGE_TO_TREND_TFPB_V1,1,2024-09-05 10:00:00+00:00,1.10863,2024-09-05 10:15:00+00:00,1.1080589285714286,SL,1.1081189285714286,1.1090210714285715,1,4.510714285714573,-4.510714285714812,0.8,0.4,0.7,-6.410714285713792,-1.4212193187662754,STRONG_BULL__LOW_VOL,LONDON,2024,"{'transition_quality': 'STRONG', 'adx_delta': 15.449589455900258}",0.0
303,EURUSD,TF_PB,1,2024-09-05 10:30:00+00:00,2024-09-05 10:45:00+00:00,1.10835,2024-09-05 11:00:00+00:00,1.1093585714285716,TP,1.1076957142857145,1.1094185714285716,2,5.742857142857177,11.285714285715898,0.8,0.4,0.7,9.385714285716919,1.6343283579248196,STRONG_BULL__LOW_VOL,LONDON,2024,{'atr': 0.0003828571428571451},RANGE_TO_TREND,33.57946934741004,1,70,EURUSD,RANGE_TO_TREND_TFPB_V1,1,2024-09-05 10:30:00+00:00,1.10835,2024-09-05 11:00:00+00:00,1.1087842857142858,TP,1.1076957142857145,1.1088442857142857,2,5.742857142857177,5.542857142857294,0.8,0.4,0.7,3.642857142858314,0.6343283580987003,STRONG_BULL__LOW_VOL,LONDON,2024,"{'transition_quality': 'STRONG', 'adx_delta': 20.625589791641822}",0.9999999998261193
307,EURUSD,TF_PB,1,2024-09-06 15:30:00+00:00,2024-09-06 15:45:00+00:00,1.11347,2024-09-06 15:45:00+00:00,1.1118714285714286,SL,1.1119314285714286,1.116367142857143,1,14.78571428571432,-14.785714285714402,0.8,0.4,0.7,-16.68571428571338,-1.1285024153825496,STRONG_BULL__HIGH_VOL,OVERLAP,2024,{'atr': 0.0009857142857142881},RANGE_TO_TREND,38.052992287754485,1,71,EURUSD,RANGE_TO_TREND_TFPB_V1,1,2024-09-06 15:30:00+00:00,1.11347,2024-09-06 15:45:00+00:00,1.1118714285714286,SL,1.1119314285714286,1.1148885714285715,1,14.78571428571432,-14.785714285714402,0.8,0.4,0.7,-16.68571428571338,-1.1285024153825496,STRONG_BULL__HIGH_VOL,OVERLAP,2024,"{'transition_quality': 'STRONG', 'adx_delta': 18.003118249302798}",0.0
323,EURUSD,TF_PB,-1,2024-10-09 14:00:00+00:00,2024-10-09 14:15:00+00:00,1.09633,2024-10-09 16:15:00+00:00,1.094992857142857,TP,1.0971185714285714,1.0949328571428572,9,7.285714285713959,14.571428571428235,0.8,0.4,0.7,12.671428571429256,1.739215686035966,WEAK_BEAR__NORMAL_VOL,OVERLAP,2024,{'atr': 0.0004857142857142639},RANGE_TO_TREND,23.691866318265674,-1,75,EURUSD,RANGE_TO_TREND_TFPB_V1,-1,2024-10-09 14:00:00+00:00,1.09633,2024-10-09 14:45:00+00:00,1.0957214285714285,TP,1.0971185714285714,1.0956614285714286,3,7.285714285713959,7.285714285714118,0.8,0.4,0.7,5.385714285715138,0.739215686173199,WEAK_BEAR__NORMAL_VOL,OVERLAP,2024,"{'transition_quality': 'MODERATE', 'adx_delta': 9.916576819939639}",0.999999999862767
329,EURUSD,TF_PB,1,2024-10-25 12:00:00+00:00,2024-10-25 12:15:00+00:00,1.08259,2024-10-25 18:30:00+00:00,1.0816864285714285,SL,1.0817464285714284,1.0841571428571428,26,8.035714285714112,-7.8357142857155,0.8,0.4,0.7,-9.73571428571448,-1.2115555554048345,STRONG_BULL__LOW_VOL,OVERLAP,2024,{'atr': 0.0005357142857142742},RANGE_TO_TREND,25.175845335020515,1,78,EURUSD,RANGE_TO_TREND_TFPB_V1,1,2024-10-25 12:00:00+00:00,1.08259,2024-10-25 15:30:00+00:00,1.0832935714285714,TP,1.0817464285714284,1.0833535714285714,14,8.035714285714112,8.23571428571368,0.8,0.4,0.7,6.3357142857147,0.7884444443463955,STRONG_BULL__LOW_VOL,OVERLAP,2024,"{'transition_quality': 'STRONG', 'adx_delta': 10.423815203206237}",-1.99999999975123
333,EURUSD,TF_PB,1,2024-10-31 13:30:00+00:00,2024-10-31 13:45:00+00:00,1.0865799999999999,2024-10-31 14:30:00+00:00,1.0882407142857142,TP,1.0856296428571428,1.0883007142857142,4,8.90357142857171,17.807142857142466,0.8,0.4,0.7,15.907142857143487,1.786602486762851,STRONG_BULL__NORMAL_VOL,OVERLAP,2024,{'atr': 0.0005935714285714473},RANGE_TO_TREND,23.375620931432024,1,80,EURUSD,RANGE_TO_TREND_TFPB_V1,1,2024-10-31 13:30:00+00:00,1.0865799999999999,2024-10-31 14:15:00+00:00,1.087350357142857,TP,1.0856296428571428,1.087410357142857,3,8.90357142857171,8.903571428571233,0.8,0.4,0.7,7.003571428572253,0.7866024868752187,STRONG_BULL__NORMAL_VOL,OVERLAP,2024,"{'transition_quality': 'MODERATE', 'adx_delta': 7.745129460593953}",0.9999999998876322
345,EURUSD,TF_PB,1,2024-12-06 10:45:00+00:00,2024-12-06 11:00:00+00:00,1.0582399999999998,2024-12-06 11:30:00+00:00,1.0572514285714285,SL,1.0573114285714285,1.0599471428571428,3,8.78571428571427,-8.685714285714408,0.8,0.4,0.7,-10.585714285713387,-1.2048780486432469,STRONG_BULL__LOW_VOL,LONDON,2024,{'atr': 0.0005857142857142847},RANGE_TO_TREND,28.76166599204443,1,81,EURUSD,RANGE_TO_TREND_TFPB_V1,1,2024-12-06 10:45:00+00:00,1.0582399999999998,2024-12-06 11:30:00+00:00,1.0572514285714285,SL,1.0573114285714285,1.0590685714285715,3,8.78571428571427,-8.685714285714408,0.8,0.4,0.7,-10.585714285713387,-1.2048780486432469,STRONG_BULL__LOW_VOL,LONDON,2024,"{'transition_quality': 'STRONG', 'adx_delta': 13.969095202861267}",0.0
357,EURUSD,TF_PB,-1,2025-01-09 09:15:00+00:00,2025-01-09 09:30:00+00:00,1.03028,2025-01-09 10:00:00+00:00,1.028772857142857,TP,1.0311235714285714,1.028712857142857,3,8.035714285714112,16.27142857143049,0.8,0.4,0.7,14.371428571431512,1.7884444442222869,STRONG_BEAR__LOW_VOL,LONDON,2025,{'atr': 0.0005357142857142742},RANGE_TO_TREND,36.94043871306942,-1,86,EURUSD,RANGE_TO_TREND_TFPB_V1,-1,2025-01-09 09:15:00+00:00,1.03028,2025-01-09 09:30:00+00:00,1.0295764285714284,TP,1.0311235714285714,1.0295164285714284,1,8.035714285714112,8.2357142857159,0.8,0.4,0.7,6.335714285716921,0.7884444443466718,STRONG_BEAR__LOW_VOL,LONDON,2025,"{'transition_quality': 'STRONG', 'adx_delta': 18.16030882575609}",0.999999999875615
359,EURUSD,TF_PB,1,2025-01-14 11:30:00+00:00,2025-01-14 11:45:00+00:00,1.02629,2025-01-14 14:00:00+00:00,1.024732142857143,SL,1.024792142857143,1.0290157142857144,10,14.078571428571351,-14.378571428570464,0.8,0.4,0.7,-16.278571428569443,-1.1562658548137277,STRONG_BULL__NORMAL_VOL,LONDON,2025,{'atr': 0.0009385714285714235},RANGE_TO_TREND,39.954218199015365,1,89,EURUSD,RANGE_TO_TREND_TFPB_V1,1,2025-01-14 11:30:00+00:00,1.02629,2025-01-14 14:00:00+00:00,1.024732142857143,SL,1.024792142857143,1.027607857142857,10,14.078571428571351,-14.378571428570464,0.8,0.4,0.7,-16.278571428569443,-1.1562658548137277,STRONG_BULL__NORMAL_VOL,LONDON,2025,"{'transition_quality': 'STRONG', 'adx_delta': 23.808459444610694}",0.0
383,EURUSD,TF_PB,1,2025-03-04 08:45:00+00:00,2025-03-04 09:00:00+00:00,1.04874,2025-03-04 10:15:00+00:00,1.0504149999999999,TP,1.0477075,1.0504749999999998,6,9.22499999999953,17.94999999999769,0.8,0.4,0.7,16.04999999999871,1.7398373981853323,WEAK_BULL__LOW_VOL,LONDON,2025,{'atr': 0.0006149999999999688},RANGE_TO_TREND,28.91465142212083,1,91,EURUSD,RANGE_TO_TREND_TFPB_V1,1,2025-03-04 08:45:00+00:00,1.04874,2025-03-04 09:30:00+00:00,1.0494925,TP,1.0477075,1.0495524999999999,3,9.22499999999953,8.724999999998317,0.8,0.4,0.7,6.824999999999338,0.7398373982937504,WEAK_BULL__LOW_VOL,LONDON,2025,"{'transition_quality': 'STRONG', 'adx_delta': 12.787029813572879}",0.999999999891582
389,EURUSD,TF_PB,-1,2025-03-13 09:15:00+00:00,2025-03-13 09:30:00+00:00,1.0875000000000001,2025-03-13 13:45:00+00:00,1.0855321428571427,TP,1.0885739285714287,1.0854721428571428,18,10.339285714286122,20.87857142857308,0.8,0.4,0.7,18.9785714285741,1.8355785835877638,STRONG_BEAR__NORMAL_VOL,LONDON,2025,{'atr': 0.0006892857142857414},RANGE_TO_TREND,28.662944743538,-1,96,EURUSD,RANGE_TO_TREND_TFPB_V1,-1,2025-03-13 09:15:00+00:00,1.0875000000000001,2025-03-13 09:30:00+00:00,1.0865660714285712,TP,1.0885739285714287,1.0865060714285713,1,10.339285714286122,10.539285714288305,0.8,0.4,0.7,8.639285714289326,0.8355785836846127,STRONG_BEAR__NORMAL_VOL,LONDON,2025,"{'transition_quality': 'STRONG', 'adx_delta': 11.584318639172187}",0.9999999999031511
408,EURUSD,TF_PB,1,2025-04-18 10:00:00+00:00,2025-04-18 10:15:00+00:00,1.13727,2025-04-18 17:45:00+00:00,1.1389578571428574,TP,1.1363210714285714,1.1390178571428573,31,8.98928571428608,18.0785714285725,0.8,0.4,0.7,16.17857142857352,1.7997616207773015,WEAK_BULL__LOW_VOL,LONDON,2025,{'atr': 0.0005992857142857387},RANGE_TO_TREND,23.504055084200953,1,99,EURUSD,RANGE_TO_TREND_TFPB_V1,1,2025-04-18 10:00:00+00:00,1.13727,2025-04-18 14:30:00+00:00,1.1380489285714288,TP,1.1363210714285714,1.1381189285714288,18,8.98928571428608,9.089285714287687,0.8,0.4,0.7,7.089285714288052,0.7886372664997042,WEAK_BULL__LOW_VOL,LONDON,2025,"{'transition_quality': 'MODERATE', 'adx_delta': 7.3056659649850335}",1.0111243542775972
421,EURUSD,TF_PB,-1,2025-05-12 09:30:00+00:00,2025-05-12 09:45:00+00:00,1.12167,2025-05-12 10:00:00+00:00,1.1194992857142856,TP,1.1228753571428571,1.1194392857142856,2,11.453571428571285,22.90714285714257,0.8,0.4,0.7,21.00714285714359,1.8341128779191542,STRONG_BEAR__LOW_VOL,LONDON,2025,{'atr': 0.000763571428571419},RANGE_TO_TREND,24.115274990704314,-1,102,EURUSD,RANGE_TO_TREND_TFPB_V1,-1,2025-05-12 09:30:00+00:00,1.12167,2025-05-12 10:00:00+00:00,1.1206446428571426,TP,1.1228753571428571,1.1205846428571427,2,11.453571428571285,11.453571428572396,0.8,0.4,0.7,9.553571428573417,0.8341128780065602,STRONG_BEAR__LOW_VOL,LONDON,2025,"{'transition_quality': 'MODERATE', 'adx_delta': 8.55179681097716}",0.999999999912594
445,EURUSD,TF_PB,-1,2025-06-23 11:00:00+00:00,2025-06-23 11:15:00+00:00,1.14937,2025-06-23 12:00:00+00:00,1.1465742857142858,TP,1.150917857142857,1.1465142857142858,4,14.678571428571,29.157142857141327,0.8,0.4,0.7,27.257142857142348,1.856934306442856,WEAK_BEAR__NORMAL_VOL,LONDON,2025,{'atr': 0.0009785714285714},RANGE_TO_TREND,26.27697351273826,-1,107,EURUSD,RANGE_TO_TREND_TFPB_V1,-1,2025-06-23 11:00:00+00:00,1.14937,2025-06-23 11:45:00+00:00,1.148042142857143,TP,1.150917857142857,1.147982142857143,3,14.678571428571,14.478571428568898,0.8,0.4,0.7,12.57857142856992,0.8569343065108853,WEAK_BEAR__NORMAL_VOL,LONDON,2025,"{'transition_quality': 'STRONG', 'adx_delta': 14.266748814232212}",0.9999999999319708
467,EURUSD,TF_PB,-1,2025-07-29 08:30:00+00:00,2025-07-29 08:45:00+00:00,1.1584,2025-07-29 09:30:00+00:00,1.1568292857142857,TP,1.1593053571428573,1.1567692857142857,4,8.453571428572092,16.90714285714323,0.8,0.4,0.7,15.007142857144252,1.7752429233219236,STRONG_BEAR__LOW_VOL,LONDON,2025,{'atr': 0.0005635714285714728},RANGE_TO_TREND,30.03593261286846,-1,112,EURUSD,RANGE_TO_TREND_TFPB_V1,-1,2025-07-29 08:30:00+00:00,1.1584,2025-07-29 09:00:00+00:00,1.1576746428571427,TP,1.1593053571428573,1.1576146428571428,2,8.453571428572092,8.453571428572726,0.8,0.4,0.7,6.553571428573746,0.7752429234404042,STRONG_BEAR__LOW_VOL,LONDON,2025,"{'transition_quality': 'STRONG', 'adx_delta': 19.974017411555508}",0.9999999998815193
473,EURUSD,TF_PB,1,2025-08-06 08:45:00+00:00,2025-08-06 09:00:00+00:00,1.1578899999999999,2025-08-06 10:15:00+00:00,1.157105,SL,1.157165,1.1592799999999999,6,7.050000000000033,-6.649999999999157,0.8,0.4,0.7,-8.549999999998136,-1.2127659572745149,STRONG_BULL__LOW_VOL,LONDON,2025,{'atr': 0.00047000000000000215},RANGE_TO_TREND,29.656956494557996,1,113,EURUSD,RANGE_TO_TREND_TFPB_V1,1,2025-08-06 08:45:00+00:00,1.1578899999999999,2025-08-06 09:15:00+00:00,1.158515,TP,1.157165,1.158575,2,7.050000000000033,7.449999999999957,0.8,0.4,0.7,5.550000000000977,0.787234042441662,STRONG_BULL__LOW_VOL,LONDON,2025,"{'transition_quality': 'STRONG', 'adx_delta': 13.129954244782285}",-1.9999999997161768
496,EURUSD,TF_PB,-1,2025-09-19 10:30:00+00:00,2025-09-19 10:45:00+00:00,1.17687,2025-09-19 14:45:00+00:00,1.1744064285714284,TP,1.1782067857142857,1.1743464285714285,17,12.867857142857464,25.83571428571574,0.8,0.4,0.7,23.93571428571676,1.860116569380986,STRONG_BEAR__NORMAL_VOL,LONDON,2025,{'atr': 0.0008578571428571642},RANGE_TO_TREND,35.46319461192914,-1,116,EURUSD,RANGE_TO_TREND_TFPB_V1,-1,2025-09-19 10:30:00+00:00,1.17687,2025-09-19 11:00:00+00:00,1.1756932142857142,TP,1.1782067857142857,1.1756332142857142,2,12.867857142857464,12.967857142858197,0.8,0.4,0.7,11.067857142859218,0.8601165694586931,STRONG_BEAR__NORMAL_VOL,LONDON,2025,"{'transition_quality': 'STRONG', 'adx_delta': 15.719159630575646}",0.9999999999222929
541,EURUSD,TF_PB,1,2025-12-12 07:45:00+00:00,2025-12-12 08:00:00+00:00,1.17394,2025-12-12 10:45:00+00:00,1.1733125,SL,1.1733725,1.1749250000000002,12,5.175000000000834,-5.075000000001051,0.8,0.4,0.7,-6.975000000000031,-1.347826086695861,WEAK_BULL__LOW_VOL,LONDON,2025,{'atr': 0.0003450000000000556},RANGE_TO_TREND,28.90122149550324,1,124,EURUSD,RANGE_TO_TREND_TFPB_V1,1,2025-12-12 07:45:00+00:00,1.17394,2025-12-12 10:45:00+00:00,1.1733125,SL,1.1733725,1.1744075000000003,12,5.175000000000834,-5.075000000001051,0.8,0.4,0.7,-6.975000000000031,-1.347826086695861,WEAK_BULL__LOW_VOL,LONDON,2025,"{'transition_quality': 'STRONG', 'adx_delta': 16.964267548767392}",0.0
542,EURUSD,TF_PB,1,2025-12-16 09:30:00+00:00,2025-12-16 09:45:00+00:00,1.17523,2025-12-16 10:15:00+00:00,1.176267142857143,TP,1.1745914285714287,1.176327142857143,3,5.785714285714124,11.571428571428566,0.8,0.4,0.7,9.671428571429587,1.6716049379829079,WEAK_BULL__LOW_VOL,LONDON,2025,{'atr': 0.00038571428571427494},RANGE_TO_TREND,25.72134524667416,1,126,EURUSD,RANGE_TO_TREND_TFPB_V1,1,2025-12-16 09:30:00+00:00,1.17523,2025-12-16 10:00:00+00:00,1.1756885714285714,TP,1.1745914285714287,1.1757485714285714,2,5.785714285714124,5.785714285713173,0.8,0.4,0.7,3.885714285714193,0.6716049381555278,WEAK_BULL__LOW_VOL,LONDON,2025,"{'transition_quality': 'STRONG', 'adx_delta': 10.176626556295112}",0.9999999998273801
544,EURUSD,TF_PB,1,2025-12-16 15:45:00+00:00,2025-12-16 16:00:00+00:00,1.17762,2025-12-16 17:00:00+00:00,1.1801378571428571,TP,1.1762410714285714,1.180197857142857,5,13.189285714285283,26.378571428571362,0.8,0.4,0.7,24.478571428572383,1.8559436770866036,STRONG_BULL__HIGH_VOL,NY_LATE,2025,{'atr': 0.0008792857142856857},RANGE_TO_TREND,44.02155485864839,1,127,EURUSD,RANGE_TO_TREND_TFPB_V1,1,2025-12-16 15:45:00+00:00,1.17762,2025-12-16 16:45:00+00:00,1.1788189285714286,TP,1.1762410714285714,1.1788789285714285,4,13.189285714285283,13.189285714285681,0.8,0.4,0.7,11.289285714286702,0.8559436771623925,STRONG_BULL__HIGH_VOL,NY_LATE,2025,"{'transition_quality': 'STRONG', 'adx_delta': 25.903992203211995}",0.9999999999242111
546,EURUSD,TF_PB,1,2025-12-18 08:30:00+00:00,2025-12-18 08:45:00+00:00,1.1744999999999999,2025-12-18 09:30:00+00:00,1.1739385714285715,SL,1.1739985714285714,1.1753228571428571,4,4.414285714285371,-4.414285714284816,0.8,0.4,0.7,-6.314285714283796,-1.4304207116497432,STRONG_BULL__LOW_VOL,LONDON,2025,{'atr': 0.0002942857142856914},RANGE_TO_TREND,27.371696676915423,1,128,EURUSD,RANGE_TO_TREND_TFPB_V1,1,2025-12-18 08:30:00+00:00,1.1744999999999999,2025-12-18 09:00:00+00:00,1.1748214285714285,TP,1.1739985714285714,1.1748814285714284,2,4.414285714285371,4.414285714284816,0.8,0.4,0.7,2.514285714285836,0.5695792878969309,STRONG_BULL__LOW_VOL,LONDON,2025,"{'transition_quality': 'STRONG', 'adx_delta': 10.66642665937265}",-1.9999999995466742
547,EURUSD,TF_PB,-1,2025-12-19 10:15:00+00:00,2025-12-19 10:30:00+00:00,1.17111,2025-12-19 15:45:00+00:00,1.171992857142857,SL,1.171932857142857,1.1696442857142857,22,7.628571428571444,-7.628571428570652,0.8,0.4,0.7,-9.52857142856963,-1.2490636702480118,STRONG_BEAR__LOW_VOL,LONDON,2025,{'atr': 0.0005085714285714296},RANGE_TO_TREND,41.59581435032533,-1,129,EURUSD,RANGE_TO_TREND_TFPB_V1,-1,2025-12-19 10:15:00+00:00,1.17111,2025-12-19 15:15:00+00:00,1.170467142857143,TP,1.171932857142857,1.170407142857143,20,7.628571428571444,7.628571428570652,0.8,0.4,0.7,5.728571428571672,0.750936329489608,STRONG_BEAR__LOW_VOL,LONDON,2025,"{'transition_quality': 'STRONG', 'adx_delta': 22.44207574511643}",-1.9999999997376197
555,EURUSD,TF_PB,-1,2026-01-09 11:00:00+00:00,2026-01-09 11:15:00+00:00,1.16472,2026-01-09 15:30:00+00:00,1.1656142857142857,SL,1.1655542857142858,1.1632914285714286,18,7.542857142857311,-7.742857142858384,0.8,0.4,0.7,-9.642857142857363,-1.2784090907396055,STRONG_BEAR__NORMAL_VOL,LONDON,2026,{'atr': 0.0005028571428571541},RANGE_TO_TREND,35.96896082848069,-1,131,EURUSD,RANGE_TO_TREND_TFPB_V1,-1,2026-01-09 11:00:00+00:00,1.16472,2026-01-09 12:00:00+00:00,1.1641057142857143,TP,1.1655542857142858,1.1640457142857144,4,7.542857142857311,7.342857142855763,0.8,0.4,0.7,5.442857142856783,0.72159090899518,STRONG_BEAR__NORMAL_VOL,LONDON,2026,"{'transition_quality': 'STRONG', 'adx_delta': 21.51241865480676}",-1.9999999997347855
558,EURUSD,TF_PB,1,2026-01-13 13:00:00+00:00,2026-01-13 13:15:00+00:00,1.16672,2026-01-13 14:45:00+00:00,1.1658585714285714,SL,1.1659185714285714,1.1681428571428571,7,7.414285714285754,-7.414285714286706,0.8,0.4,0.7,-9.314285714285685,-1.2562620422197612,STRONG_BULL__LOW_VOL,OVERLAP,2026,{'atr': 0.000494285714285717},RANGE_TO_TREND,30.57785695340036,1,132,EURUSD,RANGE_TO_TREND_TFPB_V1,1,2026-01-13 13:00:00+00:00,1.16672,2026-01-13 14:45:00+00:00,1.1658585714285714,SL,1.1659185714285714,1.1674014285714287,7,7.414285714285754,-7.414285714286706,0.8,0.4,0.7,-9.314285714285685,-1.2562620422197612,STRONG_BULL__LOW_VOL,OVERLAP,2026,"{'transition_quality': 'STRONG', 'adx_delta': 17.594409268775067}",0.0
564,EURUSD,TF_PB,-1,2026-01-22 07:30:00+00:00,2026-01-22 07:45:00+00:00,1.1686,2026-01-22 09:30:00+00:00,1.1692835714285714,SL,1.1692235714285715,1.1675328571428572,8,5.635714285714331,-5.6357142857144105,0.8,0.4,0.7,-7.53571428571339,-1.3371356144647237,STRONG_BEAR__CONTRACTION,LONDON,2026,{'atr': 0.00037571428571428874},RANGE_TO_TREND,30.120211566962606,-1,134,EURUSD,RANGE_TO_TREND_TFPB_V1,-1,2026-01-22 07:30:00+00:00,1.1686,2026-01-22 09:30:00+00:00,1.1692835714285714,SL,1.1692235714285715,1.1680964285714286,8,5.635714285714331,-5.6357142857144105,0.8,0.4,0.7,-7.53571428571339,-1.3371356144647237,STRONG_BEAR__CONTRACTION,LONDON,2026,"{'transition_quality': 'STRONG', 'adx_delta': 13.147860641920342}",0.0
599,EURUSD,TF_PB,-1,2026-03-26 09:15:00+00:00,2026-03-26 09:30:00+00:00,1.15577,2026-03-26 13:30:00+00:00,1.153965714285714,TP,1.1567921428571428,1.153905714285714,17,9.621428571428558,19.242857142858227,0.8,0.4,0.7,17.34285714285925,1.8025241275040422,STRONG_BEAR__NORMAL_VOL,LONDON,2026,{'atr': 0.0006414285714285706},RANGE_TO_TREND,24.199944410105452,-1,140,EURUSD,RANGE_TO_TREND_TFPB_V1,-1,2026-03-26 09:15:00+00:00,1.15577,2026-03-26 10:00:00+00:00,1.154927857142857,TP,1.1567921428571428,1.154867857142857,3,9.621428571428558,9.621428571429114,0.8,0.4,0.7,7.721428571430134,0.802524127607919,STRONG_BEAR__NORMAL_VOL,LONDON,2026,"{'transition_quality': 'STRONG', 'adx_delta': 10.974311605888783}",0.9999999998961232
628,EURUSD,TF_PB,-1,2026-05-12 14:45:00+00:00,2026-05-12 15:00:00+00:00,1.17431,2026-05-12 18:15:00+00:00,1.1725892857142857,TP,1.175290357142857,1.1725292857142857,14,9.203571428571296,18.407142857141956,0.8,0.4,0.7,16.507142857142977,1.7935584010469166,STRONG_BEAR__LOW_VOL,OVERLAP,2026,{'atr': 0.0006135714285714197},RANGE_TO_TREND,30.35172972461859,-1,145,EURUSD,RANGE_TO_TREND_TFPB_V1,-1,2026-05-12 14:45:00+00:00,1.17431,2026-05-12 16:15:00+00:00,1.1735096428571428,TP,1.175290357142857,1.1734496428571428,6,9.203571428571296,9.203571428570978,0.8,0.4,0.7,7.303571428571998,0.7935584011556044,STRONG_BEAR__LOW_VOL,OVERLAP,2026,"{'transition_quality': 'STRONG', 'adx_delta': 13.870422697185303}",0.9999999998913122
643,EURUSD,TF_PB,-1,2026-06-08 10:15:00+00:00,2026-06-08 10:30:00+00:00,1.1522700000000001,2026-06-08 12:15:00+00:00,1.1502514285714287,TP,1.1533992857142858,1.1501914285714288,8,10.692857142857012,21.38571428571323,0.8,0.4,0.7,19.485714285714252,1.822311289074753,STRONG_BEAR__NORMAL_VOL,LONDON,2026,{'atr': 0.0007128571428571341},RANGE_TO_TREND,23.205812414359855,-1,149,EURUSD,RANGE_TO_TREND_TFPB_V1,-1,2026-06-08 10:15:00+00:00,1.1522700000000001,2026-06-08 11:30:00+00:00,1.1513207142857143,TP,1.1533992857142858,1.1512607142857143,5,10.692857142857012,10.692857142857726,0.8,0.4,0.7,8.792857142858747,0.8223112891684142,STRONG_BEAR__NORMAL_VOL,LONDON,2026,"{'transition_quality': 'STRONG', 'adx_delta': 14.721261856156342}",0.9999999999063388
651,EURUSD,TF_PB,-1,2026-06-23 09:30:00+00:00,2026-06-23 09:45:00+00:00,1.14214,2026-06-23 10:00:00+00:00,1.1429810714285713,SL,1.1429210714285714,1.140757857142857,2,7.2107142857141815,-7.210714285714737,0.8,0.4,0.7,-9.110714285713716,-1.263496780409162,STRONG_BEAR__LOW_VOL,LONDON,2026,{'atr': 0.00048071428571427877},RANGE_TO_TREND,23.027349573646,-1,151,EURUSD,RANGE_TO_TREND_TFPB_V1,-1,2026-06-23 09:30:00+00:00,1.14214,2026-06-23 10:00:00+00:00,1.1429810714285713,SL,1.1429210714285714,1.1414789285714284,2,7.2107142857141815,-7.210714285714737,0.8,0.4,0.7,-9.110714285713716,-1.263496780409162,STRONG_BEAR__LOW_VOL,LONDON,2026,"{'transition_quality': 'MODERATE', 'adx_delta': 8.55276708360729}",0.0
674,EURUSD,TF_PB,1,2026-08-21 14:00:00+00:00,2026-08-21 14:15:00+00:00,1.17047,2026-08-21 15:15:00+00:00,1.1694282142857142,SL,1.1694882142857141,1.1722235714285714,5,9.117857142857636,-9.217857142858055,0.8,0.4,0.7,-11.117857142857034,-1.2193497844333658,STRONG_BULL__NORMAL_VOL,OVERLAP,2026,{'atr': 0.0006078571428571758},RANGE_TO_TREND,33.20445323167975,1,154,EURUSD,RANGE_TO_TREND_TFPB_V1,1,2026-08-21 14:00:00+00:00,1.17047,2026-08-21 15:15:00+00:00,1.1694282142857142,SL,1.1694882142857141,1.1713117857142856,5,9.117857142857636,-9.217857142858055,0.8,0.4,0.7,-11.117857142857034,-1.2193497844333658,STRONG_BULL__NORMAL_VOL,OVERLAP,2026,"{'transition_quality': 'STRONG', 'adx_delta': 13.902109351129031}",0.0
