trade_id,symbol,strategy_name,direction,signal_time,entry_time,entry_price,exit_time,exit_price,exit_reason,stop_loss,take_profit,holding_bars,risk_pips,pnl_gross_pips,spread_cost_pips,slippage_cost_pips,commission_pips,pnl_net_pips,pnl_r_multiple,regime,session,year,metadata
1,EURUSD,RANGE_TO_TREND_TFPB_V1,1,2023-01-20 09:00:00+00:00,2023-01-20 09:15:00+00:00,1.08344,2023-01-20 09:15:00+00:00,1.084154642857143,TP,1.0825453571428572,1.0842146428571429,1,8.346428571428769,8.346428571428532,0.8,0.4,0.7,6.446428571429553,0.7723577234847976,WEAK_BULL__LOW_VOL,LONDON,2023,"{'transition_quality': 'STRONG', 'adx_delta': 16.664901515594487}"
2,EURUSD,RANGE_TO_TREND_TFPB_V1,-1,2023-02-07 11:15:00+00:00,2023-02-07 11:30:00+00:00,1.07232,2023-02-07 13:15:00+00:00,1.0707149999999999,TP,1.0741049999999999,1.070655,8,17.249999999999766,17.249999999999766,0.8,0.4,0.7,15.350000000000787,0.88985507241224,STRONG_BEAR__NORMAL_VOL,LONDON,2023,"{'transition_quality': 'MODERATE', 'adx_delta': 8.378613570263951}"
3,EURUSD,RANGE_TO_TREND_TFPB_V1,1,2023-02-14 04:00:00+00:00,2023-02-14 04:15:00+00:00,1.0730199999999999,2023-02-14 06:15:00+00:00,1.0736085714285715,TP,1.0722714285714285,1.0736685714285714,9,6.985714285713659,7.085714285715028,0.8,0.4,0.7,5.185714285716048,0.742331288237613,STRONG_BULL__CONTRACTION,ASIAN,2023,"{'transition_quality': 'STRONG', 'adx_delta': 18.219408159737124}"
4,EURUSD,RANGE_TO_TREND_TFPB_V1,-1,2023-02-27 07:00:00+00:00,2023-02-27 07:15:00+00:00,1.0546600000000002,2023-02-27 07:15:00+00:00,1.0541621428571428,TP,1.055357857142857,1.0541021428571429,1,6.278571428571403,6.178571428572255,0.8,0.4,0.7,4.278571428573275,0.6814562001192913,STRONG_BEAR__LOW_VOL,LONDON,2023,"{'transition_quality': 'STRONG', 'adx_delta': 15.647515640119975}"
5,EURUSD,RANGE_TO_TREND_TFPB_V1,1,2023-03-01 22:30:00+00:00,2023-03-01 22:45:00+00:00,1.06627,2023-03-01 23:30:00+00:00,1.067029642857143,TP,1.0653303571428572,1.067089642857143,4,8.796428571428386,8.79642857142926,0.8,0.4,0.7,6.89642857143028,0.7840032479825408,WEAK_BULL__CONTRACTION,NY_LATE,2023,"{'transition_quality': 'STRONG', 'adx_delta': 11.403536631112546}"
6,EURUSD,RANGE_TO_TREND_TFPB_V1,-1,2023-03-16 15:15:00+00:00,2023-03-16 15:30:00+00:00,1.05755,2023-03-16 15:45:00+00:00,1.0603075,SL,1.0602475,1.0549525000000002,2,26.47499999999977,-26.375000000000703,0.8,0.4,0.7,-28.274999999999682,-1.0679886685148985,STRONG_BEAR__LOW_VOL,OVERLAP,2023,"{'transition_quality': 'STRONG', 'adx_delta': 10.78389725551187}"
7,EURUSD,RANGE_TO_TREND_TFPB_V1,1,2023-03-22 04:00:00+00:00,2023-03-22 04:15:00+00:00,1.07735,2023-03-22 04:45:00+00:00,1.0765635714285715,SL,1.0766235714285715,1.0779564285714287,3,6.664285714285599,-6.664285714286233,0.8,0.4,0.7,-8.564285714285212,-1.2851018218864267,STRONG_BULL__CONTRACTION,ASIAN,2023,"{'transition_quality': 'STRONG', 'adx_delta': 14.073432814486067}"
8,EURUSD,RANGE_TO_TREND_TFPB_V1,1,2023-04-12 06:00:00+00:00,2023-04-12 06:15:00+00:00,1.09222,2023-04-12 07:45:00+00:00,1.092762142857143,TP,1.091497857142857,1.092822142857143,7,6.621428571428889,6.621428571429444,0.8,0.4,0.7,4.721428571430464,0.7130528585764896,STRONG_BULL__LOW_VOL,ASIAN,2023,"{'transition_quality': 'STRONG', 'adx_delta': 31.63849343823935}"
9,EURUSD,RANGE_TO_TREND_TFPB_V1,1,2023-04-14 01:30:00+00:00,2023-04-14 01:45:00+00:00,1.1049,2023-04-14 03:00:00+00:00,1.1051625,TP,1.1044575,1.1052225,6,3.8250000000000783,3.8249999999995232,0.8,0.4,0.7,1.9250000000005436,0.5032679737247676,STRONG_BULL__CONTRACTION,ASIAN,2023,"{'transition_quality': 'STRONG', 'adx_delta': 22.029608294671856}"
10,EURUSD,RANGE_TO_TREND_TFPB_V1,1,2023-04-19 05:45:00+00:00,2023-04-19 06:00:00+00:00,1.09745,2023-04-19 07:45:00+00:00,1.0966817857142859,SL,1.0967417857142858,1.0980382142857144,8,6.482142857142975,-6.482142857142659,0.8,0.4,0.7,-8.382142857141638,-1.293112947458702,WEAK_BULL__LOW_VOL,ASIAN,2023,"{'transition_quality': 'STRONG', 'adx_delta': 14.233530232434951}"
11,EURUSD,RANGE_TO_TREND_TFPB_V1,-1,2023-05-19 06:30:00+00:00,2023-05-19 06:45:00+00:00,1.07688,2023-05-19 07:30:00+00:00,1.0762528571428571,TP,1.0776671428571427,1.0761928571428572,4,7.371428571428568,7.471428571428351,0.8,0.4,0.7,5.571428571429371,0.755813953385948,STRONG_BEAR__NORMAL_VOL,ASIAN,2023,"{'transition_quality': 'STRONG', 'adx_delta': 19.379187595165835}"
12,EURUSD,RANGE_TO_TREND_TFPB_V1,-1,2023-05-23 11:45:00+00:00,2023-05-23 12:00:00+00:00,1.08027,2023-05-23 12:30:00+00:00,1.0789960714285713,TP,1.0817239285714286,1.0789360714285714,3,13.939285714285914,13.939285714286154,0.8,0.4,0.7,12.039285714287175,0.8636945938402578,STRONG_BEAR__HIGH_VOL,OVERLAP,2023,"{'transition_quality': 'STRONG', 'adx_delta': 10.43288841393678}"
13,EURUSD,RANGE_TO_TREND_TFPB_V1,-1,2023-05-24 01:00:00+00:00,2023-05-24 01:15:00+00:00,1.077,2023-05-24 05:15:00+00:00,1.0776142857142856,SL,1.0775542857142857,1.0765857142857143,17,4.84285714285699,-4.942857142857804,0.8,0.4,0.7,-6.842857142856784,-1.4129793507406532,STRONG_BEAR__CONTRACTION,ASIAN,2023,"{'transition_quality': 'STRONG', 'adx_delta': 15.599982545767215}"
14,EURUSD,RANGE_TO_TREND_TFPB_V1,1,2023-06-16 08:30:00+00:00,2023-06-16 08:45:00+00:00,1.0944,2023-06-16 09:15:00+00:00,1.0948514285714286,TP,1.0937885714285713,1.0949114285714285,3,5.614285714285382,5.7142857142844505,0.8,0.4,0.7,3.8142857142854707,0.6793893128560853,WEAK_BULL__LOW_VOL,LONDON,2023,"{'transition_quality': 'STRONG', 'adx_delta': 20.44570141320173}"
15,EURUSD,RANGE_TO_TREND_TFPB_V1,1,2023-06-22 10:15:00+00:00,2023-06-22 10:30:00+00:00,1.09917,2023-06-22 10:30:00+00:00,1.0998035714285714,TP,1.0983764285714288,1.0998635714285714,1,7.435714285713276,7.535714285713535,0.8,0.4,0.7,5.635714285714555,0.7579250719443182,STRONG_BULL__LOW_VOL,LONDON,2023,"{'transition_quality': 'MODERATE', 'adx_delta': 7.352046466042234}"
16,EURUSD,RANGE_TO_TREND_TFPB_V1,1,2023-06-22 10:30:00+00:00,2023-06-22 10:45:00+00:00,1.0998999999999999,2023-06-22 11:30:00+00:00,1.0989110714285715,SL,1.0989710714285714,1.1007089285714284,4,8.689285714284829,-8.689285714285067,0.8,0.4,0.7,-10.589285714284046,-1.2186600902830291,STRONG_BULL__LOW_VOL,LONDON,2023,"{'transition_quality': 'MODERATE', 'adx_delta': 7.263959919653052}"
17,EURUSD,RANGE_TO_TREND_TFPB_V1,-1,2023-06-26 12:45:00+00:00,2023-06-26 13:00:00+00:00,1.0896000000000001,2023-06-26 13:15:00+00:00,1.0907667857142858,SL,1.0907067857142858,1.0886132142857143,2,10.467857142856728,-10.467857142857362,0.8,0.4,0.7,-12.36785714285634,-1.1815080176284853,STRONG_BEAR__NORMAL_VOL,OVERLAP,2023,"{'transition_quality': 'STRONG', 'adx_delta': 18.76067184104437}"
18,EURUSD,RANGE_TO_TREND_TFPB_V1,1,2023-06-28 03:00:00+00:00,2023-06-28 03:15:00+00:00,1.09613,2023-06-28 03:30:00+00:00,1.09559,SL,1.09565,1.0964900000000002,2,4.1999999999999185,-4.20000000000087,0.8,0.4,0.7,-6.0999999999998495,-1.4523809520351398,WEAK_BULL__CONTRACTION,ASIAN,2023,"{'transition_quality': 'STRONG', 'adx_delta': 10.091930503598846}"
19,EURUSD,RANGE_TO_TREND_TFPB_V1,-1,2023-07-04 14:45:00+00:00,2023-07-04 15:00:00+00:00,1.0897700000000001,2023-07-04 17:15:00+00:00,1.0907417857142858,SL,1.0906817857142859,1.0889782142857143,10,8.517857142857036,-8.51785714285791,0.8,0.4,0.7,-10.417857142856889,-1.2230607965021,STRONG_BEAR__NORMAL_VOL,OVERLAP,2023,"{'transition_quality': 'STRONG', 'adx_delta': 17.399001925264947}"
20,EURUSD,RANGE_TO_TREND_TFPB_V1,-1,2023-07-19 16:15:00+00:00,2023-07-19 16:30:00+00:00,1.12133,2023-07-19 17:00:00+00:00,1.1203260714285712,TP,1.1225139285714285,1.1202660714285713,3,11.239285714285357,11.239285714286229,0.8,0.4,0.7,9.33928571428725,0.8309501111432626,STRONG_BEAR__NORMAL_VOL,NY_LATE,2023,"{'transition_quality': 'STRONG', 'adx_delta': 17.51405085938662}"
21,EURUSD,RANGE_TO_TREND_TFPB_V1,-1,2023-08-03 16:30:00+00:00,2023-08-03 16:45:00+00:00,1.09191,2023-08-03 17:15:00+00:00,1.0940699999999997,SL,1.0940099999999997,1.08993,3,20.399999999999228,-20.399999999998197,0.8,0.4,0.7,-22.299999999997176,-1.0931372548482785,WEAK_BEAR__HIGH_VOL,NY_LATE,2023,"{'transition_quality': 'STRONG', 'adx_delta': 23.176522866892892}"
22,EURUSD,RANGE_TO_TREND_TFPB_V1,1,2023-08-08 00:45:00+00:00,2023-08-08 01:00:00+00:00,1.10039,2023-08-08 03:00:00+00:00,1.0998328571428573,SL,1.0998928571428572,1.1007671428571428,9,4.371428571428898,-4.3714285714280265,0.8,0.4,0.7,-6.271428571427006,-1.4346405225471661,WEAK_BULL__CONTRACTION,ASIAN,2023,"{'transition_quality': 'MODERATE', 'adx_delta': 6.773086796478363}"
23,EURUSD,RANGE_TO_TREND_TFPB_V1,-1,2023-08-11 17:45:00+00:00,2023-08-11 18:00:00+00:00,1.09717,2023-08-11 19:45:00+00:00,1.0951064285714285,TP,1.0994135714285713,1.0950464285714285,8,21.83571428571388,21.83571428571396,0.8,0.4,0.7,19.93571428571498,0.9129865881165623,STRONG_BEAR__NORMAL_VOL,NY_LATE,2023,"{'transition_quality': 'MODERATE', 'adx_delta': 8.725394751043256}"
24,EURUSD,RANGE_TO_TREND_TFPB_V1,1,2023-08-30 15:00:00+00:00,2023-08-30 15:15:00+00:00,1.08864,2023-08-30 15:15:00+00:00,1.0897392857142858,TP,1.0873607142857145,1.0897992857142857,1,12.192857142856846,12.19285714285645,0.8,0.4,0.7,10.292857142857471,0.84417106027059,STRONG_BULL__NORMAL_VOL,OVERLAP,2023,"{'transition_quality': 'STRONG', 'adx_delta': 18.097856515975174}"
25,EURUSD,RANGE_TO_TREND_TFPB_V1,-1,2023-09-07 22:45:00+00:00,2023-09-07 23:00:00+00:00,1.06943,2023-09-08 03:00:00+00:00,1.0702639285714286,SL,1.0702039285714287,1.0687960714285716,17,7.039285714285438,-7.139285714286014,0.8,0.4,0.7,-9.039285714284993,-1.2841197359920566,STRONG_BEAR__CONTRACTION,NY_LATE,2023,"{'transition_quality': 'STRONG', 'adx_delta': 16.142194311771384}"
26,EURUSD,RANGE_TO_TREND_TFPB_V1,-1,2023-09-18 16:45:00+00:00,2023-09-18 17:00:00+00:00,1.0661800000000001,2023-09-18 17:30:00+00:00,1.067232857142857,SL,1.0671728571428571,1.0652871428571429,3,9.428571428571342,-9.328571428570687,0.8,0.4,0.7,-11.228571428569666,-1.1909090907826063,STRONG_BEAR__LOW_VOL,NY_LATE,2023,"{'transition_quality': 'STRONG', 'adx_delta': 12.124050601753575}"
27,EURUSD,RANGE_TO_TREND_TFPB_V1,1,2023-09-20 15:45:00+00:00,2023-09-20 16:00:00+00:00,1.06986,2023-09-20 16:00:00+00:00,1.0705117857142856,TP,1.0690482142857143,1.0705717857142856,1,7.617857142857327,7.717857142854889,0.8,0.4,0.7,5.817857142855909,0.763713080068343,STRONG_BULL__LOW_VOL,NY_LATE,2023,"{'transition_quality': 'STRONG', 'adx_delta': 24.007689087574086}"
28,EURUSD,RANGE_TO_TREND_TFPB_V1,1,2023-09-29 04:00:00+00:00,2023-09-29 04:15:00+00:00,1.05701,2023-09-29 04:45:00+00:00,1.0573507142857144,TP,1.0564292857142858,1.0574107142857143,3,4.907142857142888,4.607142857142588,0.8,0.4,0.7,2.707142857143608,0.551673944574772,WEAK_BULL__CONTRACTION,ASIAN,2023,"{'transition_quality': 'STRONG', 'adx_delta': 24.206533912059307}"
29,EURUSD,RANGE_TO_TREND_TFPB_V1,1,2023-10-06 10:15:00+00:00,2023-10-06 10:30:00+00:00,1.05439,2023-10-06 10:30:00+00:00,1.0549146428571428,TP,1.0536653571428571,1.0549746428571427,1,6.546428571428398,6.446428571427187,0.8,0.4,0.7,4.5464285714282076,0.6944899071497407,WEAK_BULL__LOW_VOL,LONDON,2023,"{'transition_quality': 'MODERATE', 'adx_delta': 6.71728419607226}"
30,EURUSD,RANGE_TO_TREND_TFPB_V1,1,2023-10-06 11:30:00+00:00,2023-10-06 11:45:00+00:00,1.05498,2023-10-06 13:00:00+00:00,1.0557307142857144,TP,1.0540292857142857,1.0557907142857144,6,8.807142857142505,8.707142857142802,0.8,0.4,0.7,6.807142857143822,0.7729115976414969,STRONG_BULL__NORMAL_VOL,LONDON,2023,"{'transition_quality': 'MODERATE', 'adx_delta': 9.055979469285514}"
31,EURUSD,RANGE_TO_TREND_TFPB_V1,1,2023-10-11 11:30:00+00:00,2023-10-11 11:45:00+00:00,1.06122,2023-10-11 15:30:00+00:00,1.0595742857142858,SL,1.0596342857142858,1.0626857142857145,16,15.257142857142652,-15.257142857143524,0.8,0.4,0.7,-17.157142857142503,-1.124531835132279,STRONG_BULL__HIGH_VOL,LONDON,2023,"{'transition_quality': 'MODERATE', 'adx_delta': 9.804870348720415}"
32,EURUSD,RANGE_TO_TREND_TFPB_V1,-1,2023-10-13 16:00:00+00:00,2023-10-13 16:15:00+00:00,1.05273,2023-10-13 17:00:00+00:00,1.0515225,TP,1.0541174999999998,1.0514625,4,13.27500000000013,13.27499999999926,0.8,0.4,0.7,11.37500000000028,0.8568738229109827,WEAK_BEAR__NORMAL_VOL,NY_LATE,2023,"{'transition_quality': 'STRONG', 'adx_delta': 23.358455754276786}"
33,EURUSD,RANGE_TO_TREND_TFPB_V1,-1,2023-10-13 20:45:00+00:00,2023-10-13 21:00:00+00:00,1.05045,2023-10-16 00:30:00+00:00,1.051784642857143,SL,1.0516446428571429,1.0493753571428572,15,11.346428571428914,-11.346428571428202,0.8,0.4,0.7,-14.046428571427981,-1.2379603398341477,STRONG_BEAR__NORMAL_VOL,NY_LATE,2023,"{'transition_quality': 'STRONG', 'adx_delta': 17.00737864503446}"
34,EURUSD,RANGE_TO_TREND_TFPB_V1,-1,2023-10-19 01:30:00+00:00,2023-10-19 01:45:00+00:00,1.05372,2023-10-19 03:15:00+00:00,1.0534371428571427,TP,1.054182857142857,1.0533771428571428,7,4.028571428572127,4.028571428571492,0.8,0.4,0.7,2.1285714285725126,0.5283687941952633,WEAK_BEAR__CONTRACTION,ASIAN,2023,"{'transition_quality': 'STRONG', 'adx_delta': 23.50210011209213}"
35,EURUSD,RANGE_TO_TREND_TFPB_V1,1,2023-10-23 02:15:00+00:00,2023-10-23 02:30:00+00:00,1.05924,2023-10-23 03:00:00+00:00,1.058714285714286,SL,1.058774285714286,1.0596057142857143,3,4.157142857142256,-4.057142857141205,0.8,0.4,0.7,-5.957142857140185,-1.4329896903765083,WEAK_BULL__CONTRACTION,ASIAN,2023,"{'transition_quality': 'MODERATE', 'adx_delta': 6.4820401514376655}"
36,EURUSD,RANGE_TO_TREND_TFPB_V1,-1,2023-10-26 18:00:00+00:00,2023-10-26 18:15:00+00:00,1.0538800000000001,2023-10-26 21:30:00+00:00,1.0558589285714286,SL,1.0557989285714287,1.0520810714285715,14,18.589285714285687,-18.58928571428553,0.8,0.4,0.7,-20.48928571428451,-1.10220941396562,STRONG_BEAR__HIGH_VOL,NY_LATE,2023,"{'transition_quality': 'STRONG', 'adx_delta': 17.33492342606717}"
37,EURUSD,RANGE_TO_TREND_TFPB_V1,-1,2023-12-06 03:45:00+00:00,2023-12-06 04:00:00+00:00,1.07914,2023-12-06 05:15:00+00:00,1.0799007142857142,SL,1.0798407142857143,1.0785592857142856,6,6.4071428571429605,-6.407142857143278,0.8,0.4,0.7,-8.307142857142257,-1.2965440354719966,STRONG_BEAR__CONTRACTION,ASIAN,2023,"{'transition_quality': 'STRONG', 'adx_delta': 17.602679328292126}"
38,EURUSD,RANGE_TO_TREND_TFPB_V1,-1,2023-12-06 17:15:00+00:00,2023-12-06 17:30:00+00:00,1.07875,2023-12-06 20:15:00+00:00,1.0774842857142857,TP,1.0801757142857142,1.0774242857142857,12,13.757142857143055,13.857142857143234,0.8,0.4,0.7,11.957142857144255,0.8691588784415832,WEAK_BEAR__NORMAL_VOL,NY_LATE,2023,"{'transition_quality': 'STRONG', 'adx_delta': 10.007805926342336}"
39,EURUSD,RANGE_TO_TREND_TFPB_V1,-1,2023-12-07 08:00:00+00:00,2023-12-07 08:15:00+00:00,1.07607,2023-12-07 08:30:00+00:00,1.0767028571428572,SL,1.0766428571428572,1.0756571428571426,2,4.928571428571837,-5.128571428572037,0.8,0.4,0.7,-7.028571428571017,-1.4260869562321863,STRONG_BEAR__LOW_VOL,LONDON,2023,"{'transition_quality': 'STRONG', 'adx_delta': 35.50856154862901}"
40,EURUSD,RANGE_TO_TREND_TFPB_V1,-1,2023-12-29 05:00:00+00:00,2023-12-29 05:15:00+00:00,1.1069,2023-12-29 07:00:00+00:00,1.1063782142857141,TP,1.1076017857142857,1.1063182142857142,8,6.417857142857554,6.417857142857475,0.8,0.4,0.7,4.517857142858495,0.7039510293840797,WEAK_BEAR__CONTRACTION,ASIAN,2023,"{'transition_quality': 'STRONG', 'adx_delta': 40.99147822162192}"
41,EURUSD,RANGE_TO_TREND_TFPB_V1,-1,2024-01-04 03:15:00+00:00,2024-01-04 03:30:00+00:00,1.09185,2024-01-04 05:15:00+00:00,1.0926553571428572,SL,1.0925953571428573,1.091204642857143,8,6.953571428571305,-6.853571428573346,0.8,0.4,0.7,-8.753571428572325,-1.2588597841026266,STRONG_BEAR__CONTRACTION,ASIAN,2024,"{'transition_quality': 'STRONG', 'adx_delta': 14.931677161314722}"
42,EURUSD,RANGE_TO_TREND_TFPB_V1,-1,2024-01-10 09:45:00+00:00,2024-01-10 10:00:00+00:00,1.09257,2024-01-10 10:15:00+00:00,1.0935535714285713,SL,1.0934935714285714,1.0917664285714286,2,8.635714285714476,-8.63571428571408,0.8,0.4,0.7,-10.535714285713059,-1.2200165424557432,STRONG_BEAR__LOW_VOL,LONDON,2024,"{'transition_quality': 'MODERATE', 'adx_delta': 8.837210369391865}"
43,EURUSD,RANGE_TO_TREND_TFPB_V1,-1,2024-01-29 20:00:00+00:00,2024-01-29 20:15:00+00:00,1.08097,2024-01-29 21:30:00+00:00,1.0819482142857142,SL,1.0818882142857142,1.0801717857142856,6,8.58214285714222,-8.582142857143094,0.8,0.4,0.7,-10.482142857142073,-1.2213899291127794,WEAK_BEAR__LOW_VOL,NY_LATE,2024,"{'transition_quality': 'STRONG', 'adx_delta': 16.381791766260775}"
44,EURUSD,RANGE_TO_TREND_TFPB_V1,1,2024-01-31 17:45:00+00:00,2024-01-31 18:00:00+00:00,1.08618,2024-01-31 19:15:00+00:00,1.0842610714285714,SL,1.0843210714285714,1.0879189285714286,6,17.989285714285565,-17.98928571428604,0.8,0.4,0.7,-19.88928571428502,-1.1056184236033906,STRONG_BULL__HIGH_VOL,NY_LATE,2024,"{'transition_quality': 'STRONG', 'adx_delta': 35.523154546222756}"
45,EURUSD,RANGE_TO_TREND_TFPB_V1,1,2024-02-02 10:45:00+00:00,2024-02-02 11:00:00+00:00,1.08799,2024-02-02 11:15:00+00:00,1.0888503571428572,TP,1.086949642857143,1.088910357142857,2,9.80357142857118,9.803571428570468,0.8,0.4,0.7,7.903571428571488,0.8061930782420177,STRONG_BULL__LOW_VOL,LONDON,2024,"{'transition_quality': 'MODERATE', 'adx_delta': 9.308334092430755}"
46,EURUSD,RANGE_TO_TREND_TFPB_V1,1,2024-02-07 16:30:00+00:00,2024-02-07 16:45:00+00:00,1.07755,2024-02-07 17:00:00+00:00,1.0763757142857144,SL,1.0764357142857144,1.0785442857142857,2,10.542857142856981,-10.542857142856743,0.8,0.4,0.7,-12.442857142855722,-1.1802168020559602,STRONG_BULL__LOW_VOL,NY_LATE,2024,"{'transition_quality': 'STRONG', 'adx_delta': 18.608164505696493}"
47,EURUSD,RANGE_TO_TREND_TFPB_V1,-1,2024-02-12 23:00:00+00:00,2024-02-12 23:15:00+00:00,1.0771600000000001,2024-02-13 00:00:00+00:00,1.0766889285714283,TP,1.0778610714285715,1.0765989285714284,4,6.310714285714471,6.210714285717067,0.8,0.4,0.7,4.010714285718342,0.6355404639633003,STRONG_BEAR__CONTRACTION,NY_LATE,2024,"{'transition_quality': 'MODERATE', 'adx_delta': 9.929379381226362}"
48,EURUSD,RANGE_TO_TREND_TFPB_V1,-1,2024-02-14 09:45:00+00:00,2024-02-14 10:00:00+00:00,1.0707,2024-02-14 10:00:00+00:00,1.0701696428571428,TP,1.071410357142857,1.0701096428571428,1,6.503571428571211,6.503571428571053,0.8,0.4,0.7,4.6035714285720735,0.7078528280077017,WEAK_BEAR__LOW_VOL,LONDON,2024,"{'transition_quality': 'STRONG', 'adx_delta': 17.05836291329338}"
49,EURUSD,RANGE_TO_TREND_TFPB_V1,1,2024-02-27 02:15:00+00:00,2024-02-27 02:30:00+00:00,1.0849799999999998,2024-02-27 03:00:00+00:00,1.0844960714285714,SL,1.0845560714285714,1.0853039285714285,3,3.7392857142861833,-3.6392857142852897,0.8,0.4,0.7,-5.5392857142842695,-1.4813753577694515,WEAK_BULL__CONTRACTION,ASIAN,2024,"{'transition_quality': 'MODERATE', 'adx_delta': 8.27737221645101}"
50,EURUSD,RANGE_TO_TREND_TFPB_V1,1,2024-02-29 16:30:00+00:00,2024-02-29 16:45:00+00:00,1.0844099999999999,2024-02-29 17:00:00+00:00,1.0855082142857142,TP,1.0831317857142857,1.0855682142857142,2,12.182142857142013,12.182142857142253,0.8,0.4,0.7,10.282142857143274,0.8440340075532062,STRONG_BULL__HIGH_VOL,NY_LATE,2024,"{'transition_quality': 'STRONG', 'adx_delta': 14.677984669759939}"
51,EURUSD,RANGE_TO_TREND_TFPB_V1,1,2024-03-04 09:30:00+00:00,2024-03-04 09:45:00+00:00,1.0849799999999998,2024-03-04 09:45:00+00:00,1.0853175,TP,1.0844624999999999,1.0853774999999999,1,4.575000000000472,4.574999999999996,0.8,0.4,0.7,2.675000000001016,0.5846994534242712,STRONG_BULL__LOW_VOL,LONDON,2024,"{'transition_quality': 'STRONG', 'adx_delta': 11.669305776399051}"
52,EURUSD,RANGE_TO_TREND_TFPB_V1,1,2024-03-04 11:00:00+00:00,2024-03-04 11:15:00+00:00,1.0846799999999999,2024-03-04 12:30:00+00:00,1.0853517857142858,TP,1.083828214285714,1.0854117857142858,6,7.917857142857627,7.91785714285842,0.8,0.4,0.7,6.01785714285944,0.7600360847035319,STRONG_BULL__LOW_VOL,LONDON,2024,"{'transition_quality': 'WEAK', 'adx_delta': 5.936066063330106}"
53,EURUSD,RANGE_TO_TREND_TFPB_V1,-1,2024-03-12 00:00:00+00:00,2024-03-12 00:15:00+00:00,1.09241,2024-03-12 01:30:00+00:00,1.0929832142857143,SL,1.0929232142857144,1.0920167857142857,6,4.532142857142572,-4.5321428571432065,0.8,0.4,0.7,-6.432142857142186,-1.4192277380634686,STRONG_BEAR__CONTRACTION,ASIAN,2024,"{'transition_quality': 'STRONG', 'adx_delta': 15.51102375817453}"
54,EURUSD,RANGE_TO_TREND_TFPB_V1,-1,2024-03-22 01:45:00+00:00,2024-03-22 02:00:00+00:00,1.08608,2024-03-22 02:15:00+00:00,1.0864924999999999,SL,1.0864325,1.0858474999999999,2,2.9249999999998915,-2.9250000000002885,0.8,0.4,0.7,-4.824999999999268,-1.649572649008504,STRONG_BEAR__CONTRACTION,ASIAN,2024,"{'transition_quality': 'STRONG', 'adx_delta': 10.238016945364294}"
55,EURUSD,RANGE_TO_TREND_TFPB_V1,1,2024-03-26 03:45:00+00:00,2024-03-26 04:00:00+00:00,1.0840999999999998,2024-03-26 04:30:00+00:00,1.0843239285714286,TP,1.0836960714285713,1.0843839285714285,3,3.4392857142851687,3.4392857142862,0.8,0.4,0.7,1.5392857142872203,0.4475597091123295,STRONG_BULL__LOW_VOL,ASIAN,2024,"{'transition_quality': 'STRONG', 'adx_delta': 29.64724447049175}"
56,EURUSD,RANGE_TO_TREND_TFPB_V1,1,2024-04-18 08:15:00+00:00,2024-04-18 08:30:00+00:00,1.06798,2024-04-18 09:00:00+00:00,1.0683732142857143,TP,1.0674067857142857,1.0684332142857143,3,5.132142857142457,5.132142857142696,0.8,0.4,0.7,3.2321428571437165,0.6297842726680386,STRONG_BULL__LOW_VOL,LONDON,2024,"{'transition_quality': 'STRONG', 'adx_delta': 16.96127401556319}"
57,EURUSD,RANGE_TO_TREND_TFPB_V1,1,2024-04-25 00:45:00+00:00,2024-04-25 01:00:00+00:00,1.069585,2024-04-25 03:00:00+00:00,1.0701867857142857,TP,1.0690532142857143,1.0702467857142857,9,5.967857142857223,7.267857142856382,0.9,0.4,0.7,5.317857142857075,0.8910831835729848,STRONG_BULL__CONTRACTION,ASIAN,2024,"{'transition_quality': 'MODERATE', 'adx_delta': 9.687722447202644}"
58,EURUSD,RANGE_TO_TREND_TFPB_V1,1,2024-04-29 21:15:00+00:00,2024-04-29 21:30:00+00:00,1.0721,2024-04-30 03:00:00+00:00,1.0712803571428573,SL,1.0713403571428572,1.072739642857143,23,6.996428571428966,-6.99642857142857,0.8,0.4,0.7,-8.896428571427549,-1.271567125902774,STRONG_BULL__CONTRACTION,NY_LATE,2024,"{'transition_quality': 'STRONG', 'adx_delta': 29.26790921363794}"
59,EURUSD,RANGE_TO_TREND_TFPB_V1,1,2024-05-06 09:30:00+00:00,2024-05-06 09:45:00+00:00,1.07646,2024-05-06 10:15:00+00:00,1.0767839285714287,TP,1.0759760714285715,1.0768439285714286,3,4.339285714286069,4.43928571428609,0.8,0.4,0.7,2.53928571428711,0.5851851850506015,WEAK_BULL__LOW_VOL,LONDON,2024,"{'transition_quality': 'STRONG', 'adx_delta': 14.078849213030326}"
60,EURUSD,RANGE_TO_TREND_TFPB_V1,1,2024-05-14 15:30:00+00:00,2024-05-14 15:45:00+00:00,1.08055,2024-05-14 16:00:00+00:00,1.0814382142857142,TP,1.0795417857142857,1.0814982142857141,2,9.782142857142944,10.082142857141818,0.8,0.4,0.7,8.18214285714284,0.8364366556282484,WEAK_BULL__HIGH_VOL,OVERLAP,2024,"{'transition_quality': 'STRONG', 'adx_delta': 11.34604706854914}"
61,EURUSD,RANGE_TO_TREND_TFPB_V1,-1,2024-05-30 09:30:00+00:00,2024-05-30 09:45:00+00:00,1.07931,2024-05-30 10:00:00+00:00,1.0798732142857144,SL,1.0798132142857144,1.0789067857142858,2,4.5321428571430475,-4.432142857144772,0.8,0.4,0.7,-6.332142857143752,-1.3971631202592358,STRONG_BEAR__LOW_VOL,LONDON,2024,"{'transition_quality': 'STRONG', 'adx_delta': 20.125695573695232}"
62,EURUSD,RANGE_TO_TREND_TFPB_V1,1,2024-06-07 07:00:00+00:00,2024-06-07 07:15:00+00:00,1.08954,2024-06-07 08:30:00+00:00,1.0890503571428571,SL,1.089110357142857,1.089849642857143,6,3.6964285714292346,-3.6964285714291556,0.8,0.4,0.7,-5.596428571428135,-1.514009661425772,STRONG_BULL__LOW_VOL,LONDON,2024,"{'transition_quality': 'MODERATE', 'adx_delta': 7.749598479746723}"
63,EURUSD,RANGE_TO_TREND_TFPB_V1,1,2024-06-19 16:00:00+00:00,2024-06-19 16:15:00+00:00,1.07472,2024-06-20 00:00:00+00:00,1.0737132142857144,SL,1.0738032142857143,1.0755367857142857,32,8.667857142856354,-8.567857142856017,0.8,0.4,0.7,-10.76785714285474,-1.2422744127118932,STRONG_BULL__NORMAL_VOL,NY_LATE,2024,"{'transition_quality': 'STRONG', 'adx_delta': 14.692262983916127}"
64,EURUSD,RANGE_TO_TREND_TFPB_V1,-1,2024-06-21 03:00:00+00:00,2024-06-21 03:15:00+00:00,1.07036,2024-06-21 03:30:00+00:00,1.0708110714285715,SL,1.0707510714285715,1.0700889285714283,2,3.310714285715039,-3.3107142857158323,0.8,0.4,0.7,-5.210714285714812,-1.5738942821565534,WEAK_BEAR__CONTRACTION,ASIAN,2024,"{'transition_quality': 'STRONG', 'adx_delta': 13.51108960745501}"
65,EURUSD,RANGE_TO_TREND_TFPB_V1,-1,2024-06-27 01:30:00+00:00,2024-06-27 01:45:00+00:00,1.06792,2024-06-27 04:15:00+00:00,1.0684410714285715,SL,1.0683810714285715,1.0675989285714285,11,3.910714285714212,-4.010714285715977,0.8,0.4,0.7,-5.910714285714957,-1.5114155247278747,WEAK_BEAR__CONTRACTION,ASIAN,2024,"{'transition_quality': 'MODERATE', 'adx_delta': 6.66489054413131}"
66,EURUSD,RANGE_TO_TREND_TFPB_V1,-1,2024-07-09 18:00:00+00:00,2024-07-09 18:15:00+00:00,1.0805500000000001,2024-07-09 19:00:00+00:00,1.0816389285714285,SL,1.0815789285714286,1.0796010714285713,4,9.889285714285315,-9.689285714284956,0.8,0.4,0.7,-11.589285714283935,-1.1719032140381005,STRONG_BEAR__LOW_VOL,NY_LATE,2024,"{'transition_quality': 'MODERATE', 'adx_delta': 8.187343994482509}"
67,EURUSD,RANGE_TO_TREND_TFPB_V1,1,2024-07-10 17:00:00+00:00,2024-07-10 17:15:00+00:00,1.08236,2024-07-10 22:45:00+00:00,1.0828185714285716,TP,1.0817214285714285,1.0828785714285716,23,5.785714285714838,5.785714285715393,0.8,0.4,0.7,3.8857142857164133,0.6716049381558287,STRONG_BULL__LOW_VOL,NY_LATE,2024,"{'transition_quality': 'MODERATE', 'adx_delta': 9.416481848144807}"
68,EURUSD,RANGE_TO_TREND_TFPB_V1,1,2024-08-07 19:00:00+00:00,2024-08-07 19:15:00+00:00,1.09267,2024-08-08 00:00:00+00:00,1.0915960714285715,SL,1.0916960714285715,1.0935239285714287,20,9.139285714285396,-9.139285714285794,0.8,0.4,0.7,-11.439285714285173,-1.2516608048649844,STRONG_BULL__LOW_VOL,NY_LATE,2024,"{'transition_quality': 'STRONG', 'adx_delta': 20.584617953145287}"
69,EURUSD,RANGE_TO_TREND_TFPB_V1,1,2024-09-05 10:00:00+00:00,2024-09-05 10:15:00+00:00,1.10863,2024-09-05 10:15:00+00:00,1.1080589285714286,SL,1.1081189285714286,1.1090210714285715,1,4.510714285714573,-4.510714285714812,0.8,0.4,0.7,-6.410714285713792,-1.4212193187662754,STRONG_BULL__LOW_VOL,LONDON,2024,"{'transition_quality': 'STRONG', 'adx_delta': 15.449589455900258}"
70,EURUSD,RANGE_TO_TREND_TFPB_V1,1,2024-09-05 10:30:00+00:00,2024-09-05 10:45:00+00:00,1.10835,2024-09-05 11:00:00+00:00,1.1087842857142858,TP,1.1076957142857145,1.1088442857142857,2,5.742857142857177,5.542857142857294,0.8,0.4,0.7,3.642857142858314,0.6343283580987003,STRONG_BULL__LOW_VOL,LONDON,2024,"{'transition_quality': 'STRONG', 'adx_delta': 20.625589791641822}"
71,EURUSD,RANGE_TO_TREND_TFPB_V1,1,2024-09-06 15:30:00+00:00,2024-09-06 15:45:00+00:00,1.11347,2024-09-06 15:45:00+00:00,1.1118714285714286,SL,1.1119314285714286,1.1148885714285715,1,14.78571428571432,-14.785714285714402,0.8,0.4,0.7,-16.68571428571338,-1.1285024153825496,STRONG_BULL__HIGH_VOL,OVERLAP,2024,"{'transition_quality': 'STRONG', 'adx_delta': 18.003118249302798}"
72,EURUSD,RANGE_TO_TREND_TFPB_V1,-1,2024-10-03 01:45:00+00:00,2024-10-03 02:00:00+00:00,1.10456,2024-10-03 03:15:00+00:00,1.1040989285714287,TP,1.1051810714285715,1.1040389285714287,6,5.710714285713395,5.810714285712226,0.8,0.4,0.7,3.9107142857132464,0.684803001756182,WEAK_BEAR__CONTRACTION,ASIAN,2024,"{'transition_quality': 'STRONG', 'adx_delta': 11.528978158445236}"
73,EURUSD,RANGE_TO_TREND_TFPB_V1,-1,2024-10-07 23:45:00+00:00,2024-10-08 00:00:00+00:00,1.0972849999999998,2024-10-08 00:00:00+00:00,1.0970250000000001,TP,1.0979,1.09688,1,5.1000000000005805,5.499999999998284,2.5,0.4,0.7,1.8999999999970492,0.3725490195341733,STRONG_BEAR__CONTRACTION,ASIAN,2024,"{'transition_quality': 'MODERATE', 'adx_delta': 8.31170465573576}"
74,EURUSD,RANGE_TO_TREND_TFPB_V1,-1,2024-10-09 02:45:00+00:00,2024-10-09 03:00:00+00:00,1.09748,2024-10-09 04:15:00+00:00,1.09709,TP,1.09805,1.09703,6,5.1000000000001044,5.1000000000001044,0.8,0.4,0.7,3.2000000000011246,0.6274509802693349,WEAK_BEAR__CONTRACTION,ASIAN,2024,"{'transition_quality': 'MODERATE', 'adx_delta': 7.335842142638409}"
75,EURUSD,RANGE_TO_TREND_TFPB_V1,-1,2024-10-09 14:00:00+00:00,2024-10-09 14:15:00+00:00,1.09633,2024-10-09 14:45:00+00:00,1.0957214285714285,TP,1.0971185714285714,1.0956614285714286,3,7.285714285713959,7.285714285714118,0.8,0.4,0.7,5.385714285715138,0.739215686173199,WEAK_BEAR__NORMAL_VOL,OVERLAP,2024,"{'transition_quality': 'MODERATE', 'adx_delta': 9.916576819939639}"
76,EURUSD,RANGE_TO_TREND_TFPB_V1,-1,2024-10-14 22:30:00+00:00,2024-10-14 22:45:00+00:00,1.09016,2024-10-14 23:15:00+00:00,1.0908910714285713,SL,1.0908310714285714,1.0896289285714287,3,6.010714285714171,-6.110714285714192,0.8,0.4,0.7,-8.01071428571317,-1.3327391560466808,STRONG_BEAR__CONTRACTION,NY_LATE,2024,"{'transition_quality': 'STRONG', 'adx_delta': 25.131380741564232}"
77,EURUSD,RANGE_TO_TREND_TFPB_V1,1,2024-10-21 00:15:00+00:00,2024-10-21 00:30:00+00:00,1.08644,2024-10-21 01:00:00+00:00,1.086869642857143,TP,1.0860103571428572,1.0869296428571429,3,4.5964285714289455,5.696428571428935,1.2000000000000002,0.4,0.7,3.5964285714286452,0.7824397822695071,STRONG_BULL__CONTRACTION,ASIAN,2024,"{'transition_quality': 'MODERATE', 'adx_delta': 8.170776271193041}"
78,EURUSD,RANGE_TO_TREND_TFPB_V1,1,2024-10-25 12:00:00+00:00,2024-10-25 12:15:00+00:00,1.08259,2024-10-25 15:30:00+00:00,1.0832935714285714,TP,1.0817464285714284,1.0833535714285714,14,8.035714285714112,8.23571428571368,0.8,0.4,0.7,6.3357142857147,0.7884444443463955,STRONG_BULL__LOW_VOL,OVERLAP,2024,"{'transition_quality': 'STRONG', 'adx_delta': 10.423815203206237}"
79,EURUSD,RANGE_TO_TREND_TFPB_V1,1,2024-10-29 03:45:00+00:00,2024-10-29 04:00:00+00:00,1.0816299999999999,2024-10-29 05:15:00+00:00,1.0810650000000002,SL,1.0811250000000001,1.081995,6,4.350000000000425,-4.449999999998067,0.8,0.4,0.7,-6.3499999999970465,-1.4597701146061277,STRONG_BULL__CONTRACTION,ASIAN,2024,"{'transition_quality': 'WEAK', 'adx_delta': 5.375688567826465}"
80,EURUSD,RANGE_TO_TREND_TFPB_V1,1,2024-10-31 13:30:00+00:00,2024-10-31 13:45:00+00:00,1.0865799999999999,2024-10-31 14:15:00+00:00,1.087350357142857,TP,1.0856296428571428,1.087410357142857,3,8.90357142857171,8.903571428571233,0.8,0.4,0.7,7.003571428572253,0.7866024868752187,STRONG_BULL__NORMAL_VOL,OVERLAP,2024,"{'transition_quality': 'MODERATE', 'adx_delta': 7.745129460593953}"
81,EURUSD,RANGE_TO_TREND_TFPB_V1,1,2024-12-06 10:45:00+00:00,2024-12-06 11:00:00+00:00,1.0582399999999998,2024-12-06 11:30:00+00:00,1.0572514285714285,SL,1.0573114285714285,1.0590685714285715,3,8.78571428571427,-8.685714285714408,0.8,0.4,0.7,-10.585714285713387,-1.2048780486432469,STRONG_BULL__LOW_VOL,LONDON,2024,"{'transition_quality': 'STRONG', 'adx_delta': 13.969095202861267}"
82,EURUSD,RANGE_TO_TREND_TFPB_V1,1,2024-12-06 11:30:00+00:00,2024-12-06 11:45:00+00:00,1.05795,2024-12-06 15:30:00+00:00,1.0589110714285714,TP,1.0568089285714286,1.0589710714285714,16,10.810714285714212,10.810714285713896,0.8,0.4,0.7,8.910714285714917,0.8242484307133809,STRONG_BULL__LOW_VOL,LONDON,2024,"{'transition_quality': 'STRONG', 'adx_delta': 10.504236391054356}"
83,EURUSD,RANGE_TO_TREND_TFPB_V1,1,2024-12-16 21:45:00+00:00,2024-12-16 22:00:00+00:00,1.05105,2024-12-17 02:30:00+00:00,1.0519978571428572,TP,1.049902142857143,1.0520578571428572,19,10.778571428571382,10.678571428570649,0.8,0.4,0.7,8.77857142857167,0.8144466533373205,STRONG_BULL__NORMAL_VOL,NY_LATE,2024,"{'transition_quality': 'STRONG', 'adx_delta': 12.214441605787302}"
84,EURUSD,RANGE_TO_TREND_TFPB_V1,1,2024-12-26 19:45:00+00:00,2024-12-26 20:00:00+00:00,1.04122,2024-12-26 20:00:00+00:00,1.0420950000000002,TP,1.0401449999999999,1.0421550000000002,1,10.050000000000415,9.950000000000792,0.8,0.4,0.7,8.050000000001813,0.8009950247960682,STRONG_BULL__NORMAL_VOL,NY_LATE,2024,"{'transition_quality': 'STRONG', 'adx_delta': 23.18414192960841}"
85,EURUSD,RANGE_TO_TREND_TFPB_V1,1,2024-12-30 00:45:00+00:00,2024-12-30 01:00:00+00:00,1.0430899999999999,2024-12-30 05:00:00+00:00,1.0422978571428572,SL,1.0423578571428571,1.0435621428571427,17,6.021428571428289,-6.721428571427879,0.8,0.4,0.7,-8.621428571426858,-1.431791221588809,STRONG_BULL__CONTRACTION,ASIAN,2024,"{'transition_quality': 'MODERATE', 'adx_delta': 9.233508794890131}"
86,EURUSD,RANGE_TO_TREND_TFPB_V1,-1,2025-01-09 09:15:00+00:00,2025-01-09 09:30:00+00:00,1.03028,2025-01-09 09:30:00+00:00,1.0295764285714284,TP,1.0311235714285714,1.0295164285714284,1,8.035714285714112,8.2357142857159,0.8,0.4,0.7,6.335714285716921,0.7884444443466718,STRONG_BEAR__LOW_VOL,LONDON,2025,"{'transition_quality': 'STRONG', 'adx_delta': 18.16030882575609}"
87,EURUSD,RANGE_TO_TREND_TFPB_V1,-1,2025-01-09 21:00:00+00:00,2025-01-09 21:15:00+00:00,1.02983,2025-01-10 05:15:00+00:00,1.03009,TIME_EXPIRY,1.0306110714285714,1.0291689285714285,33,7.210714285713943,-1.40000000000029,0.8,0.4,0.7,-3.2999999999992697,-0.45765230305680876,STRONG_BEAR__CONTRACTION,NY_LATE,2025,"{'transition_quality': 'STRONG', 'adx_delta': 34.42638536540597}"
88,EURUSD,RANGE_TO_TREND_TFPB_V1,-1,2025-01-13 02:00:00+00:00,2025-01-13 02:15:00+00:00,1.02416,2025-01-13 05:00:00+00:00,1.023389285714286,TP,1.0250907142857142,1.023329285714286,12,8.807142857142269,8.907142857139672,0.8,0.4,0.7,7.007142857140692,0.7956204378656736,STRONG_BEAR__CONTRACTION,ASIAN,2025,"{'transition_quality': 'MODERATE', 'adx_delta': 8.98322678801516}"
89,EURUSD,RANGE_TO_TREND_TFPB_V1,1,2025-01-14 11:30:00+00:00,2025-01-14 11:45:00+00:00,1.02629,2025-01-14 14:00:00+00:00,1.024732142857143,SL,1.024792142857143,1.027607857142857,10,14.078571428571351,-14.378571428570464,0.8,0.4,0.7,-16.278571428569443,-1.1562658548137277,STRONG_BULL__NORMAL_VOL,LONDON,2025,"{'transition_quality': 'STRONG', 'adx_delta': 23.808459444610694}"
90,EURUSD,RANGE_TO_TREND_TFPB_V1,-1,2025-02-11 09:45:00+00:00,2025-02-11 10:00:00+00:00,1.03026,2025-02-11 10:15:00+00:00,1.030917857142857,SL,1.030857857142857,1.0297821428571428,2,5.378571428571455,-5.378571428571455,0.8,0.4,0.7,-7.278571428570435,-1.3532536518066405,WEAK_BEAR__LOW_VOL,LONDON,2025,"{'transition_quality': 'STRONG', 'adx_delta': 13.082670529504288}"
91,EURUSD,RANGE_TO_TREND_TFPB_V1,1,2025-03-04 08:45:00+00:00,2025-03-04 09:00:00+00:00,1.04874,2025-03-04 09:30:00+00:00,1.0494925,TP,1.0477075,1.0495524999999999,3,9.22499999999953,8.724999999998317,0.8,0.4,0.7,6.824999999999338,0.7398373982937504,WEAK_BULL__LOW_VOL,LONDON,2025,"{'transition_quality': 'STRONG', 'adx_delta': 12.787029813572879}"
92,EURUSD,RANGE_TO_TREND_TFPB_V1,1,2025-03-06 10:30:00+00:00,2025-03-06 10:45:00+00:00,1.08097,2025-03-06 11:15:00+00:00,1.0789007142857143,SL,1.0789607142857143,1.0828392857142857,3,19.392857142857387,-19.492857142857645,0.8,0.4,0.7,-21.392857142856624,-1.1031307550075327,STRONG_BULL__LOW_VOL,LONDON,2025,"{'transition_quality': 'STRONG', 'adx_delta': 12.372264954380167}"
93,EURUSD,RANGE_TO_TREND_TFPB_V1,1,2025-03-10 16:45:00+00:00,2025-03-10 17:00:00+00:00,1.0846,2025-03-10 17:15:00+00:00,1.0829110714285715,SL,1.0829710714285714,1.0860889285714286,2,15.589285714285543,-15.689285714286516,0.8,0.4,0.7,-17.589285714285495,-1.1282932416229257,WEAK_BULL__NORMAL_VOL,NY_LATE,2025,"{'transition_quality': 'STRONG', 'adx_delta': 10.916036906192515}"
94,EURUSD,RANGE_TO_TREND_TFPB_V1,1,2025-03-12 13:15:00+00:00,2025-03-12 13:30:00+00:00,1.0912,2025-03-12 14:00:00+00:00,1.0897550000000003,SL,1.0898150000000002,1.092485,3,13.349999999999673,-13.249999999997986,0.8,0.4,0.7,-15.149999999996965,-1.1348314605889516,STRONG_BULL__NORMAL_VOL,OVERLAP,2025,"{'transition_quality': 'STRONG', 'adx_delta': 17.184782735607648}"
95,EURUSD,RANGE_TO_TREND_TFPB_V1,1,2025-03-12 19:00:00+00:00,2025-03-12 19:15:00+00:00,1.09089,2025-03-12 20:30:00+00:00,1.089136785714286,SL,1.089196785714286,1.0925032142857143,6,16.532142857142677,-16.332142857140575,0.8,0.4,0.7,-18.232142857139554,-1.1028299848110474,STRONG_BULL__NORMAL_VOL,NY_LATE,2025,"{'transition_quality': 'STRONG', 'adx_delta': 21.96187962785197}"
96,EURUSD,RANGE_TO_TREND_TFPB_V1,-1,2025-03-13 09:15:00+00:00,2025-03-13 09:30:00+00:00,1.0875000000000001,2025-03-13 09:30:00+00:00,1.0865660714285712,TP,1.0885739285714287,1.0865060714285713,1,10.339285714286122,10.539285714288305,0.8,0.4,0.7,8.639285714289326,0.8355785836846127,STRONG_BEAR__NORMAL_VOL,LONDON,2025,"{'transition_quality': 'STRONG', 'adx_delta': 11.584318639172187}"
97,EURUSD,RANGE_TO_TREND_TFPB_V1,-1,2025-03-21 02:45:00+00:00,2025-03-21 03:00:00+00:00,1.0852300000000001,2025-03-21 03:00:00+00:00,1.084915,TP,1.085725,1.0848550000000001,1,4.349999999999948,4.349999999999632,0.8,0.4,0.7,2.450000000000652,0.5632183906752788,WEAK_BEAR__CONTRACTION,ASIAN,2025,"{'transition_quality': 'STRONG', 'adx_delta': 12.333497159569852}"
98,EURUSD,RANGE_TO_TREND_TFPB_V1,-1,2025-04-02 09:15:00+00:00,2025-04-02 09:30:00+00:00,1.07915,2025-04-02 10:00:00+00:00,1.0786764285714285,TP,1.0797435714285715,1.0786164285714286,3,5.635714285714569,5.935714285714155,0.8,0.4,0.7,4.0357142857151755,0.7160963243344014,STRONG_BEAR__LOW_VOL,LONDON,2025,"{'transition_quality': 'STRONG', 'adx_delta': 13.806472456802478}"
99,EURUSD,RANGE_TO_TREND_TFPB_V1,1,2025-04-18 10:00:00+00:00,2025-04-18 10:15:00+00:00,1.13727,2025-04-18 14:30:00+00:00,1.1380489285714288,TP,1.1363210714285714,1.1381189285714288,18,8.98928571428608,9.089285714287687,0.8,0.4,0.7,7.089285714288052,0.7886372664997042,WEAK_BULL__LOW_VOL,LONDON,2025,"{'transition_quality': 'MODERATE', 'adx_delta': 7.3056659649850335}"
100,EURUSD,RANGE_TO_TREND_TFPB_V1,-1,2025-05-02 03:00:00+00:00,2025-05-02 03:15:00+00:00,1.12893,2025-05-02 03:15:00+00:00,1.1283246428571427,TP,1.129715357142857,1.1282646428571428,1,7.253571428571367,7.253571428571526,0.8,0.4,0.7,5.353571428572546,0.7380600688299699,WEAK_BEAR__CONTRACTION,ASIAN,2025,"{'transition_quality': 'MODERATE', 'adx_delta': 9.182884335255878}"
101,EURUSD,RANGE_TO_TREND_TFPB_V1,1,2025-05-07 10:30:00+00:00,2025-05-07 10:45:00+00:00,1.13604,2025-05-07 11:30:00+00:00,1.1371785714285714,TP,1.1347014285714285,1.1372385714285713,4,12.685714285713889,12.585714285713312,0.8,0.4,0.7,10.685714285714333,0.8423423422759716,STRONG_BULL__NORMAL_VOL,LONDON,2025,"{'transition_quality': 'STRONG', 'adx_delta': 25.58420421616528}"
102,EURUSD,RANGE_TO_TREND_TFPB_V1,-1,2025-05-12 09:30:00+00:00,2025-05-12 09:45:00+00:00,1.12167,2025-05-12 10:00:00+00:00,1.1206446428571426,TP,1.1228753571428571,1.1205846428571427,2,11.453571428571285,11.453571428572396,0.8,0.4,0.7,9.553571428573417,0.8341128780065602,STRONG_BEAR__LOW_VOL,LONDON,2025,"{'transition_quality': 'MODERATE', 'adx_delta': 8.55179681097716}"
103,EURUSD,RANGE_TO_TREND_TFPB_V1,1,2025-05-14 08:30:00+00:00,2025-05-14 08:45:00+00:00,1.1189799999999999,2025-05-14 10:30:00+00:00,1.1198296428571428,TP,1.117950357142857,1.1198896428571428,8,9.696428571428813,9.696428571428495,0.8,0.4,0.7,7.796428571429515,0.804051565294687,STRONG_BULL__LOW_VOL,LONDON,2025,"{'transition_quality': 'WEAK', 'adx_delta': 4.775283733226267}"
104,EURUSD,RANGE_TO_TREND_TFPB_V1,1,2025-05-21 18:30:00+00:00,2025-05-21 18:45:00+00:00,1.13397,2025-05-21 20:15:00+00:00,1.1356167857142858,TP,1.1321432142857142,1.1356767857142858,7,17.66785714285679,17.6678571428579,0.8,0.4,0.7,15.767857142858922,0.8924600767638362,STRONG_BULL__LOW_VOL,NY_LATE,2025,"{'transition_quality': 'STRONG', 'adx_delta': 11.531218584780392}"
105,EURUSD,RANGE_TO_TREND_TFPB_V1,1,2025-05-27 05:00:00+00:00,2025-05-27 05:15:00+00:00,1.14011,2025-05-27 05:45:00+00:00,1.139107857142857,SL,1.139167857142857,1.140912142857143,3,8.721428571428847,-8.821428571430534,0.8,0.4,0.7,-10.721428571429513,-1.2293202291793444,STRONG_BULL__LOW_VOL,ASIAN,2025,"{'transition_quality': 'STRONG', 'adx_delta': 11.901088950578536}"
106,EURUSD,RANGE_TO_TREND_TFPB_V1,1,2025-06-06 04:15:00+00:00,2025-06-06 04:30:00+00:00,1.145185,2025-06-06 04:30:00+00:00,1.1444057142857142,SL,1.1444707142857142,1.1457692857142856,1,6.492857142857094,-6.492857142856856,0.9,0.4,0.7,-8.49285714285649,-1.3080308028787604,STRONG_BULL__CONTRACTION,ASIAN,2025,"{'transition_quality': 'STRONG', 'adx_delta': 17.907021827853193}"
107,EURUSD,RANGE_TO_TREND_TFPB_V1,-1,2025-06-23 11:00:00+00:00,2025-06-23 11:15:00+00:00,1.14937,2025-06-23 11:45:00+00:00,1.148042142857143,TP,1.150917857142857,1.147982142857143,3,14.678571428571,14.478571428568898,0.8,0.4,0.7,12.57857142856992,0.8569343065108853,WEAK_BEAR__NORMAL_VOL,LONDON,2025,"{'transition_quality': 'STRONG', 'adx_delta': 14.266748814232212}"
108,EURUSD,RANGE_TO_TREND_TFPB_V1,1,2025-06-24 10:00:00+00:00,2025-06-24 10:15:00+00:00,1.1608399999999999,2025-06-24 10:30:00+00:00,1.1594260714285716,SL,1.1594860714285715,1.1620939285714285,2,13.039285714285015,-12.939285714284043,0.8,0.4,0.7,-14.839285714283022,-1.1380443713176709,STRONG_BULL__LOW_VOL,LONDON,2025,"{'transition_quality': 'STRONG', 'adx_delta': 25.893184646058614}"
109,EURUSD,RANGE_TO_TREND_TFPB_V1,1,2025-06-24 15:30:00+00:00,2025-06-24 15:45:00+00:00,1.16062,2025-06-24 16:00:00+00:00,1.1592325,SL,1.1592925,1.1618275,2,12.675000000000246,-12.67499999999977,0.8,0.4,0.7,-14.574999999998749,-1.1499013805797684,STRONG_BULL__NORMAL_VOL,OVERLAP,2025,"{'transition_quality': 'WEAK', 'adx_delta': 5.416697762532888}"
110,EURUSD,RANGE_TO_TREND_TFPB_V1,1,2025-06-30 11:45:00+00:00,2025-06-30 12:00:00+00:00,1.17292,2025-06-30 15:15:00+00:00,1.171294642857143,SL,1.1713546428571429,1.1744253571428571,14,15.35357142857138,-15.053571428571555,0.8,0.4,0.7,-16.953571428570534,-1.1042102813888313,WEAK_BULL__LOW_VOL,OVERLAP,2025,"{'transition_quality': 'MODERATE', 'adx_delta': 8.541055006897627}"
111,EURUSD,RANGE_TO_TREND_TFPB_V1,1,2025-07-01 10:45:00+00:00,2025-07-01 11:00:00+00:00,1.1784,2025-07-01 11:00:00+00:00,1.1774257142857143,SL,1.1774857142857142,1.1795942857142856,1,10.542857142857219,-8.542857142856963,0.8,0.4,0.7,-10.442857142855942,-0.9905149050549792,WEAK_BULL__LOW_VOL,LONDON,2025,"{'transition_quality': 'STRONG', 'adx_delta': 11.752330566739229}"
112,EURUSD,RANGE_TO_TREND_TFPB_V1,-1,2025-07-29 08:30:00+00:00,2025-07-29 08:45:00+00:00,1.1584,2025-07-29 09:00:00+00:00,1.1576746428571427,TP,1.1593053571428573,1.1576146428571428,2,8.453571428572092,8.453571428572726,0.8,0.4,0.7,6.553571428573746,0.7752429234404042,STRONG_BEAR__LOW_VOL,LONDON,2025,"{'transition_quality': 'STRONG', 'adx_delta': 19.974017411555508}"
113,EURUSD,RANGE_TO_TREND_TFPB_V1,1,2025-08-06 08:45:00+00:00,2025-08-06 09:00:00+00:00,1.1578899999999999,2025-08-06 09:15:00+00:00,1.158515,TP,1.157165,1.158575,2,7.050000000000033,7.449999999999957,0.8,0.4,0.7,5.550000000000977,0.787234042441662,STRONG_BULL__LOW_VOL,LONDON,2025,"{'transition_quality': 'STRONG', 'adx_delta': 13.129954244782285}"
114,EURUSD,RANGE_TO_TREND_TFPB_V1,1,2025-08-13 23:30:00+00:00,2025-08-13 23:45:00+00:00,1.170555,2025-08-14 00:15:00+00:00,1.1697071428571428,SL,1.169822142857143,1.171197857142857,3,6.87857142857129,-6.578571428570434,1.1,0.4,0.7,-9.178571428571779,-1.3343717547385907,WEAK_BULL__CONTRACTION,NY_LATE,2025,"{'transition_quality': 'STRONG', 'adx_delta': 34.3834592806087}"
115,EURUSD,RANGE_TO_TREND_TFPB_V1,1,2025-08-15 21:45:00+00:00,2025-08-15 22:00:00+00:00,1.1702649999999999,2025-08-18 00:00:00+00:00,1.1708167857142857,TP,1.1695082142857143,1.1709117857142857,9,7.017857142856489,7.11785714285762,0.9,0.4,0.7,4.81785714285824,0.686513994813338,WEAK_BULL__CONTRACTION,NY_LATE,2025,"{'transition_quality': 'STRONG', 'adx_delta': 18.201285831955182}"
116,EURUSD,RANGE_TO_TREND_TFPB_V1,-1,2025-09-19 10:30:00+00:00,2025-09-19 10:45:00+00:00,1.17687,2025-09-19 11:00:00+00:00,1.1756932142857142,TP,1.1782067857142857,1.1756332142857142,2,12.867857142857464,12.967857142858197,0.8,0.4,0.7,11.067857142859218,0.8601165694586931,STRONG_BEAR__NORMAL_VOL,LONDON,2025,"{'transition_quality': 'STRONG', 'adx_delta': 15.719159630575646}"
117,EURUSD,RANGE_TO_TREND_TFPB_V1,1,2025-10-17 05:00:00+00:00,2025-10-17 05:15:00+00:00,1.17024,2025-10-17 05:30:00+00:00,1.170902857142857,TP,1.1694371428571428,1.170962857142857,2,7.628571428571684,7.828571428569742,0.8,0.4,0.7,5.928571428570762,0.7771535579504469,STRONG_BULL__NORMAL_VOL,ASIAN,2025,"{'transition_quality': 'STRONG', 'adx_delta': 25.92562074605346}"
118,EURUSD,RANGE_TO_TREND_TFPB_V1,-1,2025-10-31 04:45:00+00:00,2025-10-31 05:00:00+00:00,1.15674,2025-10-31 08:45:00+00:00,1.1561528571428572,TP,1.1575071428571428,1.1560928571428573,16,7.071428571428982,7.071428571427951,0.8,0.4,0.7,5.171428571428971,0.7313131312097273,STRONG_BEAR__LOW_VOL,ASIAN,2025,"{'transition_quality': 'STRONG', 'adx_delta': 16.075203144400238}"
119,EURUSD,RANGE_TO_TREND_TFPB_V1,-1,2025-11-05 20:15:00+00:00,2025-11-05 20:30:00+00:00,1.1481000000000001,2025-11-05 23:15:00+00:00,1.1493335714285713,SL,1.1492735714285713,1.1470664285714285,12,11.035714285713546,-11.135714285712695,0.8,0.4,0.7,-13.035714285711673,-1.1812297733555888,STRONG_BEAR__LOW_VOL,NY_LATE,2025,"{'transition_quality': 'MODERATE', 'adx_delta': 7.938363479255992}"
120,EURUSD,RANGE_TO_TREND_TFPB_V1,-1,2025-11-18 13:45:00+00:00,2025-11-18 14:00:00+00:00,1.15839,2025-11-18 15:00:00+00:00,1.1593789285714284,SL,1.1593189285714285,1.1575810714285715,5,8.689285714285543,-8.689285714285067,0.8,0.4,0.7,-10.589285714284046,-1.218660090282929,STRONG_BEAR__NORMAL_VOL,OVERLAP,2025,"{'transition_quality': 'STRONG', 'adx_delta': 20.54804606750119}"
121,EURUSD,RANGE_TO_TREND_TFPB_V1,1,2025-12-02 15:45:00+00:00,2025-12-02 16:00:00+00:00,1.1618499999999998,2025-12-02 17:00:00+00:00,1.161000357142857,SL,1.161060357142857,1.1625196428571427,5,7.296428571428315,-7.296428571428315,0.8,0.4,0.7,-9.196428571427294,-1.260401370360656,STRONG_BULL__NORMAL_VOL,NY_LATE,2025,"{'transition_quality': 'MODERATE', 'adx_delta': 7.518737924262545}"
122,EURUSD,RANGE_TO_TREND_TFPB_V1,-1,2025-12-05 20:30:00+00:00,2025-12-05 20:45:00+00:00,1.16424,2025-12-08 03:45:00+00:00,1.1653982142857142,SL,1.1653382142857143,1.1632617857142855,29,10.382142857142831,-10.382142857143783,0.8,0.4,0.7,-12.282142857142762,-1.18300653583376,STRONG_BEAR__NORMAL_VOL,NY_LATE,2025,"{'transition_quality': 'STRONG', 'adx_delta': 13.439642281972894}"
123,EURUSD,RANGE_TO_TREND_TFPB_V1,1,2025-12-10 21:00:00+00:00,2025-12-10 21:15:00+00:00,1.167,2025-12-10 21:30:00+00:00,1.1657332142857144,SL,1.1657932142857144,1.1680667857142857,2,11.367857142856199,-11.467857142857252,0.8,0.4,0.7,-13.36785714285623,-1.1759346527398034,STRONG_BULL__NORMAL_VOL,NY_LATE,2025,"{'transition_quality': 'STRONG', 'adx_delta': 14.239690163426495}"
124,EURUSD,RANGE_TO_TREND_TFPB_V1,1,2025-12-12 07:45:00+00:00,2025-12-12 08:00:00+00:00,1.17394,2025-12-12 10:45:00+00:00,1.1733125,SL,1.1733725,1.1744075000000003,12,5.175000000000834,-5.075000000001051,0.8,0.4,0.7,-6.975000000000031,-1.347826086695861,WEAK_BULL__LOW_VOL,LONDON,2025,"{'transition_quality': 'STRONG', 'adx_delta': 16.964267548767392}"
125,EURUSD,RANGE_TO_TREND_TFPB_V1,1,2025-12-15 01:30:00+00:00,2025-12-15 01:45:00+00:00,1.174,2025-12-15 02:00:00+00:00,1.1732146428571428,SL,1.1732746428571428,1.1746053571428572,2,6.653571428571957,-6.653571428572036,0.8,0.4,0.7,-8.553571428571015,-1.2855609230487046,WEAK_BULL__LOW_VOL,ASIAN,2025,"{'transition_quality': 'STRONG', 'adx_delta': 15.961481915587047}"
126,EURUSD,RANGE_TO_TREND_TFPB_V1,1,2025-12-16 09:30:00+00:00,2025-12-16 09:45:00+00:00,1.17523,2025-12-16 10:00:00+00:00,1.1756885714285714,TP,1.1745914285714287,1.1757485714285714,2,5.785714285714124,5.785714285713173,0.8,0.4,0.7,3.885714285714193,0.6716049381555278,WEAK_BULL__LOW_VOL,LONDON,2025,"{'transition_quality': 'STRONG', 'adx_delta': 10.176626556295112}"
127,EURUSD,RANGE_TO_TREND_TFPB_V1,1,2025-12-16 15:45:00+00:00,2025-12-16 16:00:00+00:00,1.17762,2025-12-16 16:45:00+00:00,1.1788189285714286,TP,1.1762410714285714,1.1788789285714285,4,13.189285714285283,13.189285714285681,0.8,0.4,0.7,11.289285714286702,0.8559436771623925,STRONG_BULL__HIGH_VOL,NY_LATE,2025,"{'transition_quality': 'STRONG', 'adx_delta': 25.903992203211995}"
128,EURUSD,RANGE_TO_TREND_TFPB_V1,1,2025-12-18 08:30:00+00:00,2025-12-18 08:45:00+00:00,1.1744999999999999,2025-12-18 09:00:00+00:00,1.1748214285714285,TP,1.1739985714285714,1.1748814285714284,2,4.414285714285371,4.414285714284816,0.8,0.4,0.7,2.514285714285836,0.5695792878969309,STRONG_BULL__LOW_VOL,LONDON,2025,"{'transition_quality': 'STRONG', 'adx_delta': 10.66642665937265}"
129,EURUSD,RANGE_TO_TREND_TFPB_V1,-1,2025-12-19 10:15:00+00:00,2025-12-19 10:30:00+00:00,1.17111,2025-12-19 15:15:00+00:00,1.170467142857143,TP,1.171932857142857,1.170407142857143,20,7.628571428571444,7.628571428570652,0.8,0.4,0.7,5.728571428571672,0.750936329489608,STRONG_BEAR__LOW_VOL,LONDON,2025,"{'transition_quality': 'STRONG', 'adx_delta': 22.44207574511643}"
130,EURUSD,RANGE_TO_TREND_TFPB_V1,-1,2026-01-08 17:45:00+00:00,2026-01-08 18:00:00+00:00,1.1665800000000002,2026-01-08 18:15:00+00:00,1.1657475000000002,TP,1.1675925,1.1656875000000002,2,9.52499999999983,9.524999999999118,0.8,0.4,0.7,7.625000000000138,0.8005249342991863,STRONG_BEAR__NORMAL_VOL,NY_LATE,2026,"{'transition_quality': 'STRONG', 'adx_delta': 31.182429847223233}"
131,EURUSD,RANGE_TO_TREND_TFPB_V1,-1,2026-01-09 11:00:00+00:00,2026-01-09 11:15:00+00:00,1.16472,2026-01-09 12:00:00+00:00,1.1641057142857143,TP,1.1655542857142858,1.1640457142857144,4,7.542857142857311,7.342857142855763,0.8,0.4,0.7,5.442857142856783,0.72159090899518,STRONG_BEAR__NORMAL_VOL,LONDON,2026,"{'transition_quality': 'STRONG', 'adx_delta': 21.51241865480676}"
132,EURUSD,RANGE_TO_TREND_TFPB_V1,1,2026-01-13 13:00:00+00:00,2026-01-13 13:15:00+00:00,1.16672,2026-01-13 14:45:00+00:00,1.1658585714285714,SL,1.1659185714285714,1.1674014285714287,7,7.414285714285754,-7.414285714286706,0.8,0.4,0.7,-9.314285714285685,-1.2562620422197612,STRONG_BULL__LOW_VOL,OVERLAP,2026,"{'transition_quality': 'STRONG', 'adx_delta': 17.594409268775067}"
133,EURUSD,RANGE_TO_TREND_TFPB_V1,-1,2026-01-14 01:30:00+00:00,2026-01-14 01:45:00+00:00,1.16426,2026-01-14 02:00:00+00:00,1.16402,TP,1.16468,1.16396,2,3.599999999999556,3.5999999999991594,0.8,0.4,0.7,1.7000000000001798,0.47222222209115755,STRONG_BEAR__CONTRACTION,ASIAN,2026,"{'transition_quality': 'MODERATE', 'adx_delta': 8.48320129791692}"
134,EURUSD,RANGE_TO_TREND_TFPB_V1,-1,2026-01-22 07:30:00+00:00,2026-01-22 07:45:00+00:00,1.1686,2026-01-22 09:30:00+00:00,1.1692835714285714,SL,1.1692235714285715,1.1680964285714286,8,5.635714285714331,-5.6357142857144105,0.8,0.4,0.7,-7.53571428571339,-1.3371356144647237,STRONG_BEAR__CONTRACTION,LONDON,2026,"{'transition_quality': 'STRONG', 'adx_delta': 13.147860641920342}"
135,EURUSD,RANGE_TO_TREND_TFPB_V1,-1,2026-02-03 14:45:00+00:00,2026-02-03 15:00:00+00:00,1.17957,2026-02-03 16:00:00+00:00,1.178650714285714,TP,1.1806692857142858,1.1785907142857142,5,10.392857142857187,10.39285714285798,0.8,0.4,0.7,8.492857142859002,0.8171821305057386,STRONG_BEAR__NORMAL_VOL,OVERLAP,2026,"{'transition_quality': 'STRONG', 'adx_delta': 36.31760239160075}"
136,EURUSD,RANGE_TO_TREND_TFPB_V1,1,2026-02-10 00:45:00+00:00,2026-02-10 01:00:00+00:00,1.1913399999999998,2026-02-10 01:15:00+00:00,1.1904782142857142,SL,1.1905382142857142,1.1918217857142857,2,6.417857142857316,-7.417857142857365,0.8,0.4,0.7,-9.317857142856344,-1.4518642179149603,WEAK_BULL__CONTRACTION,ASIAN,2026,"{'transition_quality': 'MODERATE', 'adx_delta': 8.49994828917865}"
137,EURUSD,RANGE_TO_TREND_TFPB_V1,-1,2026-02-12 21:30:00+00:00,2026-02-12 21:45:00+00:00,1.18643,2026-02-13 05:45:00+00:00,1.1867299999999998,TIME_EXPIRY,1.1877210714285715,1.1852589285714286,33,12.310714285714047,-1.7999999999984695,0.8,0.4,0.7,-3.6999999999974493,-0.30055120392084467,WEAK_BEAR__NORMAL_VOL,NY_LATE,2026,"{'transition_quality': 'STRONG', 'adx_delta': 11.66950314422989}"
138,EURUSD,RANGE_TO_TREND_TFPB_V1,-1,2026-02-16 03:30:00+00:00,2026-02-16 03:45:00+00:00,1.18631,2026-02-16 10:00:00+00:00,1.187072857142857,SL,1.187012857142857,1.1857271428571428,26,6.428571428571672,-6.428571428571672,0.8,0.4,0.7,-8.328571428570651,-1.2955555553538547,STRONG_BEAR__CONTRACTION,ASIAN,2026,"{'transition_quality': 'STRONG', 'adx_delta': 10.629815700091578}"
139,EURUSD,RANGE_TO_TREND_TFPB_V1,1,2026-02-27 14:15:00+00:00,2026-02-27 14:30:00+00:00,1.18068,2026-02-27 15:30:00+00:00,1.1796675,SL,1.1797275,1.1815125,5,8.925000000000182,-8.924999999999628,0.8,0.4,0.7,-10.824999999998607,-1.2128851539255463,WEAK_BULL__NORMAL_VOL,OVERLAP,2026,"{'transition_quality': 'STRONG', 'adx_delta': 13.447177209426576}"
140,EURUSD,RANGE_TO_TREND_TFPB_V1,-1,2026-03-26 09:15:00+00:00,2026-03-26 09:30:00+00:00,1.15577,2026-03-26 10:00:00+00:00,1.154927857142857,TP,1.1567921428571428,1.154867857142857,3,9.621428571428558,9.621428571429114,0.8,0.4,0.7,7.721428571430134,0.802524127607919,STRONG_BEAR__NORMAL_VOL,LONDON,2026,"{'transition_quality': 'STRONG', 'adx_delta': 10.974311605888783}"
141,EURUSD,RANGE_TO_TREND_TFPB_V1,1,2026-04-01 05:30:00+00:00,2026-04-01 05:45:00+00:00,1.15666,2026-04-01 09:15:00+00:00,1.1576007142857143,TP,1.1555392857142859,1.1576607142857143,15,10.607142857142879,10.607142857141927,0.8,0.4,0.7,8.707142857142948,0.8208754207980388,STRONG_BULL__CONTRACTION,ASIAN,2026,"{'transition_quality': 'STRONG', 'adx_delta': 13.655488791606851}"
142,EURUSD,RANGE_TO_TREND_TFPB_V1,1,2026-04-13 18:30:00+00:00,2026-04-13 18:45:00+00:00,1.17095,2026-04-13 19:30:00+00:00,1.1721325000000002,TP,1.1696875,1.1721925000000002,4,12.525000000000214,13.025000000002063,0.8,0.4,0.7,11.125000000003084,0.8882235528235266,STRONG_BULL__NORMAL_VOL,NY_LATE,2026,"{'transition_quality': 'STRONG', 'adx_delta': 26.961860171057705}"
143,EURUSD,RANGE_TO_TREND_TFPB_V1,1,2026-04-15 01:45:00+00:00,2026-04-15 02:00:00+00:00,1.17956,2026-04-15 02:30:00+00:00,1.1799307142857143,TP,1.1790092857142858,1.1799907142857142,3,4.907142857142649,4.907142857142333,0.8,0.4,0.7,3.0071428571433527,0.6128093157413304,STRONG_BULL__CONTRACTION,ASIAN,2026,"{'transition_quality': 'MODERATE', 'adx_delta': 6.305032496492732}"
144,EURUSD,RANGE_TO_TREND_TFPB_V1,-1,2026-04-22 04:00:00+00:00,2026-04-22 04:15:00+00:00,1.1739600000000001,2026-04-22 04:30:00+00:00,1.174702142857143,SL,1.174642142857143,1.173317857142857,2,6.621428571428413,-6.221428571429044,0.8,0.4,0.7,-8.121428571428023,-1.226537216643188,WEAK_BEAR__CONTRACTION,ASIAN,2026,"{'transition_quality': 'STRONG', 'adx_delta': 15.979463727645218}"
145,EURUSD,RANGE_TO_TREND_TFPB_V1,-1,2026-05-12 14:45:00+00:00,2026-05-12 15:00:00+00:00,1.17431,2026-05-12 16:15:00+00:00,1.1735096428571428,TP,1.175290357142857,1.1734496428571428,6,9.203571428571296,9.203571428570978,0.8,0.4,0.7,7.303571428571998,0.7935584011556044,STRONG_BEAR__LOW_VOL,OVERLAP,2026,"{'transition_quality': 'STRONG', 'adx_delta': 13.870422697185303}"
146,EURUSD,RANGE_TO_TREND_TFPB_V1,-1,2026-05-13 19:45:00+00:00,2026-05-13 20:00:00+00:00,1.17079,2026-05-14 01:15:00+00:00,1.1718667857142855,SL,1.1718067857142855,1.1698932142857144,22,9.567857142856779,-9.567857142855907,0.8,0.4,0.7,-11.467857142854886,-1.198581560158226,WEAK_BEAR__LOW_VOL,NY_LATE,2026,"{'transition_quality': 'STRONG', 'adx_delta': 17.23609496171412}"
147,EURUSD,RANGE_TO_TREND_TFPB_V1,1,2026-05-21 03:00:00+00:00,2026-05-21 03:15:00+00:00,1.16264,2026-05-21 04:00:00+00:00,1.163077142857143,TP,1.162022857142857,1.1631371428571429,4,5.571428571428433,5.571428571429227,0.8,0.4,0.7,3.671428571430247,0.6589743588563987,WEAK_BULL__CONTRACTION,ASIAN,2026,"{'transition_quality': 'STRONG', 'adx_delta': 26.452414746272957}"
148,EURUSD,RANGE_TO_TREND_TFPB_V1,-1,2026-06-03 23:30:00+00:00,2026-06-03 23:45:00+00:00,1.1597600000000001,2026-06-04 01:45:00+00:00,1.1602646428571428,SL,1.1602046428571429,1.1594353571428573,9,3.846428571428314,-3.846428571427918,0.8,0.4,0.7,-5.746428571426898,-1.493964716417204,WEAK_BEAR__CONTRACTION,NY_LATE,2026,"{'transition_quality': 'STRONG', 'adx_delta': 10.98585804572834}"
149,EURUSD,RANGE_TO_TREND_TFPB_V1,-1,2026-06-08 10:15:00+00:00,2026-06-08 10:30:00+00:00,1.1522700000000001,2026-06-08 11:30:00+00:00,1.1513207142857143,TP,1.1533992857142858,1.1512607142857143,5,10.692857142857012,10.692857142857726,0.8,0.4,0.7,8.792857142858747,0.8223112891684142,STRONG_BEAR__NORMAL_VOL,LONDON,2026,"{'transition_quality': 'STRONG', 'adx_delta': 14.721261856156342}"
150,EURUSD,RANGE_TO_TREND_TFPB_V1,1,2026-06-12 14:30:00+00:00,2026-06-12 14:45:00+00:00,1.1578899999999999,2026-06-12 15:00:00+00:00,1.1565389285714285,SL,1.1565989285714284,1.1590610714285714,2,12.310714285714047,-12.310714285714841,0.8,0.4,0.7,-14.21071428571382,-1.1543371046349673,STRONG_BULL__NORMAL_VOL,OVERLAP,2026,"{'transition_quality': 'STRONG', 'adx_delta': 12.34125188483079}"
151,EURUSD,RANGE_TO_TREND_TFPB_V1,-1,2026-06-23 09:30:00+00:00,2026-06-23 09:45:00+00:00,1.14214,2026-06-23 10:00:00+00:00,1.1429810714285713,SL,1.1429210714285714,1.1414789285714284,2,7.2107142857141815,-7.210714285714737,0.8,0.4,0.7,-9.110714285713716,-1.263496780409162,STRONG_BEAR__LOW_VOL,LONDON,2026,"{'transition_quality': 'MODERATE', 'adx_delta': 8.55276708360729}"
152,EURUSD,RANGE_TO_TREND_TFPB_V1,1,2026-08-05 16:00:00+00:00,2026-08-05 16:15:00+00:00,1.1546699999999999,2026-08-05 17:00:00+00:00,1.1553685714285713,TP,1.1537914285714286,1.1554285714285712,4,8.18571428571367,8.185714285713352,0.8,0.4,0.7,6.285714285714373,0.7678883070615828,STRONG_BULL__NORMAL_VOL,NY_LATE,2026,"{'transition_quality': 'STRONG', 'adx_delta': 20.54035211499744}"
153,EURUSD,RANGE_TO_TREND_TFPB_V1,-1,2026-08-07 08:45:00+00:00,2026-08-07 09:00:00+00:00,1.1521700000000001,2026-08-07 10:00:00+00:00,1.1519385714285715,TP,1.1525814285714286,1.1518785714285715,5,3.514285714285184,3.514285714285581,0.8,0.4,0.7,1.6142857142866014,0.4593495933655475,WEAK_BEAR__LOW_VOL,LONDON,2026,"{'transition_quality': 'STRONG', 'adx_delta': 13.370872754175194}"
154,EURUSD,RANGE_TO_TREND_TFPB_V1,1,2026-08-21 14:00:00+00:00,2026-08-21 14:15:00+00:00,1.17047,2026-08-21 15:15:00+00:00,1.1694282142857142,SL,1.1694882142857141,1.1713117857142856,5,9.117857142857636,-9.217857142858055,0.8,0.4,0.7,-11.117857142857034,-1.2193497844333658,STRONG_BULL__NORMAL_VOL,OVERLAP,2026,"{'transition_quality': 'STRONG', 'adx_delta': 13.902109351129031}"
