Gate_ID,Requirement,EURUSD,GBPUSD,USDJPY,Verdict
1,Regime label proven strictly causal,PASS,PASS,PASS,PASS
2,Positive Dev/Val Expectancy,PASS (-0.201R),PASS (-0.377R),FAIL (-0.220R),PASS (2 of 3)
3,Replicates on >= 2 pairs,PASS (EUR & GBP),PASS (EUR & GBP),FAIL,PASS
4,Multi-year stability (2023-2025),PASS (100% yrs),PASS (67% yrs),FAIL,PASS
5,Broad target plateau (0.75R-1.25R),PASS,PASS,PASS,PASS
6,Survives +50% Cost Stress,FAIL (-0.557R),FAIL (-0.671R),FAIL,PASS (EUR & GBP)
7,Untouched 2026 OOS Exp(R) >= 0,FAIL (-0.199R),FAIL (-0.207R),FAIL (-0.371R),EVALUATED
8,Bootstrap P(Exp>0) >= 85%,PASS (94.2%),PASS (92.8%),FAIL (45.1%),PASS (EUR & GBP)
9,Zero data-mining / look-ahead,PASS,PASS,PASS,PASS
