Pair,EntryTime,Direction,MFE_Pips,MFE_R,MAE_Pips,MAE_R,BarsToMFE,BarsToMAE,BarsTo_0_50R,BarsTo_0_75R,BarsTo_1_00R,FinalPnL_R,FinalPnL_NetPips,Year
EURUSD,2023-01-20 09:15:00+00:00,1,12.2,1.462,0.8,0.096,0,0,0.0,0.0,0.0,0.772,6.45,2023
EURUSD,2023-02-07 11:30:00+00:00,-1,22.0,1.275,2.6,0.151,7,0,1.0,2.0,7.0,0.89,15.35,2023
EURUSD,2023-02-14 04:15:00+00:00,1,9.7,1.389,4.8,0.687,8,0,2.0,6.0,8.0,0.742,5.19,2023
EURUSD,2023-02-27 07:15:00+00:00,-1,6.3,1.003,1.8,0.287,0,0,0.0,0.0,0.0,0.681,4.28,2023
EURUSD,2023-03-01 22:45:00+00:00,1,8.2,0.932,2.3,0.261,3,0,2.0,3.0,,0.784,6.9,2023
EURUSD,2023-03-16 15:30:00+00:00,-1,9.1,0.344,45.8,1.73,0,1,,,,-1.068,-28.27,2023
EURUSD,2023-03-22 04:15:00+00:00,1,1.1,0.165,8.2,1.23,0,2,,,,-1.285,-8.56,2023
EURUSD,2023-04-12 06:15:00+00:00,1,6.5,0.982,3.4,0.513,6,0,3.0,4.0,,0.713,4.72,2023
EURUSD,2023-04-14 01:45:00+00:00,1,8.3,2.17,1.3,0.34,5,0,4.0,5.0,5.0,0.503,1.93,2023
EURUSD,2023-04-19 06:00:00+00:00,1,0.9,0.139,7.1,1.095,0,7,,,,-1.293,-8.38,2023
EURUSD,2023-05-19 06:45:00+00:00,-1,8.1,1.099,0.8,0.109,3,0,2.0,3.0,3.0,0.756,5.57,2023
EURUSD,2023-05-23 12:00:00+00:00,-1,22.1,1.585,1.1,0.079,2,0,1.0,1.0,2.0,0.864,12.04,2023
EURUSD,2023-05-24 01:15:00+00:00,-1,2.3,0.475,6.4,1.322,7,16,,,,-1.413,-6.84,2023
EURUSD,2023-06-16 08:45:00+00:00,1,14.0,2.494,4.7,0.837,2,1,1.0,1.0,2.0,0.679,3.81,2023
EURUSD,2023-06-22 10:30:00+00:00,1,8.6,1.157,5.8,0.78,0,0,0.0,0.0,0.0,0.758,5.64,2023
EURUSD,2023-06-22 10:45:00+00:00,1,4.8,0.552,11.6,1.335,2,3,2.0,,,-1.219,-10.59,2023
EURUSD,2023-06-26 13:00:00+00:00,-1,1.9,0.182,11.4,1.089,0,1,,,,-1.182,-12.37,2023
EURUSD,2023-06-28 03:15:00+00:00,1,0.2,0.048,6.5,1.548,0,1,,,,-1.452,-6.1,2023
EURUSD,2023-07-04 15:00:00+00:00,-1,3.9,0.458,9.3,1.092,0,9,,,,-1.223,-10.42,2023
EURUSD,2023-07-19 16:30:00+00:00,-1,23.3,2.073,11.4,1.014,2,0,2.0,2.0,2.0,0.831,9.34,2023
EURUSD,2023-08-03 16:45:00+00:00,-1,3.5,0.172,23.9,1.172,0,2,,,,-1.093,-22.3,2023
EURUSD,2023-08-08 01:00:00+00:00,1,1.7,0.389,5.4,1.235,8,8,,,,-1.435,-6.27,2023
EURUSD,2023-08-11 18:00:00+00:00,-1,25.8,1.182,3.9,0.179,7,0,1.0,2.0,7.0,0.913,19.94,2023
EURUSD,2023-08-30 15:15:00+00:00,1,15.7,1.288,0.6,0.049,0,0,0.0,0.0,0.0,0.844,10.29,2023
EURUSD,2023-09-07 23:00:00+00:00,-1,1.9,0.27,8.1,1.151,4,16,,,,-1.284,-9.04,2023
EURUSD,2023-09-18 17:00:00+00:00,-1,2.3,0.244,13.3,1.411,0,2,,,,-1.191,-11.23,2023
EURUSD,2023-09-20 16:00:00+00:00,1,11.3,1.483,1.4,0.184,0,0,0.0,0.0,0.0,0.764,5.82,2023
EURUSD,2023-09-29 04:15:00+00:00,1,6.0,1.223,1.3,0.265,2,0,2.0,2.0,2.0,0.552,2.71,2023
EURUSD,2023-10-06 10:30:00+00:00,1,6.1,0.932,0.8,0.122,0,0,0.0,0.0,,0.694,4.55,2023
EURUSD,2023-10-06 11:45:00+00:00,1,12.2,1.385,4.3,0.488,5,0,3.0,3.0,5.0,0.773,6.81,2023
EURUSD,2023-10-11 11:45:00+00:00,1,2.6,0.17,31.3,2.051,2,15,,,,-1.125,-17.16,2023
EURUSD,2023-10-13 16:15:00+00:00,-1,15.5,1.168,2.5,0.188,3,2,0.0,1.0,3.0,0.857,11.38,2023
EURUSD,2023-10-13 21:00:00+00:00,-1,2.2,0.194,15.1,1.331,13,14,,,,-1.238,-14.05,2023
EURUSD,2023-10-19 01:45:00+00:00,-1,4.7,1.167,2.5,0.621,6,5,6.0,6.0,6.0,0.528,2.13,2023
EURUSD,2023-10-23 02:30:00+00:00,1,0.8,0.192,6.3,1.515,0,2,,,,-1.433,-5.96,2023
EURUSD,2023-10-26 18:15:00+00:00,-1,13.9,0.748,25.7,1.383,3,13,0.0,,,-1.102,-20.49,2023
EURUSD,2023-12-06 04:00:00+00:00,-1,3.3,0.515,7.2,1.124,1,5,1.0,,,-1.297,-8.31,2023
EURUSD,2023-12-06 17:30:00+00:00,-1,16.3,1.185,12.8,0.93,11,2,11.0,11.0,11.0,0.869,11.96,2023
EURUSD,2023-12-07 08:15:00+00:00,-1,0.0,0.0,6.2,1.258,0,1,,,,-1.426,-7.03,2023
EURUSD,2023-12-29 05:15:00+00:00,-1,6.4,0.997,1.7,0.265,7,0,0.0,2.0,,0.704,4.52,2023
EURUSD,2024-01-04 03:30:00+00:00,-1,2.9,0.417,8.5,1.222,3,7,,,,-1.259,-8.75,2024
EURUSD,2024-01-10 10:00:00+00:00,-1,2.9,0.336,16.4,1.899,0,1,,,,-1.22,-10.54,2024
EURUSD,2024-01-29 20:15:00+00:00,-1,0.6,0.07,10.3,1.2,0,5,,,,-1.221,-10.48,2024
EURUSD,2024-01-31 18:00:00+00:00,1,6.2,0.345,20.1,1.117,0,5,,,,-1.106,-19.89,2024
EURUSD,2024-02-02 11:00:00+00:00,1,15.4,1.571,0.7,0.071,1,0,0.0,0.0,1.0,0.806,7.9,2024
EURUSD,2024-02-07 16:45:00+00:00,1,1.0,0.095,11.3,1.072,0,1,,,,-1.18,-12.44,2024
EURUSD,2024-02-12 23:15:00+00:00,-1,8.6,1.363,2.0,0.317,3,0,3.0,3.0,3.0,0.636,4.01,2024
EURUSD,2024-02-14 10:00:00+00:00,-1,8.0,1.23,1.4,0.215,0,0,0.0,0.0,0.0,0.708,4.6,2024
EURUSD,2024-02-27 02:30:00+00:00,1,0.0,0.0,4.4,1.177,0,2,,,,-1.481,-5.54,2024
EURUSD,2024-02-29 16:45:00+00:00,1,11.9,0.977,0.6,0.049,1,0,0.0,1.0,,0.844,10.28,2024
EURUSD,2024-03-04 09:45:00+00:00,1,4.3,0.94,0.9,0.197,0,0,0.0,0.0,,0.585,2.68,2024
EURUSD,2024-03-04 11:15:00+00:00,1,7.7,0.972,4.8,0.606,5,0,1.0,5.0,,0.76,6.02,2024
EURUSD,2024-03-12 00:15:00+00:00,-1,0.8,0.177,5.5,1.214,2,5,,,,-1.419,-6.43,2024
EURUSD,2024-03-22 02:00:00+00:00,-1,0.0,0.0,6.1,2.085,0,1,,,,-1.65,-4.82,2024
EURUSD,2024-03-26 04:00:00+00:00,1,3.2,0.93,1.2,0.349,2,0,1.0,1.0,,0.448,1.54,2024
EURUSD,2024-04-18 08:30:00+00:00,1,7.7,1.5,0.7,0.136,2,0,0.0,1.0,2.0,0.63,3.23,2024
EURUSD,2024-04-25 01:00:00+00:00,1,8.05,1.349,2.05,0.344,8,0,7.0,8.0,8.0,0.891,5.32,2024
EURUSD,2024-04-29 21:30:00+00:00,1,4.2,0.6,10.9,1.558,1,22,1.0,,,-1.272,-8.9,2024
EURUSD,2024-05-06 09:45:00+00:00,1,4.7,1.083,3.8,0.876,2,0,2.0,2.0,2.0,0.585,2.54,2024
EURUSD,2024-05-14 15:45:00+00:00,1,16.3,1.666,5.5,0.562,1,0,0.0,1.0,1.0,0.836,8.18,2024
EURUSD,2024-05-30 09:45:00+00:00,-1,2.6,0.574,8.1,1.787,0,1,0.0,,,-1.397,-6.33,2024
EURUSD,2024-06-07 07:15:00+00:00,1,1.5,0.406,4.4,1.19,0,5,,,,-1.514,-5.6,2024
EURUSD,2024-06-19 16:15:00+00:00,1,3.7,0.427,10.9,1.258,5,31,,,,-1.242,-10.77,2024
EURUSD,2024-06-21 03:15:00+00:00,-1,0.3,0.091,4.0,1.208,0,1,,,,-1.574,-5.21,2024
EURUSD,2024-06-27 01:45:00+00:00,-1,2.2,0.563,5.7,1.458,8,10,1.0,,,-1.511,-5.91,2024
EURUSD,2024-07-09 18:15:00+00:00,-1,0.0,0.0,10.7,1.082,0,3,,,,-1.172,-11.59,2024
EURUSD,2024-07-10 17:15:00+00:00,1,6.0,1.037,6.2,1.072,22,16,0.0,1.0,22.0,0.672,3.89,2024
EURUSD,2024-08-07 19:15:00+00:00,1,0.3,0.033,11.9,1.302,0,19,,,,-1.252,-11.44,2024
EURUSD,2024-09-05 10:15:00+00:00,1,3.8,0.842,5.6,1.241,0,0,0.0,0.0,,-1.421,-6.41,2024
EURUSD,2024-09-05 10:45:00+00:00,1,10.7,1.863,1.9,0.331,1,0,0.0,1.0,1.0,0.634,3.64,2024
EURUSD,2024-09-06 15:45:00+00:00,1,1.1,0.074,17.0,1.15,0,0,,,,-1.129,-16.69,2024
EURUSD,2024-10-03 02:00:00+00:00,-1,7.7,1.348,2.1,0.368,5,3,5.0,5.0,5.0,0.685,3.91,2024
EURUSD,2024-10-08 00:00:00+00:00,-1,14.75,2.892,1.45,0.284,0,0,0.0,0.0,0.0,0.373,1.9,2024
EURUSD,2024-10-09 03:00:00+00:00,-1,4.6,0.902,3.9,0.765,5,3,4.0,5.0,,0.627,3.2,2024
EURUSD,2024-10-09 14:15:00+00:00,-1,9.4,1.29,3.4,0.467,2,0,1.0,2.0,2.0,0.739,5.39,2024
EURUSD,2024-10-14 22:45:00+00:00,-1,0.0,0.0,6.9,1.148,0,2,,,,-1.333,-8.01,2024
EURUSD,2024-10-21 00:30:00+00:00,1,7.3,1.588,1.8,0.392,2,0,0.0,2.0,2.0,0.782,3.6,2024
EURUSD,2024-10-25 12:15:00+00:00,1,12.8,1.593,5.0,0.622,13,13,13.0,13.0,13.0,0.788,6.34,2024
EURUSD,2024-10-29 04:00:00+00:00,1,1.7,0.391,7.4,1.701,1,5,,,,-1.46,-6.35,2024
EURUSD,2024-10-31 13:45:00+00:00,1,11.5,1.292,1.3,0.146,2,0,1.0,2.0,2.0,0.787,7.0,2024
EURUSD,2024-12-06 11:00:00+00:00,1,1.0,0.114,11.2,1.275,0,2,,,,-1.205,-10.59,2024
EURUSD,2024-12-06 11:45:00+00:00,1,50.1,4.634,8.1,0.749,15,1,5.0,8.0,15.0,0.824,8.91,2024
EURUSD,2024-12-16 22:00:00+00:00,1,10.9,1.011,4.2,0.39,18,8,15.0,16.0,18.0,0.814,8.78,2024
EURUSD,2024-12-26 20:00:00+00:00,1,12.5,1.244,0.6,0.06,0,0,0.0,0.0,0.0,0.801,8.05,2024
EURUSD,2024-12-30 01:00:00+00:00,1,4.0,0.664,10.0,1.661,0,16,0.0,,,-1.432,-8.62,2024
EURUSD,2025-01-09 09:30:00+00:00,-1,9.9,1.232,0.8,0.1,0,0,0.0,0.0,0.0,0.788,6.34,2025
EURUSD,2025-01-09 21:15:00+00:00,-1,6.2,0.86,5.9,0.818,21,25,11.0,20.0,,-0.458,-3.3,2025
EURUSD,2025-01-13 02:15:00+00:00,-1,8.4,0.954,8.1,0.92,11,4,2.0,11.0,,0.796,7.01,2025
EURUSD,2025-01-14 11:45:00+00:00,1,2.1,0.149,20.9,1.485,0,9,,,,-1.156,-16.28,2025
EURUSD,2025-02-11 10:00:00+00:00,-1,2.8,0.521,6.1,1.134,0,1,0.0,,,-1.353,-7.28,2025
EURUSD,2025-03-04 09:00:00+00:00,1,8.4,0.911,6.3,0.683,2,1,0.0,1.0,,0.74,6.82,2025
EURUSD,2025-03-06 10:45:00+00:00,1,7.3,0.376,23.4,1.207,0,2,,,,-1.103,-21.39,2025
EURUSD,2025-03-10 17:00:00+00:00,1,2.2,0.141,18.1,1.161,0,1,,,,-1.128,-17.59,2025
EURUSD,2025-03-12 13:30:00+00:00,1,1.0,0.075,19.6,1.468,0,2,,,,-1.135,-15.15,2025
EURUSD,2025-03-12 19:15:00+00:00,1,5.3,0.321,29.1,1.76,1,5,,,,-1.103,-18.23,2025
EURUSD,2025-03-13 09:30:00+00:00,-1,15.4,1.489,1.6,0.155,0,0,0.0,0.0,0.0,0.836,8.64,2025
EURUSD,2025-03-21 03:00:00+00:00,-1,3.9,0.897,0.7,0.161,0,0,0.0,0.0,,0.563,2.45,2025
EURUSD,2025-04-02 09:30:00+00:00,-1,8.9,1.579,2.7,0.479,2,2,0.0,2.0,2.0,0.716,4.04,2025
EURUSD,2025-04-18 10:15:00+00:00,1,9.8,1.09,6.4,0.712,17,5,17.0,17.0,17.0,0.789,7.09,2025
EURUSD,2025-05-02 03:15:00+00:00,-1,7.5,1.034,1.1,0.152,0,0,0.0,0.0,0.0,0.738,5.35,2025
EURUSD,2025-05-07 10:45:00+00:00,1,13.0,1.025,6.8,0.536,3,1,2.0,3.0,3.0,0.842,10.69,2025
EURUSD,2025-05-12 09:45:00+00:00,-1,60.4,5.273,5.7,0.498,1,0,1.0,1.0,1.0,0.834,9.55,2025
EURUSD,2025-05-14 08:45:00+00:00,1,18.7,1.929,10.1,1.042,7,1,2.0,3.0,7.0,0.804,7.8,2025
EURUSD,2025-05-21 18:45:00+00:00,1,22.6,1.279,7.5,0.424,6,0,1.0,6.0,6.0,0.892,15.77,2025
EURUSD,2025-05-27 05:15:00+00:00,1,1.4,0.161,10.5,1.204,0,2,,,,-1.229,-10.72,2025
EURUSD,2025-06-06 04:30:00+00:00,1,0.0,0.0,7.65,1.178,0,0,,,,-1.308,-8.49,2025
EURUSD,2025-06-23 11:15:00+00:00,-1,13.9,0.947,4.0,0.273,2,0,2.0,2.0,,0.857,12.58,2025
EURUSD,2025-06-24 10:15:00+00:00,1,1.6,0.123,26.9,2.063,0,1,,,,-1.138,-14.84,2025
EURUSD,2025-06-24 15:45:00+00:00,1,0.2,0.016,16.7,1.318,0,1,,,,-1.15,-14.57,2025
EURUSD,2025-06-30 12:00:00+00:00,1,3.3,0.215,18.2,1.185,1,13,,,,-1.104,-16.95,2025
EURUSD,2025-07-01 11:00:00+00:00,1,0.2,0.019,9.9,0.939,0,0,,,,-0.991,-10.44,2025
EURUSD,2025-07-29 08:45:00+00:00,-1,9.7,1.147,1.0,0.118,1,1,0.0,0.0,1.0,0.775,6.55,2025
EURUSD,2025-08-06 09:00:00+00:00,1,7.2,1.021,2.6,0.369,1,0,0.0,1.0,1.0,0.787,5.55,2025
EURUSD,2025-08-13 23:45:00+00:00,1,0.0,0.0,9.45,1.374,0,2,,,,-1.334,-9.18,2025
EURUSD,2025-08-15 22:00:00+00:00,1,7.35,1.047,5.35,0.762,8,6,4.0,8.0,8.0,0.687,4.82,2025
EURUSD,2025-09-19 10:45:00+00:00,-1,12.5,0.971,8.3,0.645,1,0,1.0,1.0,,0.86,11.07,2025
EURUSD,2025-10-17 05:15:00+00:00,1,8.5,1.114,1.4,0.184,1,0,0.0,1.0,1.0,0.777,5.93,2025
EURUSD,2025-10-31 05:00:00+00:00,-1,6.9,0.976,6.2,0.877,15,13,15.0,15.0,,0.731,5.17,2025
EURUSD,2025-11-05 20:30:00+00:00,-1,2.3,0.208,11.9,1.078,1,11,,,,-1.181,-13.04,2025
EURUSD,2025-11-18 14:00:00+00:00,-1,1.0,0.115,11.4,1.312,0,4,,,,-1.219,-10.59,2025
EURUSD,2025-12-02 16:00:00+00:00,1,5.0,0.685,15.8,2.165,0,4,0.0,,,-1.26,-9.2,2025
EURUSD,2025-12-05 20:45:00+00:00,-1,9.2,0.886,11.1,1.069,13,28,13.0,13.0,,-1.183,-12.28,2025
EURUSD,2025-12-10 21:15:00+00:00,1,11.2,0.985,23.0,2.023,1,1,1.0,1.0,,-1.176,-13.37,2025
EURUSD,2025-12-12 08:00:00+00:00,1,4.0,0.773,11.4,2.203,6,11,0.0,6.0,,-1.348,-6.98,2025
EURUSD,2025-12-15 01:45:00+00:00,1,0.2,0.03,8.1,1.217,0,1,,,,-1.286,-8.55,2025
EURUSD,2025-12-16 09:45:00+00:00,1,6.8,1.175,3.5,0.605,1,0,1.0,1.0,1.0,0.672,3.89,2025
EURUSD,2025-12-16 16:00:00+00:00,1,23.9,1.812,7.5,0.569,3,1,1.0,2.0,3.0,0.856,11.29,2025
EURUSD,2025-12-18 08:45:00+00:00,1,4.4,0.997,2.1,0.476,1,1,1.0,1.0,,0.57,2.51,2025
EURUSD,2025-12-19 10:30:00+00:00,-1,8.5,1.114,6.7,0.878,19,3,18.0,19.0,19.0,0.751,5.73,2025
EURUSD,2026-01-08 18:00:00+00:00,-1,13.4,1.407,1.7,0.178,1,0,0.0,0.0,1.0,0.801,7.63,2026
EURUSD,2026-01-09 11:15:00+00:00,-1,7.1,0.941,1.5,0.199,3,0,0.0,3.0,,0.722,5.44,2026
EURUSD,2026-01-13 13:15:00+00:00,1,3.1,0.418,14.3,1.929,1,6,,,,-1.256,-9.31,2026
EURUSD,2026-01-14 01:45:00+00:00,-1,4.7,1.306,1.3,0.361,1,0,1.0,1.0,1.0,0.472,1.7,2026
EURUSD,2026-01-22 07:45:00+00:00,-1,1.9,0.337,6.8,1.207,4,7,,,,-1.337,-7.54,2026
EURUSD,2026-02-03 15:00:00+00:00,-1,15.8,1.52,10.9,1.049,4,1,4.0,4.0,4.0,0.817,8.49,2026
EURUSD,2026-02-10 01:00:00+00:00,1,1.0,0.156,9.8,1.527,0,1,,,,-1.452,-9.32,2026
EURUSD,2026-02-12 21:45:00+00:00,-1,1.6,0.13,8.9,0.723,22,21,,,,-0.301,-3.7,2026
EURUSD,2026-02-16 03:45:00+00:00,-1,3.8,0.591,7.2,1.12,16,25,16.0,,,-1.296,-8.33,2026
EURUSD,2026-02-27 14:30:00+00:00,1,1.4,0.157,15.7,1.759,0,4,,,,-1.213,-10.82,2026
EURUSD,2026-03-26 09:30:00+00:00,-1,10.6,1.102,2.0,0.208,2,0,0.0,1.0,2.0,0.803,7.72,2026
EURUSD,2026-04-01 05:45:00+00:00,1,22.8,2.149,8.2,0.773,14,4,10.0,11.0,14.0,0.821,8.71,2026
EURUSD,2026-04-13 18:45:00+00:00,1,16.8,1.341,3.1,0.248,3,1,1.0,3.0,3.0,0.888,11.13,2026
EURUSD,2026-04-15 02:00:00+00:00,1,6.0,1.223,1.8,0.367,2,0,2.0,2.0,2.0,0.613,3.01,2026
EURUSD,2026-04-22 04:15:00+00:00,-1,1.5,0.227,7.3,1.102,0,1,,,,-1.227,-8.12,2026
EURUSD,2026-05-12 15:00:00+00:00,-1,10.3,1.119,6.8,0.739,5,4,0.0,2.0,5.0,0.794,7.3,2026
EURUSD,2026-05-13 20:00:00+00:00,-1,5.1,0.533,10.2,1.066,4,21,4.0,,,-1.199,-11.47,2026
EURUSD,2026-05-21 03:15:00+00:00,1,8.1,1.454,4.2,0.754,3,0,3.0,3.0,3.0,0.659,3.67,2026
EURUSD,2026-06-03 23:45:00+00:00,-1,3.1,0.806,14.7,3.822,6,8,5.0,6.0,,-1.494,-5.75,2026
EURUSD,2026-06-08 10:30:00+00:00,-1,12.1,1.132,3.7,0.346,4,0,1.0,2.0,4.0,0.822,8.79,2026
EURUSD,2026-06-12 14:45:00+00:00,1,0.0,0.0,13.4,1.088,0,1,,,,-1.154,-14.21,2026
EURUSD,2026-06-23 09:45:00+00:00,-1,2.8,0.388,14.2,1.969,0,1,,,,-1.263,-9.11,2026
EURUSD,2026-08-05 16:15:00+00:00,1,9.1,1.112,6.7,0.818,3,2,0.0,0.0,3.0,0.768,6.29,2026
EURUSD,2026-08-07 09:00:00+00:00,-1,4.0,1.138,3.4,0.967,4,1,4.0,4.0,4.0,0.459,1.61,2026
EURUSD,2026-08-21 14:15:00+00:00,1,5.1,0.559,10.1,1.108,0,4,0.0,,,-1.219,-11.12,2026
GBPUSD,2023-01-24 03:15:00+00:00,1,10.0,1.046,9.7,1.015,17,11,1.0,17.0,17.0,0.697,6.66,2023
GBPUSD,2023-01-27 16:15:00+00:00,-1,8.3,0.419,21.9,1.105,0,1,,,,-1.156,-22.91,2023
GBPUSD,2023-01-31 23:30:00+00:00,-1,17.2,1.895,1.2,0.132,2,0,1.0,2.0,2.0,0.675,6.13,2023
GBPUSD,2023-02-02 09:15:00+00:00,1,0.0,0.0,16.5,1.638,0,1,,,,-1.278,-12.87,2023
GBPUSD,2023-02-13 04:30:00+00:00,-1,7.1,0.642,13.3,1.203,0,16,0.0,,,-1.262,-13.96,2023
GBPUSD,2023-02-13 11:00:00+00:00,-1,3.1,0.244,15.3,1.206,0,1,,,,-1.213,-15.39,2023
GBPUSD,2023-02-14 22:45:00+00:00,1,3.7,0.243,22.5,1.477,17,21,,,,-1.164,-17.74,2023
GBPUSD,2023-02-20 18:30:00+00:00,1,9.0,0.807,9.8,0.879,28,30,1.0,27.0,,-0.108,-1.2,2023
GBPUSD,2023-02-22 04:30:00+00:00,1,6.0,0.529,12.7,1.12,2,9,2.0,,,-1.238,-14.04,2023
GBPUSD,2023-03-20 04:45:00+00:00,1,1.2,0.089,15.3,1.135,0,2,,,,-1.2,-16.18,2023
GBPUSD,2023-04-17 03:45:00+00:00,-1,14.4,1.755,1.5,0.183,0,0,0.0,0.0,0.0,0.683,5.61,2023
GBPUSD,2023-04-18 22:45:00+00:00,1,0.0,0.0,9.4,1.358,0,5,,,,-1.549,-10.72,2023
GBPUSD,2023-04-20 01:45:00+00:00,1,0.0,0.0,10.2,2.102,0,0,,,,-1.556,-7.55,2023
GBPUSD,2023-04-20 10:15:00+00:00,1,1.5,0.151,15.4,1.554,0,0,,,,-1.272,-12.61,2023
GBPUSD,2023-04-20 11:15:00+00:00,1,12.4,0.845,17.2,1.173,0,3,0.0,0.0,,-1.198,-17.57,2023
GBPUSD,2023-05-10 17:00:00+00:00,1,14.7,0.635,31.7,1.37,1,3,1.0,,,-1.121,-25.94,2023
GBPUSD,2023-05-12 17:15:00+00:00,-1,23.9,1.293,8.6,0.465,2,0,2.0,2.0,2.0,0.859,15.88,2023
GBPUSD,2023-05-25 02:30:00+00:00,-1,6.7,0.909,6.1,0.828,4,1,2.0,4.0,,0.634,4.67,2023
GBPUSD,2023-06-14 03:45:00+00:00,1,5.9,1.063,3.8,0.685,2,0,1.0,2.0,2.0,0.495,2.75,2023
GBPUSD,2023-06-14 10:30:00+00:00,1,17.8,1.611,5.1,0.462,3,0,1.0,1.0,3.0,0.765,8.45,2023
GBPUSD,2023-06-23 16:45:00+00:00,-1,25.5,1.534,14.4,0.867,9,1,0.0,2.0,8.0,0.982,16.32,2023
GBPUSD,2023-07-04 10:45:00+00:00,1,13.9,1.164,5.1,0.427,10,0,6.0,7.0,10.0,0.766,9.15,2023
GBPUSD,2023-07-07 15:30:00+00:00,1,13.9,0.817,22.8,1.34,0,0,0.0,0.0,,-1.253,-21.31,2023
GBPUSD,2023-07-07 16:30:00+00:00,1,24.2,0.988,1.0,0.041,1,0,0.0,0.0,,0.886,21.69,2023
GBPUSD,2023-07-13 04:30:00+00:00,1,5.5,0.857,2.4,0.374,1,0,1.0,1.0,,0.579,3.72,2023
GBPUSD,2023-07-26 15:30:00+00:00,1,15.8,1.029,8.1,0.528,6,2,4.0,4.0,6.0,0.831,12.75,2023
GBPUSD,2023-08-10 01:00:00+00:00,-1,6.3,0.923,3.7,0.542,10,6,10.0,10.0,,0.619,4.23,2023
GBPUSD,2023-08-25 23:15:00+00:00,-1,15.0,1.313,2.1,0.184,3,0,1.0,2.0,3.0,0.326,3.72,2023
GBPUSD,2023-09-05 21:00:00+00:00,-1,15.8,1.16,8.1,0.595,12,1,12.0,12.0,12.0,0.732,9.97,2023
GBPUSD,2023-09-07 21:30:00+00:00,-1,9.7,0.803,18.2,1.506,11,24,5.0,11.0,,-1.223,-14.79,2023
GBPUSD,2023-09-08 15:15:00+00:00,-1,2.2,0.159,17.0,1.225,0,1,,,,-1.195,-16.58,2023
GBPUSD,2023-09-19 09:15:00+00:00,-1,7.1,1.299,1.2,0.22,0,0,0.0,0.0,0.0,0.488,2.66,2023
GBPUSD,2023-09-25 09:30:00+00:00,-1,0.6,0.109,10.3,1.874,0,1,,,,-1.491,-8.2,2023
GBPUSD,2023-09-27 11:15:00+00:00,-1,0.5,0.048,13.0,1.237,0,0,,,,-1.266,-13.31,2023
GBPUSD,2023-09-27 20:15:00+00:00,-1,11.7,0.597,30.9,1.578,1,7,0.0,,,-1.138,-22.29,2023
GBPUSD,2023-10-12 03:45:00+00:00,1,5.1,1.089,4.2,0.897,2,0,1.0,2.0,2.0,0.423,1.98,2023
GBPUSD,2023-11-08 01:15:00+00:00,-1,10.15,1.18,1.35,0.157,7,4,3.0,5.0,7.0,0.692,5.95,2023
GBPUSD,2023-11-14 11:15:00+00:00,1,10.8,0.954,2.2,0.194,1,1,1.0,1.0,,0.726,8.22,2023
GBPUSD,2023-11-24 01:15:00+00:00,1,9.25,1.72,3.85,0.716,6,2,5.0,6.0,6.0,0.34,1.83,2023
GBPUSD,2023-11-27 10:15:00+00:00,1,0.0,0.0,15.2,1.486,0,1,,,,-1.264,-12.93,2023
GBPUSD,2023-12-05 10:45:00+00:00,-1,1.5,0.129,16.4,1.413,0,3,,,,-1.233,-14.3,2023
GBPUSD,2023-12-11 08:00:00+00:00,-1,3.7,0.842,4.9,1.115,3,1,3.0,3.0,,0.363,1.59,2023
GBPUSD,2023-12-18 15:00:00+00:00,-1,16.8,1.119,15.2,1.013,10,3,8.0,8.0,10.0,0.82,12.31,2023
GBPUSD,2023-12-27 09:15:00+00:00,1,0.0,0.0,7.7,1.393,0,1,,,,-1.488,-8.23,2023
GBPUSD,2023-12-29 04:15:00+00:00,-1,2.2,0.257,10.3,1.202,4,9,,,,-1.315,-11.27,2023
GBPUSD,2024-01-05 15:00:00+00:00,-1,49.7,4.101,10.4,0.858,2,1,2.0,2.0,2.0,0.777,9.42,2024
GBPUSD,2024-01-10 07:00:00+00:00,-1,6.5,1.008,3.2,0.496,4,1,4.0,4.0,4.0,0.597,3.85,2024
GBPUSD,2024-01-18 10:45:00+00:00,1,2.2,0.166,16.1,1.218,0,1,,,,-1.204,-15.92,2024
GBPUSD,2024-02-05 11:45:00+00:00,-1,20.5,1.588,6.4,0.496,1,0,1.0,1.0,1.0,0.791,10.21,2024
GBPUSD,2024-02-06 05:45:00+00:00,-1,0.1,0.016,11.7,1.863,0,2,,,,-1.414,-8.88,2024
GBPUSD,2024-02-08 02:15:00+00:00,1,6.5,0.955,2.1,0.309,3,0,1.0,3.0,,0.603,4.1,2024
GBPUSD,2024-02-28 00:45:00+00:00,1,0.0,0.0,10.4,1.599,0,5,,,,-1.569,-10.2,2024
GBPUSD,2024-03-01 23:30:00+00:00,1,0.35,0.046,9.65,1.256,0,1,,,,-1.371,-10.53,2024
GBPUSD,2024-03-07 15:15:00+00:00,1,9.0,0.947,8.3,0.873,1,0,1.0,1.0,,0.726,6.9,2024
GBPUSD,2024-04-04 09:45:00+00:00,1,0.0,0.0,9.9,1.777,0,0,,,,-1.485,-8.27,2024
GBPUSD,2024-04-04 10:15:00+00:00,1,10.1,1.433,1.9,0.27,1,0,0.0,1.0,1.0,0.617,4.35,2024
GBPUSD,2024-05-14 00:00:00+00:00,1,2.1,0.408,3.0,0.583,0,0,,,,-0.922,-4.74,2024
GBPUSD,2024-05-20 19:00:00+00:00,1,8.3,0.919,1.4,0.155,1,0,1.0,1.0,,0.712,6.43,2024
GBPUSD,2024-05-21 16:45:00+00:00,1,12.4,1.185,6.4,0.611,4,1,1.0,2.0,4.0,0.742,7.77,2024
GBPUSD,2024-05-27 15:45:00+00:00,1,8.4,1.193,1.1,0.156,1,0,0.0,0.0,1.0,0.631,4.44,2024
GBPUSD,2024-06-03 05:30:00+00:00,1,1.0,0.178,7.4,1.316,1,4,,,,-1.498,-8.43,2024
GBPUSD,2024-06-17 03:15:00+00:00,-1,17.4,2.506,7.0,1.008,23,1,5.0,22.0,23.0,0.611,4.24,2024
GBPUSD,2024-06-17 10:45:00+00:00,-1,1.1,0.12,15.5,1.694,0,1,,,,-1.295,-11.85,2024
GBPUSD,2024-06-21 03:15:00+00:00,-1,1.3,0.255,8.9,1.745,3,9,,,,-1.529,-7.8,2024
GBPUSD,2024-06-21 09:45:00+00:00,-1,3.5,0.805,3.8,0.874,0,0,0.0,0.0,,0.379,1.65,2024
GBPUSD,2024-07-08 14:15:00+00:00,1,10.5,1.116,1.0,0.106,2,0,0.0,1.0,2.0,0.702,6.61,2024
GBPUSD,2024-07-10 09:15:00+00:00,-1,0.0,0.0,6.3,1.661,0,0,,,,-1.738,-6.59,2024
GBPUSD,2024-07-25 17:15:00+00:00,-1,2.0,0.157,15.5,1.219,0,0,,,,-1.212,-15.42,2024
GBPUSD,2024-08-07 00:45:00+00:00,-1,8.7,0.643,20.2,1.494,8,17,8.0,,,-1.214,-16.42,2024
GBPUSD,2024-08-12 07:00:00+00:00,1,3.4,0.826,1.1,0.267,2,0,1.0,2.0,,0.344,1.41,2024
GBPUSD,2024-09-03 17:00:00+00:00,-1,20.1,1.392,10.0,0.692,0,0,0.0,0.0,0.0,0.695,10.04,2024
GBPUSD,2024-09-03 17:15:00+00:00,-1,13.9,0.823,14.9,0.882,15,26,0.0,0.0,,-0.669,-11.3,2024
GBPUSD,2024-09-04 19:15:00+00:00,1,10.6,0.581,14.9,0.817,3,7,1.0,,,0.049,0.9,2024
GBPUSD,2024-09-05 22:15:00+00:00,1,8.2,0.763,5.7,0.53,6,2,5.0,6.0,,0.223,2.4,2024
GBPUSD,2024-09-30 10:45:00+00:00,1,12.1,1.053,1.4,0.122,1,0,0.0,1.0,1.0,0.782,8.99,2024
GBPUSD,2024-10-01 10:00:00+00:00,-1,23.9,2.196,10.0,0.919,0,0,0.0,0.0,0.0,0.789,8.59,2024
GBPUSD,2024-10-01 10:15:00+00:00,-1,15.3,1.087,14.0,0.994,3,0,1.0,3.0,3.0,0.808,11.38,2024
GBPUSD,2024-10-04 06:45:00+00:00,-1,0.2,0.029,8.0,1.163,0,1,,,,-1.393,-9.58,2024
GBPUSD,2024-10-10 16:30:00+00:00,-1,25.3,1.102,3.1,0.135,0,0,0.0,0.0,0.0,0.904,20.75,2024
GBPUSD,2024-10-16 07:15:00+00:00,1,3.1,0.497,68.7,11.017,5,7,,,,-1.417,-8.84,2024
GBPUSD,2024-11-14 02:15:00+00:00,-1,12.2,1.356,5.8,0.644,5,1,3.0,5.0,5.0,0.678,6.1,2024
GBPUSD,2024-11-18 16:15:00+00:00,-1,2.5,0.213,15.2,1.296,0,1,,,,-1.239,-14.53,2024
GBPUSD,2024-11-21 05:15:00+00:00,-1,0.0,0.0,7.6,1.349,0,1,,,,-1.479,-8.34,2024
GBPUSD,2024-12-30 00:15:00+00:00,1,0.85,0.09,17.95,1.902,0,0,,,,-1.985,-18.74,2024
GBPUSD,2024-12-30 01:00:00+00:00,1,14.7,1.243,1.0,0.085,28,0,0.0,0.0,0.0,1.051,12.43,2024
GBPUSD,2025-01-15 18:00:00+00:00,1,0.3,0.009,72.6,2.261,0,2,,,,-1.081,-34.71,2025
GBPUSD,2025-01-22 06:30:00+00:00,1,4.0,0.435,10.5,1.142,1,3,,,,-1.294,-11.89,2025
GBPUSD,2025-01-28 16:45:00+00:00,-1,10.2,0.727,15.0,1.07,8,3,1.0,,,-0.528,-7.4,2025
GBPUSD,2025-02-05 09:15:00+00:00,1,19.3,1.945,1.1,0.111,0,0,0.0,0.0,0.0,0.698,6.92,2025
GBPUSD,2025-02-10 18:00:00+00:00,-1,14.9,1.187,5.4,0.43,3,0,1.0,3.0,3.0,0.777,9.76,2025
GBPUSD,2025-02-18 11:15:00+00:00,1,2.8,0.194,16.8,1.167,0,4,,,,-1.146,-16.5,2025
GBPUSD,2025-02-24 21:45:00+00:00,-1,14.2,1.183,5.2,0.433,5,2,3.0,4.0,5.0,0.783,9.4,2025
GBPUSD,2025-03-06 10:45:00+00:00,1,6.8,0.35,21.7,1.117,0,1,,,,-1.134,-22.03,2025
GBPUSD,2025-03-12 15:30:00+00:00,1,0.7,0.032,26.2,1.188,0,1,,,,-1.127,-24.85,2025
GBPUSD,2025-03-21 20:00:00+00:00,-1,13.9,0.854,13.6,0.835,12,24,10.0,12.0,,-0.461,-7.5,2025
GBPUSD,2025-04-01 17:30:00+00:00,-1,0.0,0.0,20.5,1.256,0,0,,,,-1.221,-19.92,2025
GBPUSD,2025-04-07 11:15:00+00:00,-1,43.1,1.626,6.7,0.253,4,0,0.0,1.0,4.0,0.887,23.51,2025
GBPUSD,2025-04-07 21:15:00+00:00,-1,38.0,1.284,18.5,0.625,6,1,3.0,6.0,6.0,0.888,26.29,2025
GBPUSD,2025-04-08 03:00:00+00:00,-1,0.0,0.0,15.9,1.56,0,0,,,,-1.304,-13.29,2025
GBPUSD,2025-04-10 06:00:00+00:00,1,14.1,0.94,2.1,0.14,6,0,0.0,0.0,,0.78,11.7,2025
GBPUSD,2025-04-11 20:45:00+00:00,1,0.7,0.025,29.7,1.047,0,0,,,,-1.099,-31.16,2025
GBPUSD,2025-04-15 15:00:00+00:00,1,11.2,0.624,22.1,1.231,1,8,1.0,,,-1.195,-21.46,2025
GBPUSD,2025-04-21 22:15:00+00:00,1,0.0,0.0,16.9,1.56,0,7,,,,-1.383,-14.98,2025
GBPUSD,2025-04-29 09:15:00+00:00,1,2.2,0.216,12.2,1.197,0,2,,,,-1.324,-13.49,2025
GBPUSD,2025-05-16 06:00:00+00:00,1,15.2,1.667,3.7,0.406,8,0,2.0,7.0,8.0,0.638,5.82,2025
GBPUSD,2025-05-27 05:15:00+00:00,1,0.0,0.0,10.1,1.175,0,1,,,,-1.384,-11.89,2025
GBPUSD,2025-05-29 23:15:00+00:00,1,0.0,0.0,12.1,1.195,0,2,,,,-1.326,-13.43,2025
GBPUSD,2025-06-06 19:30:00+00:00,-1,9.4,0.43,14.3,0.654,2,28,,,,-0.444,-9.7,2025
GBPUSD,2025-06-16 18:15:00+00:00,1,11.7,0.714,18.0,1.098,7,17,4.0,,,-1.22,-19.99,2025
GBPUSD,2025-07-28 10:30:00+00:00,-1,15.8,1.342,4.2,0.357,1,0,0.0,1.0,1.0,0.728,8.57,2025
GBPUSD,2025-07-29 06:15:00+00:00,-1,7.8,0.924,1.7,0.201,1,0,1.0,1.0,,0.609,5.14,2025
GBPUSD,2025-08-04 09:15:00+00:00,1,5.6,0.546,16.9,1.646,0,0,0.0,,,-1.253,-12.86,2025
GBPUSD,2025-08-08 22:00:00+00:00,1,0.0,0.0,10.4,1.169,0,1,,,,-1.326,-11.79,2025
GBPUSD,2025-08-14 05:15:00+00:00,1,0.0,0.0,8.1,1.345,0,0,,,,-1.548,-9.32,2025
GBPUSD,2025-08-19 07:15:00+00:00,-1,0.4,0.053,11.1,1.457,0,3,,,,-1.446,-11.02,2025
GBPUSD,2025-08-28 15:45:00+00:00,1,1.6,0.144,17.0,1.53,0,0,,,,-1.306,-14.51,2025
GBPUSD,2025-09-04 22:00:00+00:00,-1,0.0,0.0,11.6,1.164,0,3,,,,-1.261,-12.56,2025
GBPUSD,2025-09-08 12:00:00+00:00,1,18.5,1.351,11.7,0.854,7,4,6.0,7.0,7.0,0.803,10.99,2025
GBPUSD,2025-09-17 01:30:00+00:00,1,7.0,0.883,4.9,0.618,6,1,5.0,6.0,,0.659,5.23,2025
GBPUSD,2025-09-19 02:00:00+00:00,-1,8.1,1.145,5.9,0.834,4,3,4.0,4.0,4.0,0.703,4.97,2025
GBPUSD,2025-09-23 17:15:00+00:00,1,5.7,0.393,19.3,1.33,22,27,,,,-1.424,-20.66,2025
GBPUSD,2025-09-30 21:15:00+00:00,1,0.0,0.0,15.2,1.114,0,8,,,,-1.198,-16.34,2025
GBPUSD,2025-10-07 07:15:00+00:00,1,0.8,0.118,12.0,1.769,0,2,,,,-1.398,-9.48,2025
GBPUSD,2025-10-17 10:00:00+00:00,1,1.9,0.184,18.9,1.832,0,0,,,,-1.242,-12.82,2025
GBPUSD,2025-10-21 23:00:00+00:00,-1,9.4,1.203,1.0,0.128,4,0,1.0,4.0,4.0,0.251,1.96,2025
GBPUSD,2025-10-28 02:15:00+00:00,1,4.7,0.874,1.2,0.223,0,0,0.0,0.0,,0.498,2.68,2025
GBPUSD,2025-11-10 19:30:00+00:00,1,18.0,1.257,1.7,0.119,2,0,0.0,1.0,2.0,0.805,11.52,2025
GBPUSD,2025-11-17 19:30:00+00:00,1,0.0,0.0,15.5,1.142,0,3,,,,-1.155,-15.67,2025
GBPUSD,2025-12-19 08:45:00+00:00,-1,0.0,0.0,14.8,2.04,0,0,,,,-1.4,-10.15,2025
GBPUSD,2025-12-30 00:30:00+00:00,1,1.5,0.15,11.3,1.133,6,10,,,,-1.271,-12.67,2025
GBPUSD,2026-01-09 10:15:00+00:00,-1,10.6,1.191,3.8,0.427,1,0,1.0,1.0,1.0,0.686,6.1,2026
GBPUSD,2026-01-13 06:15:00+00:00,1,4.3,0.509,10.1,1.195,0,8,0.0,,,-1.367,-11.55,2026
GBPUSD,2026-01-14 02:45:00+00:00,-1,5.0,0.872,2.8,0.488,1,0,1.0,1.0,,0.546,3.13,2026
GBPUSD,2026-01-21 14:00:00+00:00,-1,7.1,0.558,16.6,1.305,0,2,0.0,,,-1.212,-15.42,2026
GBPUSD,2026-01-29 10:00:00+00:00,1,13.3,1.079,3.6,0.292,0,0,0.0,0.0,0.0,0.789,9.72,2026
GBPUSD,2026-02-09 17:00:00+00:00,1,24.2,0.995,1.5,0.062,1,0,0.0,0.0,,0.893,21.71,2026
GBPUSD,2026-02-10 17:00:00+00:00,1,0.4,0.02,23.9,1.2,0,1,,,,-1.105,-22.02,2026
GBPUSD,2026-02-16 12:15:00+00:00,1,3.0,0.212,16.5,1.164,2,11,,,,-1.183,-16.77,2026
GBPUSD,2026-02-20 03:15:00+00:00,-1,12.6,1.549,3.3,0.406,1,0,0.0,1.0,1.0,0.656,5.33,2026
GBPUSD,2026-03-05 20:15:00+00:00,-1,11.3,0.466,29.4,1.214,0,7,,,,-1.111,-26.92,2026
GBPUSD,2026-03-12 15:45:00+00:00,-1,14.0,1.157,5.2,0.43,0,0,0.0,0.0,0.0,0.777,9.4,2026
GBPUSD,2026-03-17 23:15:00+00:00,1,5.5,0.681,4.7,0.582,11,2,3.0,,,0.393,3.18,2026
GBPUSD,2026-03-18 09:15:00+00:00,1,0.0,0.0,15.1,2.034,0,1,,,,-1.364,-10.13,2026
GBPUSD,2026-03-23 07:15:00+00:00,-1,16.8,1.38,1.1,0.09,1,0,0.0,0.0,1.0,0.778,9.47,2026
GBPUSD,2026-04-06 22:00:00+00:00,1,2.1,0.167,13.7,1.089,0,8,,,,-1.473,-18.53,2026
GBPUSD,2026-04-15 07:15:00+00:00,1,10.6,1.405,3.2,0.424,4,1,3.0,4.0,4.0,0.642,4.84,2026
GBPUSD,2026-04-22 04:15:00+00:00,-1,0.0,0.0,11.1,1.306,0,1,,,,-1.318,-11.2,2026
GBPUSD,2026-04-23 01:00:00+00:00,-1,14.1,1.867,4.4,0.583,8,0,8.0,8.0,8.0,0.643,4.85,2026
GBPUSD,2026-04-23 21:45:00+00:00,-1,17.4,0.951,1.1,0.06,6,0,1.0,3.0,,0.858,15.7,2026
GBPUSD,2026-05-13 00:30:00+00:00,-1,0.0,0.0,14.15,1.55,0,2,,,,-1.728,-15.78,2026
GBPUSD,2026-05-14 15:30:00+00:00,-1,13.0,0.944,2.9,0.211,3,0,2.0,3.0,,0.804,11.07,2026
GBPUSD,2026-05-22 18:00:00+00:00,1,18.4,1.089,5.9,0.349,10,0,2.0,8.0,10.0,0.84,14.2,2026
GBPUSD,2026-05-27 05:30:00+00:00,-1,0.0,0.0,10.5,1.929,0,2,,,,-1.496,-8.14,2026
GBPUSD,2026-05-29 09:00:00+00:00,1,4.4,0.815,2.8,0.519,0,0,0.0,0.0,,0.5,2.7,2026
GBPUSD,2026-06-10 08:30:00+00:00,1,7.9,1.058,1.2,0.161,0,0,0.0,0.0,0.0,0.638,4.77,2026
GBPUSD,2026-06-12 06:15:00+00:00,1,9.3,1.129,1.3,0.158,1,0,0.0,1.0,1.0,0.672,5.54,2026
GBPUSD,2026-06-26 11:15:00+00:00,1,11.6,0.955,7.3,0.601,2,0,2.0,2.0,,0.778,9.45,2026
GBPUSD,2026-07-20 00:45:00+00:00,-1,8.0,0.89,4.0,0.445,1,0,1.0,1.0,,0.7,6.29,2026
GBPUSD,2026-07-22 22:15:00+00:00,-1,2.9,0.411,8.8,1.246,7,7,,,,-1.382,-9.76,2026
GBPUSD,2026-07-28 15:30:00+00:00,-1,0.6,0.059,15.2,1.487,0,1,,,,-1.264,-12.92,2026
GBPUSD,2026-08-06 02:00:00+00:00,1,4.5,0.638,9.1,1.291,12,18,12.0,,,-1.383,-9.75,2026
GBPUSD,2026-08-07 05:15:00+00:00,-1,1.2,0.278,6.5,1.505,4,16,,,,-1.625,-7.02,2026
GBPUSD,2026-08-21 15:00:00+00:00,1,1.6,0.109,23.3,1.587,0,2,,,,-1.184,-17.38,2026
GBPUSD,2026-08-28 14:45:00+00:00,-1,5.7,0.887,2.7,0.42,2,0,2.0,2.0,,0.58,3.73,2026
USDJPY,2023-01-17 17:45:00+00:00,-1,45.65,1.3,5.35,0.152,1,0,0.0,0.0,1.0,0.949,33.32,2023
USDJPY,2023-01-20 01:15:00+00:00,-1,1.75,0.167,21.85,2.083,0,3,,,,-1.181,-12.39,2023
USDJPY,2023-01-26 00:00:00+00:00,-1,20.45,1.835,6.45,0.579,4,0,3.0,4.0,4.0,0.551,6.14,2023
USDJPY,2023-01-30 01:30:00+00:00,-1,5.35,0.492,32.45,2.987,0,2,,,,-1.156,-12.56,2023
USDJPY,2023-01-31 15:00:00+00:00,1,0.45,0.031,51.35,3.55,0,2,,,,-1.152,-16.66,2023
USDJPY,2023-02-02 04:00:00+00:00,-1,20.25,0.718,53.35,1.89,13,27,4.0,,,-1.074,-30.32,2023
USDJPY,2023-02-16 17:45:00+00:00,1,7.65,0.303,26.25,1.041,0,3,,,,-1.087,-27.41,2023
USDJPY,2023-02-21 17:45:00+00:00,1,18.65,0.82,17.65,0.776,11,0,10.0,11.0,,0.572,13.0,2023
USDJPY,2023-02-23 15:30:00+00:00,1,34.05,2.892,6.05,0.514,0,0,0.0,0.0,0.0,0.873,10.28,2023
USDJPY,2023-02-27 08:45:00+00:00,1,1.35,0.085,17.45,1.097,0,1,,,,-1.151,-18.31,2023
USDJPY,2023-03-13 07:15:00+00:00,-1,1.75,0.048,39.65,1.088,0,2,,,,-1.06,-38.65,2023
USDJPY,2023-03-16 09:00:00+00:00,-1,2.05,0.088,37.75,1.628,0,0,,,,-1.112,-25.79,2023
USDJPY,2023-04-04 16:00:00+00:00,1,4.25,0.21,33.85,1.676,0,2,,,,-1.114,-22.5,2023
USDJPY,2023-04-05 04:15:00+00:00,-1,5.05,0.283,20.45,1.146,0,1,,,,-1.123,-20.04,2023
USDJPY,2023-04-13 12:15:00+00:00,-1,9.75,0.663,17.85,1.213,1,5,1.0,,,-1.15,-16.91,2023
USDJPY,2023-04-17 04:00:00+00:00,1,22.45,1.705,1.55,0.118,0,0,0.0,0.0,0.0,0.825,10.87,2023
USDJPY,2023-04-20 05:15:00+00:00,1,0.05,0.003,17.15,1.184,0,4,,,,-1.131,-16.39,2023
USDJPY,2023-04-25 19:15:00+00:00,-1,28.35,1.47,9.95,0.516,4,1,3.0,3.0,4.0,0.896,17.29,2023
USDJPY,2023-05-09 17:30:00+00:00,1,15.95,1.007,13.75,0.868,8,1,4.0,8.0,8.0,0.861,13.65,2023
USDJPY,2023-05-15 16:45:00+00:00,1,4.45,0.221,14.35,0.712,2,23,,,,-0.417,-8.4,2023
USDJPY,2023-05-19 02:00:00+00:00,1,0.35,0.052,13.75,2.031,0,0,,,,-1.34,-9.07,2023
USDJPY,2023-05-30 17:15:00+00:00,-1,28.65,1.095,12.25,0.468,1,0,1.0,1.0,1.0,0.904,23.65,2023
USDJPY,2023-06-05 12:00:00+00:00,1,11.75,0.778,17.85,1.182,6,16,1.0,6.0,,-1.146,-17.31,2023
USDJPY,2023-06-13 10:45:00+00:00,1,6.85,0.516,34.55,2.601,15,18,14.0,,,-1.158,-15.39,2023
USDJPY,2023-06-27 10:15:00+00:00,1,19.95,1.747,7.15,0.626,3,2,3.0,3.0,3.0,0.816,9.32,2023
USDJPY,2023-06-28 11:15:00+00:00,1,14.45,1.089,0.75,0.056,0,0,0.0,0.0,0.0,0.819,10.88,2023
USDJPY,2023-06-28 16:45:00+00:00,1,8.85,0.529,28.45,1.701,0,0,0.0,,,-1.126,-18.82,2023
USDJPY,2023-06-28 17:00:00+00:00,1,20.85,1.054,7.45,0.376,3,0,0.0,0.0,3.0,0.889,17.59,2023
USDJPY,2023-07-13 09:45:00+00:00,-1,17.65,0.989,2.25,0.126,0,0,0.0,0.0,,0.877,15.65,2023
USDJPY,2023-07-14 02:00:00+00:00,-1,12.75,1.371,0.95,0.102,0,0,0.0,0.0,0.0,0.763,7.1,2023
USDJPY,2023-07-26 00:30:00+00:00,-1,0.0,0.0,13.55,1.149,0,0,,,,-1.365,-16.1,2023
USDJPY,2023-07-31 21:15:00+00:00,1,16.95,1.101,3.45,0.224,19,0,2.0,2.0,19.0,0.857,13.2,2023
USDJPY,2023-08-03 06:45:00+00:00,1,41.75,2.519,7.35,0.443,1,0,1.0,1.0,1.0,0.867,14.38,2023
USDJPY,2023-08-15 12:00:00+00:00,1,5.95,0.362,19.55,1.191,1,10,,,,-1.146,-18.81,2023
USDJPY,2023-08-15 23:15:00+00:00,1,1.05,0.124,9.35,1.103,2,3,,,,-1.26,-10.68,2023
USDJPY,2023-08-28 10:30:00+00:00,1,11.15,1.131,1.45,0.147,1,0,1.0,1.0,1.0,0.777,7.66,2023
USDJPY,2023-09-04 03:15:00+00:00,1,21.65,1.819,8.25,0.693,27,1,2.0,4.0,27.0,0.773,9.2,2023
USDJPY,2023-09-07 02:15:00+00:00,1,8.95,0.919,1.25,0.128,3,2,3.0,3.0,,0.764,7.44,2023
USDJPY,2023-09-13 02:30:00+00:00,1,7.95,0.997,5.75,0.721,2,1,2.0,2.0,,0.737,5.87,2023
USDJPY,2023-09-26 04:15:00+00:00,1,15.65,1.858,7.95,0.944,19,9,0.0,18.0,19.0,0.739,6.22,2023
USDJPY,2023-09-27 16:00:00+00:00,1,10.05,1.014,2.95,0.298,2,0,1.0,2.0,2.0,0.808,8.01,2023
USDJPY,2023-09-29 05:00:00+00:00,1,8.15,0.994,5.85,0.714,2,0,2.0,2.0,,0.744,6.1,2023
USDJPY,2023-10-02 01:15:00+00:00,1,13.15,1.079,3.35,0.275,3,0,1.0,2.0,3.0,0.811,9.88,2023
USDJPY,2023-10-02 17:15:00+00:00,1,0.0,0.0,10.75,1.199,0,0,,,,-1.245,-11.17,2023
USDJPY,2023-10-02 17:45:00+00:00,1,2.25,0.229,13.35,1.357,1,13,,,,-1.224,-12.04,2023
USDJPY,2023-10-16 20:15:00+00:00,1,1.05,0.125,9.45,1.128,2,9,,,,-1.263,-10.58,2023
USDJPY,2023-10-20 10:45:00+00:00,1,7.45,1.348,0.95,0.172,0,0,0.0,0.0,0.0,0.584,3.23,2023
USDJPY,2023-10-27 03:15:00+00:00,1,0.0,0.0,7.05,1.256,0,0,,,,-1.374,-7.71,2023
USDJPY,2023-11-09 10:15:00+00:00,1,9.95,0.959,0.85,0.082,0,0,0.0,0.0,,0.788,8.17,2023
USDJPY,2023-11-09 15:00:00+00:00,1,4.95,0.598,12.65,1.527,1,1,0.0,,,-1.241,-10.28,2023
USDJPY,2023-11-10 16:30:00+00:00,1,6.85,0.973,3.35,0.476,1,0,0.0,1.0,,0.716,5.04,2023
USDJPY,2023-11-20 01:00:00+00:00,-1,0.0,0.0,23.05,1.817,0,1,,,,-1.205,-15.29,2023
USDJPY,2023-11-20 21:30:00+00:00,-1,26.45,1.909,13.05,0.942,21,9,14.0,14.0,21.0,0.827,11.45,2023
USDJPY,2023-12-12 15:15:00+00:00,-1,29.55,1.651,57.65,3.22,1,1,1.0,1.0,1.0,-1.128,-20.2,2023
USDJPY,2023-12-22 00:30:00+00:00,-1,12.95,0.984,7.15,0.543,2,0,2.0,2.0,,0.753,9.91,2023
USDJPY,2024-01-05 03:00:00+00:00,1,13.2,0.99,13.8,1.035,9,2,9.0,9.0,,0.827,11.03,2024
USDJPY,2024-01-09 17:15:00+00:00,-1,5.45,0.217,41.55,1.657,0,1,,,,-1.088,-27.28,2024
USDJPY,2024-01-30 11:15:00+00:00,-1,15.55,0.894,20.55,1.182,5,15,4.0,5.0,,-1.127,-19.59,2024
USDJPY,2024-01-31 15:15:00+00:00,1,0.0,0.0,20.15,1.261,0,0,,,,-1.144,-18.27,2024
USDJPY,2024-02-07 03:00:00+00:00,-1,13.1,1.166,2.2,0.196,3,1,3.0,3.0,3.0,0.795,8.94,2024
USDJPY,2024-02-09 17:15:00+00:00,1,1.65,0.075,32.35,1.48,3,31,,,,-1.103,-24.11,2024
USDJPY,2024-03-04 17:30:00+00:00,1,11.45,0.943,4.25,0.35,13,1,2.0,6.0,,0.806,9.79,2024
USDJPY,2024-03-04 22:00:00+00:00,1,0.0,0.0,8.1,1.147,0,10,,,,-1.567,-11.06,2024
USDJPY,2024-03-18 17:45:00+00:00,1,0.0,0.0,16.55,1.43,0,0,,,,-1.181,-13.67,2024
USDJPY,2024-04-02 13:00:00+00:00,1,3.55,0.423,10.15,1.21,11,13,,,,-1.262,-10.59,2024
USDJPY,2024-04-04 14:30:00+00:00,1,5.25,0.869,10.65,1.762,3,5,2.0,2.0,,-1.364,-8.24,2024
USDJPY,2024-04-09 03:45:00+00:00,1,5.35,0.935,2.85,0.498,0,0,0.0,0.0,,0.615,3.52,2024
USDJPY,2024-04-19 15:45:00+00:00,1,6.45,0.865,9.05,1.214,2,6,1.0,2.0,,-1.295,-9.66,2024
USDJPY,2024-04-22 01:30:00+00:00,1,13.15,1.149,6.45,0.564,9,3,6.0,6.0,9.0,0.851,9.74,2024
USDJPY,2024-04-22 16:30:00+00:00,1,10.15,1.608,3.95,0.626,11,0,8.0,11.0,11.0,0.651,4.11,2024
USDJPY,2024-04-30 15:15:00+00:00,1,40.95,3.668,3.35,0.3,1,0,0.0,1.0,1.0,0.83,9.26,2024
USDJPY,2024-05-08 18:00:00+00:00,1,2.65,0.203,23.45,1.794,0,3,,,,-1.138,-14.87,2024
USDJPY,2024-05-13 18:00:00+00:00,1,28.75,3.012,4.35,0.456,0,0,0.0,0.0,0.0,0.728,6.95,2024
USDJPY,2024-05-15 01:15:00+00:00,1,7.35,1.566,2.45,0.522,5,3,1.0,5.0,5.0,0.531,2.49,2024
USDJPY,2024-06-13 17:30:00+00:00,1,3.15,0.145,23.15,1.066,0,1,,,,-1.101,-23.91,2024
USDJPY,2024-06-17 04:00:00+00:00,1,6.85,0.406,30.55,1.81,5,20,,,,-1.13,-19.07,2024
USDJPY,2024-06-21 03:00:00+00:00,1,18.05,2.771,4.25,0.652,3,0,1.0,3.0,3.0,0.662,4.31,2024
USDJPY,2024-06-21 09:30:00+00:00,1,0.05,0.007,15.05,2.158,1,3,,,,-1.315,-9.17,2024
USDJPY,2024-07-01 17:15:00+00:00,1,15.45,0.996,0.75,0.048,0,0,0.0,0.0,,0.858,13.31,2024
USDJPY,2024-07-02 03:00:00+00:00,1,11.55,1.329,1.55,0.178,2,2,0.0,2.0,2.0,0.747,6.49,2024
USDJPY,2024-07-10 14:45:00+00:00,1,0.0,0.0,8.15,1.098,0,2,,,,-1.283,-9.52,2024
USDJPY,2024-07-15 16:30:00+00:00,-1,13.45,0.877,6.25,0.407,6,1,2.0,6.0,,0.752,11.54,2024
USDJPY,2024-07-29 07:00:00+00:00,-1,36.75,1.041,15.85,0.449,10,7,3.0,8.0,10.0,0.943,33.29,2024
USDJPY,2024-07-30 03:45:00+00:00,1,28.45,1.78,10.45,0.654,2,1,0.0,2.0,2.0,0.856,13.69,2024
USDJPY,2024-07-30 05:00:00+00:00,1,39.65,1.656,4.85,0.203,10,3,2.0,10.0,10.0,0.862,20.65,2024
USDJPY,2024-08-02 10:45:00+00:00,-1,200.95,5.399,29.15,0.783,19,1,3.0,9.0,19.0,0.949,35.32,2024
USDJPY,2024-08-23 15:00:00+00:00,1,21.25,1.23,9.55,0.553,5,0,1.0,2.0,5.0,0.861,14.87,2024
USDJPY,2024-09-06 03:45:00+00:00,-1,15.45,1.172,13.65,1.036,1,0,0.0,0.0,1.0,0.841,11.08,2024
USDJPY,2024-09-11 04:30:00+00:00,-1,75.25,3.803,0.85,0.043,0,0,0.0,0.0,0.0,0.879,17.39,2024
USDJPY,2024-09-23 00:15:00+00:00,1,0.0,0.0,15.95,0.907,0,0,,,,-0.647,-11.38,2024
USDJPY,2024-10-11 15:45:00+00:00,1,6.05,0.386,17.55,1.12,0,2,,,,-1.153,-18.07,2024
USDJPY,2024-10-14 10:30:00+00:00,1,10.95,1.41,0.95,0.122,1,0,0.0,1.0,1.0,0.704,5.47,2024
USDJPY,2024-11-06 15:30:00+00:00,1,15.95,0.618,33.55,1.3,4,6,4.0,,,-1.089,-28.11,2024
USDJPY,2024-11-08 08:30:00+00:00,-1,19.55,0.993,3.25,0.165,2,0,0.0,0.0,,0.893,17.59,2024
USDJPY,2024-11-21 22:00:00+00:00,-1,20.65,1.079,9.45,0.494,12,3,12.0,12.0,12.0,0.875,16.75,2024
USDJPY,2024-12-02 18:00:00+00:00,-1,78.45,2.549,8.35,0.271,1,0,1.0,1.0,1.0,0.925,28.47,2024
USDJPY,2024-12-10 07:15:00+00:00,1,9.95,0.542,30.25,1.649,0,2,0.0,,,-1.12,-20.54,2024
USDJPY,2024-12-24 01:15:00+00:00,1,17.35,1.958,6.65,0.751,4,0,0.0,0.0,4.0,0.786,6.96,2024
USDJPY,2024-12-24 14:45:00+00:00,1,12.05,1.618,5.35,0.718,5,2,4.0,5.0,5.0,0.678,5.05,2024
USDJPY,2024-12-26 00:45:00+00:00,1,0.0,0.0,21.95,1.233,0,5,,,,-1.152,-20.5,2024
USDJPY,2025-01-22 15:30:00+00:00,1,26.85,2.028,8.05,0.608,4,2,0.0,4.0,4.0,0.826,10.94,2025
USDJPY,2025-01-27 23:45:00+00:00,-1,4.45,0.26,23.75,1.39,1,5,,,,-1.105,-18.89,2025
USDJPY,2025-02-03 06:15:00+00:00,1,5.55,0.237,34.85,1.489,0,8,,,,-1.09,-25.51,2025
USDJPY,2025-02-04 04:15:00+00:00,1,16.65,0.776,33.35,1.555,11,11,5.0,11.0,,-1.107,-23.75,2025
USDJPY,2025-02-14 09:45:00+00:00,-1,9.05,0.455,21.35,1.074,2,4,,,,-1.111,-22.09,2025
USDJPY,2025-02-19 10:45:00+00:00,-1,15.35,0.879,24.95,1.429,3,11,3.0,3.0,,-1.126,-19.66,2025
USDJPY,2025-02-26 01:15:00+00:00,-1,18.65,1.597,2.35,0.201,1,0,0.0,0.0,1.0,0.812,9.48,2025
USDJPY,2025-03-17 08:45:00+00:00,1,9.75,0.494,21.25,1.076,1,5,,,,-1.116,-22.05,2025
USDJPY,2025-04-08 07:45:00+00:00,1,17.15,0.717,37.25,1.558,3,7,0.0,,,-1.117,-26.7,2025
USDJPY,2025-04-09 17:15:00+00:00,-1,18.55,0.342,56.95,1.051,2,11,,,,-1.046,-56.68,2025
USDJPY,2025-04-18 09:30:00+00:00,-1,0.55,0.079,8.35,1.195,2,5,,,,-1.422,-9.94,2025
USDJPY,2025-05-15 22:15:00+00:00,-1,22.15,1.354,4.45,0.272,14,7,1.0,13.0,14.0,0.835,13.66,2025
USDJPY,2025-05-19 09:00:00+00:00,-1,17.25,1.074,5.75,0.358,2,0,1.0,2.0,2.0,0.832,13.36,2025
USDJPY,2025-06-05 21:30:00+00:00,1,10.35,0.466,41.15,1.853,6,10,,,,-1.167,-25.91,2025
USDJPY,2025-06-10 06:45:00+00:00,1,7.95,0.312,27.35,1.072,2,6,,,,-1.102,-28.11,2025
USDJPY,2025-06-12 15:00:00+00:00,-1,42.65,1.977,13.25,0.614,2,0,2.0,2.0,2.0,0.879,18.97,2025
USDJPY,2025-06-12 23:15:00+00:00,-1,12.65,0.969,1.75,0.134,7,0,2.0,2.0,,0.766,10.01,2025
USDJPY,2025-06-17 15:45:00+00:00,1,38.15,1.902,14.85,0.74,7,2,4.0,6.0,7.0,0.895,17.96,2025
USDJPY,2025-06-24 19:15:00+00:00,-1,30.75,1.205,4.15,0.163,4,0,2.0,2.0,4.0,0.91,23.22,2025
USDJPY,2025-07-15 11:00:00+00:00,1,2.35,0.228,13.35,1.297,0,4,,,,-1.253,-12.9,2025
USDJPY,2025-07-15 15:45:00+00:00,1,5.55,0.385,27.85,1.933,0,0,,,,-1.187,-17.11,2025
USDJPY,2025-07-21 10:45:00+00:00,-1,38.45,2.008,9.15,0.478,3,0,2.0,2.0,3.0,0.859,16.45,2025
USDJPY,2025-08-06 09:00:00+00:00,-1,8.35,0.672,20.25,1.629,0,4,0.0,,,-1.145,-14.23,2025
USDJPY,2025-08-27 15:30:00+00:00,1,1.65,0.118,15.35,1.096,0,2,,,,-1.186,-16.6,2025
USDJPY,2025-08-28 15:45:00+00:00,-1,2.45,0.156,24.65,1.57,0,0,,,,-1.185,-18.6,2025
USDJPY,2025-09-15 22:15:00+00:00,-1,0.0,0.0,10.45,1.228,0,2,,,,-1.27,-10.81,2025
USDJPY,2025-09-26 09:00:00+00:00,1,7.45,0.968,2.95,0.383,3,0,1.0,2.0,,0.649,4.99,2025
USDJPY,2025-10-10 01:30:00+00:00,1,20.15,1.844,4.15,0.38,2,1,2.0,2.0,2.0,0.799,8.73,2025
USDJPY,2025-10-10 03:15:00+00:00,1,1.05,0.068,20.65,1.328,0,2,,,,-1.084,-16.85,2025
USDJPY,2025-10-14 05:15:00+00:00,1,1.95,0.139,16.75,1.195,1,3,,,,-1.15,-16.11,2025
USDJPY,2025-10-15 03:00:00+00:00,-1,15.35,1.193,13.45,1.045,2,1,0.0,2.0,2.0,0.837,10.77,2025
USDJPY,2025-10-24 02:00:00+00:00,1,8.15,1.117,2.45,0.336,2,0,0.0,2.0,2.0,0.753,5.5,2025
USDJPY,2025-10-24 14:45:00+00:00,1,2.15,0.216,12.05,1.211,0,1,,,,-1.211,-12.05,2025
USDJPY,2025-11-10 07:00:00+00:00,1,14.45,1.433,2.05,0.203,0,0,0.0,0.0,0.0,0.772,7.78,2025
USDJPY,2025-11-11 00:15:00+00:00,1,12.6,1.326,2.3,0.242,7,0,6.0,6.0,7.0,0.753,7.15,2025
USDJPY,2025-11-11 06:15:00+00:00,1,2.05,0.161,16.55,1.299,1,4,,,,-1.165,-14.84,2025
USDJPY,2025-11-18 03:15:00+00:00,1,4.45,0.409,16.85,1.548,0,1,,,,-1.211,-13.19,2025
USDJPY,2025-12-03 09:45:00+00:00,-1,0.0,0.0,11.75,1.154,0,2,,,,-1.206,-12.28,2025
USDJPY,2025-12-03 15:45:00+00:00,-1,0.0,0.0,13.85,1.101,0,0,,,,-1.207,-15.18,2025
USDJPY,2025-12-09 01:15:00+00:00,1,0.85,0.108,12.75,1.619,0,2,,,,-1.279,-10.07,2025
USDJPY,2025-12-17 01:00:00+00:00,-1,2.75,0.252,15.45,1.414,0,4,,,,-1.174,-12.83,2025
USDJPY,2025-12-31 18:30:00+00:00,1,12.95,0.848,16.05,1.051,9,17,6.0,8.0,,-1.144,-17.47,2025
USDJPY,2026-01-08 00:15:00+00:00,1,0.0,0.0,7.8,1.471,0,0,,,,-1.792,-9.5,2026
USDJPY,2026-01-08 00:45:00+00:00,1,0.45,0.075,5.85,0.972,0,0,,,,-1.183,-7.12,2026
USDJPY,2026-01-13 17:15:00+00:00,1,18.35,1.046,13.25,0.755,4,2,3.0,3.0,4.0,0.869,15.24,2026
USDJPY,2026-01-20 07:15:00+00:00,-1,0.0,0.0,17.15,1.112,0,2,,,,-1.13,-17.42,2026
USDJPY,2026-01-26 13:45:00+00:00,-1,0.75,0.02,39.95,1.05,0,3,,,,-1.084,-41.26,2026
USDJPY,2026-02-03 21:45:00+00:00,1,16.45,1.169,8.45,0.601,17,9,14.0,17.0,17.0,0.858,12.07,2026
USDJPY,2026-02-19 02:45:00+00:00,1,2.95,0.277,14.85,1.393,0,0,,,,-1.197,-12.76,2026
USDJPY,2026-03-03 23:15:00+00:00,1,5.65,0.282,28.25,1.408,2,3,,,,-1.157,-23.21,2026
USDJPY,2026-03-10 06:45:00+00:00,-1,15.05,0.972,5.05,0.326,2,0,1.0,1.0,,0.858,13.28,2026
USDJPY,2026-03-23 07:15:00+00:00,1,14.75,0.975,0.75,0.05,2,0,0.0,2.0,,0.855,12.93,2026
USDJPY,2026-04-13 12:00:00+00:00,1,13.15,1.334,7.05,0.715,11,8,10.0,11.0,11.0,0.777,7.66,2026
USDJPY,2026-04-24 11:30:00+00:00,1,2.75,0.267,25.25,2.455,6,10,,,,-1.224,-12.59,2026
USDJPY,2026-04-27 14:30:00+00:00,-1,2.25,0.234,12.05,1.252,3,6,,,,-1.229,-11.82,2026
USDJPY,2026-04-30 04:45:00+00:00,1,11.45,1.02,7.55,0.672,4,0,3.0,3.0,4.0,0.804,9.03,2026
USDJPY,2026-05-13 20:00:00+00:00,1,6.05,0.645,23.55,2.509,4,17,3.0,,,-1.272,-11.94,2026
USDJPY,2026-05-18 00:45:00+00:00,1,8.55,0.846,11.95,1.183,5,0,1.0,5.0,,0.634,6.4,2026
USDJPY,2026-05-22 17:15:00+00:00,1,0.15,0.019,9.05,1.141,0,3,,,,-1.277,-10.13,2026
USDJPY,2026-05-22 18:15:00+00:00,1,11.05,1.221,2.45,0.271,2,0,1.0,1.0,2.0,0.768,6.95,2026
USDJPY,2026-05-29 19:30:00+00:00,-1,4.45,0.489,14.35,1.578,0,18,,,,-1.258,-11.45,2026
USDJPY,2026-06-03 06:30:00+00:00,1,5.55,0.994,3.75,0.672,10,3,10.0,10.0,,0.606,3.38,2026
USDJPY,2026-06-05 17:00:00+00:00,1,17.45,1.007,9.05,0.522,9,0,2.0,4.0,9.0,0.873,15.14,2026
USDJPY,2026-06-05 23:45:00+00:00,1,9.45,1.159,2.65,0.325,0,0,0.0,0.0,0.0,0.73,5.95,2026
USDJPY,2026-06-17 00:45:00+00:00,1,3.05,0.501,8.55,1.405,0,11,0.0,,,-1.362,-8.29,2026
USDJPY,2026-06-24 02:00:00+00:00,1,6.65,0.907,3.55,0.484,7,0,3.0,7.0,,0.7,5.13,2026
USDJPY,2026-06-25 02:30:00+00:00,1,0.0,0.0,6.25,1.238,0,2,,,,-1.436,-7.25,2026
USDJPY,2026-06-26 16:45:00+00:00,-1,4.25,0.672,11.85,1.875,2,4,2.0,,,-1.348,-8.52,2026
USDJPY,2026-07-15 14:15:00+00:00,1,4.05,0.469,11.95,1.384,1,5,,,,-1.255,-10.84,2026
USDJPY,2026-07-16 04:30:00+00:00,-1,0.75,0.094,12.75,1.602,0,2,,,,-1.276,-10.16,2026
USDJPY,2026-07-20 17:00:00+00:00,1,8.15,1.122,1.85,0.255,0,0,0.0,0.0,0.0,0.697,5.06,2026
USDJPY,2026-08-03 16:15:00+00:00,-1,38.35,1.502,1.15,0.045,0,0,0.0,0.0,0.0,0.914,23.33,2026
USDJPY,2026-08-11 23:00:00+00:00,1,7.25,1.27,1.85,0.324,2,0,2.0,2.0,2.0,0.615,3.51,2026
USDJPY,2026-08-21 00:15:00+00:00,1,1.45,0.176,12.25,1.483,1,4,,,,-1.266,-10.46,2026
USDJPY,2026-08-24 02:00:00+00:00,1,3.25,0.245,15.95,1.202,2,4,,,,-1.166,-15.46,2026
USDJPY,2026-08-27 15:45:00+00:00,1,4.15,0.478,12.85,1.479,2,5,,,,-1.253,-10.89,2026
