Pair,Strategy,Exit_Model,Trades,WinRate%,Exp(R),PF,NetPips,MaxDD%,AvgDurationBars
EURUSD,TF_PB,A_Fixed_0.75R,738,50.0,-0.325,0.54,-1886.36,91.35,3.6
EURUSD,TF_PB,B_Fixed_1.00R,718,42.34,-0.361,0.54,-2157.23,93.24,4.5
EURUSD,TF_PB,C_Fixed_1.25R,703,39.26,-0.327,0.61,-1857.54,90.64,5.0
EURUSD,TF_PB,D_Fixed_1.50R,694,35.59,-0.324,0.65,-1750.99,90.07,5.7
EURUSD,TF_PB,E_Fixed_2.00R,675,28.44,-0.37,0.65,-1901.72,92.3,6.9
EURUSD,TF_PB,F_Partial_1R_Trail,715,43.92,-0.385,0.5,-2251.52,93.92,5.3
EURUSD,TF_PB,G_ATR_Trailing_1.5x,785,20.89,-0.44,0.31,-2850.27,96.91,3.4
EURUSD,TF_PB,H_Structural_Trailing,664,22.59,-0.403,0.61,-2026.31,93.54,7.7
EURUSD,TF_PB,I_Time_Exit_16_Bars,664,25.75,-0.4,0.61,-2001.64,93.51,7.1
EURUSD,TF_PB,J_BreakEven_At_0.75R,733,6.55,-0.517,0.28,-3082.86,97.81,4.6
EURUSD,VE_BO,A_Fixed_0.75R,865,52.02,-0.304,0.52,-1977.99,93.03,2.9
EURUSD,VE_BO,B_Fixed_1.00R,814,46.19,-0.295,0.58,-1853.61,91.44,3.5
EURUSD,VE_BO,C_Fixed_1.25R,773,41.14,-0.298,0.61,-1776.81,90.66,4.1
EURUSD,VE_BO,D_Fixed_1.50R,745,37.45,-0.291,0.64,-1675.68,89.26,4.6
EURUSD,VE_BO,E_Fixed_2.00R,717,30.96,-0.303,0.66,-1670.44,89.35,5.9
EURUSD,VE_BO,F_Partial_1R_Trail,778,47.17,-0.345,0.49,-2083.84,93.56,4.2
EURUSD,VE_BO,G_ATR_Trailing_1.5x,777,21.62,-0.485,0.3,-2934.24,97.76,3.5
EURUSD,VE_BO,H_Structural_Trailing,702,28.35,-0.233,0.75,-1231.53,83.32,6.7
EURUSD,VE_BO,I_Time_Exit_16_Bars,703,29.16,-0.262,0.71,-1426.44,85.83,6.3
EURUSD,VE_BO,J_BreakEven_At_0.75R,830,5.54,-0.536,0.19,-3508.5,98.89,3.4
EURUSD,MR_RG,A_Fixed_0.75R,147,45.58,-0.622,0.31,-344.22,60.95,2.4
EURUSD,MR_RG,B_Fixed_1.00R,147,38.78,-0.654,0.35,-369.49,62.45,2.7
EURUSD,MR_RG,C_Fixed_1.25R,147,33.33,-0.688,0.37,-392.35,64.41,3.3
EURUSD,MR_RG,D_Fixed_1.50R,147,32.65,-0.623,0.46,-341.26,61.03,3.5
EURUSD,MR_RG,E_Fixed_2.00R,147,28.57,-0.588,0.54,-307.11,59.7,3.9
EURUSD,MR_RG,F_Partial_1R_Trail,147,40.14,-0.657,0.36,-350.23,63.17,3.1
EURUSD,MR_RG,G_ATR_Trailing_1.5x,148,14.86,-0.785,0.35,-401.26,70.49,2.9
EURUSD,MR_RG,H_Structural_Trailing,158,18.35,-0.509,0.54,-269.74,56.72,3.0
EURUSD,MR_RG,I_Time_Exit_16_Bars,147,23.81,-0.628,0.52,-341.7,62.69,4.4
EURUSD,MR_RG,J_BreakEven_At_0.75R,147,4.76,-0.817,0.2,-443.32,71.76,2.6
EURUSD,LDN_MO,A_Fixed_0.75R,896,52.9,-0.215,0.62,-2301.91,85.96,7.2
EURUSD,LDN_MO,B_Fixed_1.00R,883,46.55,-0.211,0.66,-2252.5,85.25,8.7
EURUSD,LDN_MO,C_Fixed_1.25R,869,42.46,-0.195,0.72,-1958.43,82.85,10.0
EURUSD,LDN_MO,D_Fixed_1.50R,860,38.6,-0.2,0.74,-1912.12,83.45,11.2
EURUSD,LDN_MO,E_Fixed_2.00R,858,33.92,-0.18,0.78,-1698.11,80.8,13.0
EURUSD,LDN_MO,F_Partial_1R_Trail,883,46.77,-0.258,0.59,-2725.56,90.24,9.9
EURUSD,LDN_MO,G_ATR_Trailing_1.5x,1139,15.72,-0.318,0.19,-4170.49,97.38,2.7
EURUSD,LDN_MO,H_Structural_Trailing,869,28.54,-0.169,0.78,-1675.14,79.26,13.0
EURUSD,LDN_MO,I_Time_Exit_16_Bars,856,35.4,-0.189,0.74,-1767.43,81.93,10.7
EURUSD,LDN_MO,J_BreakEven_At_0.75R,896,14.4,-0.288,0.52,-3102.48,92.94,9.8
EURUSD,MS_BOS,A_Fixed_0.75R,2702,52.81,-0.242,0.61,-6102.03,99.88,5.3
EURUSD,MS_BOS,B_Fixed_1.00R,2465,46.33,-0.247,0.64,-5756.57,99.81,6.6
EURUSD,MS_BOS,C_Fixed_1.25R,2311,41.76,-0.248,0.68,-5186.73,99.73,7.8
EURUSD,MS_BOS,D_Fixed_1.50R,2197,38.69,-0.238,0.71,-4636.35,99.56,8.8
EURUSD,MS_BOS,E_Fixed_2.00R,2038,34.05,-0.24,0.73,-4372.65,99.44,10.4
EURUSD,MS_BOS,F_Partial_1R_Trail,2212,47.42,-0.294,0.56,-6211.15,99.87,7.9
EURUSD,MS_BOS,G_ATR_Trailing_1.5x,2541,22.12,-0.404,0.32,-9467.04,100.0,4.4
EURUSD,MS_BOS,H_Structural_Trailing,1950,30.62,-0.23,0.74,-4006.4,99.13,11.2
EURUSD,MS_BOS,I_Time_Exit_16_Bars,1977,32.42,-0.253,0.68,-4651.81,99.47,8.7
EURUSD,MS_BOS,J_BreakEven_At_0.75R,2379,9.33,-0.45,0.31,-9957.03,100.0,7.0
GBPUSD,TF_PB,A_Fixed_0.75R,749,52.87,-0.306,0.57,-2133.19,90.36,3.6
GBPUSD,TF_PB,B_Fixed_1.00R,731,46.65,-0.304,0.63,-2021.51,90.02,4.3
GBPUSD,TF_PB,C_Fixed_1.25R,721,41.89,-0.299,0.68,-1891.31,89.27,4.9
GBPUSD,TF_PB,D_Fixed_1.50R,712,37.78,-0.304,0.69,-1944.44,89.5,5.7
GBPUSD,TF_PB,E_Fixed_2.00R,695,33.24,-0.276,0.76,-1526.05,87.32,6.9
GBPUSD,TF_PB,F_Partial_1R_Trail,729,47.46,-0.327,0.59,-2230.68,91.3,5.5
GBPUSD,TF_PB,G_ATR_Trailing_1.5x,791,22.63,-0.447,0.31,-3593.97,97.21,3.3
GBPUSD,TF_PB,H_Structural_Trailing,685,25.69,-0.347,0.69,-2083.64,91.61,7.7
GBPUSD,TF_PB,I_Time_Exit_16_Bars,687,29.55,-0.317,0.72,-1818.8,89.73,7.0
GBPUSD,TF_PB,J_BreakEven_At_0.75R,743,9.02,-0.474,0.37,-3381.06,97.21,4.8
GBPUSD,VE_BO,A_Fixed_0.75R,857,52.16,-0.319,0.52,-2589.87,94.05,2.9
GBPUSD,VE_BO,B_Fixed_1.00R,811,45.38,-0.331,0.56,-2597.59,93.67,3.7
GBPUSD,VE_BO,C_Fixed_1.25R,788,39.97,-0.346,0.58,-2625.98,94.02,4.2
GBPUSD,VE_BO,D_Fixed_1.50R,757,35.54,-0.364,0.6,-2539.2,94.29,4.8
GBPUSD,VE_BO,E_Fixed_2.00R,720,30.83,-0.334,0.66,-2178.58,92.08,5.9
GBPUSD,VE_BO,F_Partial_1R_Trail,778,46.4,-0.392,0.46,-2987.64,95.51,4.4
GBPUSD,VE_BO,G_ATR_Trailing_1.5x,785,21.15,-0.553,0.25,-4268.48,98.75,3.5
GBPUSD,VE_BO,H_Structural_Trailing,698,24.93,-0.388,0.62,-2516.94,94.39,6.8
GBPUSD,VE_BO,I_Time_Exit_16_Bars,699,27.18,-0.381,0.62,-2440.06,94.11,6.3
GBPUSD,VE_BO,J_BreakEven_At_0.75R,818,4.4,-0.589,0.17,-4749.88,99.25,3.5
GBPUSD,MR_RG,A_Fixed_0.75R,119,49.58,-0.545,0.3,-400.12,48.73,2.7
GBPUSD,MR_RG,B_Fixed_1.00R,118,44.92,-0.521,0.37,-391.43,48.03,3.2
GBPUSD,MR_RG,C_Fixed_1.25R,118,38.98,-0.553,0.4,-410.94,50.83,3.6
GBPUSD,MR_RG,D_Fixed_1.50R,118,34.75,-0.569,0.42,-420.01,49.93,4.0
GBPUSD,MR_RG,E_Fixed_2.00R,118,33.05,-0.45,0.56,-325.06,44.78,4.5
GBPUSD,MR_RG,F_Partial_1R_Trail,118,46.61,-0.52,0.33,-400.52,48.73,3.6
GBPUSD,MR_RG,G_ATR_Trailing_1.5x,119,15.13,-0.749,0.16,-570.42,59.43,3.4
GBPUSD,MR_RG,H_Structural_Trailing,124,14.52,-0.572,0.42,-376.57,52.88,3.5
GBPUSD,MR_RG,I_Time_Exit_16_Bars,118,26.27,-0.558,0.53,-382.15,50.32,5.2
GBPUSD,MR_RG,J_BreakEven_At_0.75R,119,8.4,-0.689,0.18,-522.22,57.36,3.1
GBPUSD,LDN_MO,A_Fixed_0.75R,947,52.48,-0.236,0.58,-3524.27,89.69,6.9
GBPUSD,LDN_MO,B_Fixed_1.00R,927,46.39,-0.231,0.63,-3441.87,88.86,8.2
GBPUSD,LDN_MO,C_Fixed_1.25R,916,41.05,-0.244,0.65,-3408.14,90.02,9.5
GBPUSD,LDN_MO,D_Fixed_1.50R,910,37.69,-0.239,0.68,-3250.33,89.53,10.6
GBPUSD,LDN_MO,E_Fixed_2.00R,906,32.56,-0.246,0.7,-3262.1,90.35,12.6
GBPUSD,LDN_MO,F_Partial_1R_Trail,927,46.6,-0.282,0.55,-4072.56,93.03,9.6
GBPUSD,LDN_MO,G_ATR_Trailing_1.5x,1165,15.97,-0.341,0.15,-5827.38,98.13,2.6
GBPUSD,LDN_MO,H_Structural_Trailing,913,26.83,-0.226,0.71,-3082.78,88.75,12.7
GBPUSD,LDN_MO,I_Time_Exit_16_Bars,904,34.07,-0.248,0.65,-3360.01,90.18,10.5
GBPUSD,LDN_MO,J_BreakEven_At_0.75R,947,12.14,-0.367,0.45,-4954.39,97.12,9.5
GBPUSD,MS_BOS,A_Fixed_0.75R,2833,51.22,-0.291,0.55,-9752.42,99.98,5.2
GBPUSD,MS_BOS,B_Fixed_1.00R,2579,46.22,-0.268,0.62,-8145.54,99.92,6.4
GBPUSD,MS_BOS,C_Fixed_1.25R,2410,40.75,-0.289,0.63,-8095.97,99.92,7.6
GBPUSD,MS_BOS,D_Fixed_1.50R,2310,37.49,-0.284,0.66,-7670.58,99.89,8.5
GBPUSD,MS_BOS,E_Fixed_2.00R,2149,33.22,-0.274,0.69,-6810.55,99.78,10.2
GBPUSD,MS_BOS,F_Partial_1R_Trail,2293,46.14,-0.326,0.54,-8791.55,99.95,7.7
GBPUSD,MS_BOS,G_ATR_Trailing_1.5x,2665,21.28,-0.443,0.29,-13603.23,100.0,4.4
GBPUSD,MS_BOS,H_Structural_Trailing,2020,28.66,-0.306,0.66,-7127.02,99.84,11.1
GBPUSD,MS_BOS,I_Time_Exit_16_Bars,2043,32.01,-0.294,0.66,-6687.64,99.81,8.7
GBPUSD,MS_BOS,J_BreakEven_At_0.75R,2476,9.85,-0.474,0.32,-13737.28,100.0,7.0
USDJPY,TF_PB,A_Fixed_0.75R,711,53.45,-0.211,0.66,-2070.68,79.26,5.2
USDJPY,TF_PB,B_Fixed_1.00R,695,46.62,-0.219,0.7,-2006.9,80.16,6.2
USDJPY,TF_PB,C_Fixed_1.25R,680,41.47,-0.223,0.73,-1976.95,81.0,7.3
USDJPY,TF_PB,D_Fixed_1.50R,671,36.81,-0.24,0.72,-2129.62,83.17,8.2
USDJPY,TF_PB,E_Fixed_2.00R,663,32.73,-0.201,0.79,-1654.71,78.72,9.4
USDJPY,TF_PB,F_Partial_1R_Trail,690,47.68,-0.259,0.62,-2549.88,84.65,7.4
USDJPY,TF_PB,G_ATR_Trailing_1.5x,778,23.91,-0.368,0.3,-4223.11,94.55,4.3
USDJPY,TF_PB,H_Structural_Trailing,660,26.06,-0.197,0.81,-1478.63,78.18,9.7
USDJPY,TF_PB,I_Time_Exit_16_Bars,670,32.84,-0.182,0.79,-1569.26,76.32,8.6
USDJPY,TF_PB,J_BreakEven_At_0.75R,702,10.68,-0.342,0.45,-3448.38,92.0,6.7
USDJPY,VE_BO,A_Fixed_0.75R,384,54.43,-0.188,0.66,-1078.47,51.97,3.4
USDJPY,VE_BO,B_Fixed_1.00R,364,48.9,-0.165,0.73,-896.59,45.98,4.1
USDJPY,VE_BO,C_Fixed_1.25R,349,44.41,-0.148,0.81,-669.44,41.12,4.8
USDJPY,VE_BO,D_Fixed_1.50R,341,39.3,-0.168,0.78,-792.53,46.94,5.6
USDJPY,VE_BO,E_Fixed_2.00R,329,34.35,-0.125,0.86,-522.18,37.89,6.4
USDJPY,VE_BO,F_Partial_1R_Trail,348,49.43,-0.223,0.65,-1113.5,54.33,5.3
USDJPY,VE_BO,G_ATR_Trailing_1.5x,348,25.86,-0.358,0.43,-1776.19,72.62,4.2
USDJPY,VE_BO,H_Structural_Trailing,320,30.0,-0.12,0.86,-549.17,37.92,7.8
USDJPY,VE_BO,I_Time_Exit_16_Bars,322,33.85,-0.13,0.82,-674.29,37.55,7.0
USDJPY,VE_BO,J_BreakEven_At_0.75R,369,8.67,-0.377,0.4,-1923.71,75.36,4.5
USDJPY,MR_RG,A_Fixed_0.75R,113,49.56,-0.38,0.46,-369.75,37.55,2.8
USDJPY,MR_RG,B_Fixed_1.00R,113,44.25,-0.368,0.51,-373.2,36.37,3.4
USDJPY,MR_RG,C_Fixed_1.25R,111,38.74,-0.384,0.53,-386.6,36.74,3.8
USDJPY,MR_RG,D_Fixed_1.50R,111,36.94,-0.336,0.63,-310.1,33.81,4.0
USDJPY,MR_RG,E_Fixed_2.00R,111,26.13,-0.486,0.49,-500.61,42.97,5.0
USDJPY,MR_RG,F_Partial_1R_Trail,113,46.9,-0.438,0.41,-424.64,40.12,3.9
USDJPY,MR_RG,G_ATR_Trailing_1.5x,112,25.89,-0.539,0.25,-540.51,45.65,3.9
USDJPY,MR_RG,H_Structural_Trailing,122,10.66,-0.529,0.32,-557.46,48.63,3.6
USDJPY,MR_RG,I_Time_Exit_16_Bars,111,19.82,-0.592,0.39,-641.77,49.59,5.7
USDJPY,MR_RG,J_BreakEven_At_0.75R,113,2.65,-0.631,0.11,-622.84,51.22,3.3
USDJPY,LDN_MO,A_Fixed_0.75R,583,57.46,-0.072,0.9,-649.79,42.15,10.7
USDJPY,LDN_MO,B_Fixed_1.00R,571,50.61,-0.079,0.91,-698.27,46.0,13.0
USDJPY,LDN_MO,C_Fixed_1.25R,563,45.29,-0.098,0.91,-716.0,52.88,15.3
USDJPY,LDN_MO,D_Fixed_1.50R,563,42.27,-0.099,0.91,-774.6,54.43,16.8
USDJPY,LDN_MO,E_Fixed_2.00R,561,39.22,-0.081,0.97,-284.14,51.08,18.7
USDJPY,LDN_MO,F_Partial_1R_Trail,571,50.79,-0.118,0.84,-1182.83,55.49,15.2
USDJPY,LDN_MO,G_ATR_Trailing_1.5x,740,22.3,-0.192,0.34,-3190.76,75.99,3.5
USDJPY,LDN_MO,H_Structural_Trailing,564,32.09,-0.09,0.92,-679.35,51.04,18.0
USDJPY,LDN_MO,I_Time_Exit_16_Bars,561,41.18,-0.11,0.84,-1096.87,52.26,13.0
USDJPY,LDN_MO,J_BreakEven_At_0.75R,583,19.55,-0.19,0.68,-2162.76,68.53,15.3
USDJPY,MS_BOS,A_Fixed_0.75R,2330,53.43,-0.185,0.72,-6199.17,98.81,6.0
USDJPY,MS_BOS,B_Fixed_1.00R,2142,47.48,-0.179,0.77,-5160.28,98.08,7.6
USDJPY,MS_BOS,C_Fixed_1.25R,2012,41.9,-0.198,0.77,-5259.8,98.45,8.9
USDJPY,MS_BOS,D_Fixed_1.50R,1911,38.04,-0.209,0.76,-5539.97,98.44,10.1
USDJPY,MS_BOS,E_Fixed_2.00R,1790,33.24,-0.205,0.78,-5039.46,97.99,11.6
USDJPY,MS_BOS,F_Partial_1R_Trail,1887,47.91,-0.228,0.68,-6141.23,98.8,9.2
USDJPY,MS_BOS,G_ATR_Trailing_1.5x,2148,24.81,-0.332,0.41,-10929.37,99.93,5.0
USDJPY,MS_BOS,H_Structural_Trailing,1709,28.67,-0.196,0.8,-4318.52,97.32,12.3
USDJPY,MS_BOS,I_Time_Exit_16_Bars,1733,35.03,-0.166,0.82,-3625.91,95.31,9.6
USDJPY,MS_BOS,J_BreakEven_At_0.75R,2000,11.3,-0.34,0.46,-10363.06,99.9,8.3
