Pair,Strategy,Factor,Condition,Trades,WinRate%,Exp(R),PF,95%_CI_Lower,95%_CI_Upper,P(Exp>0)%,Stability_2023_2025%,MaxDD%
GBPUSD,TF_PB,trend_transition,RANGE_TO_TREND,40,55.0,0.362,1.68,-0.102,0.827,92.8,66.7,3.34
EURUSD,TF_PB,trend_transition,RANGE_TO_TREND,51,52.94,0.346,1.79,-0.076,0.749,94.2,100.0,6.38
GBPUSD,TF_PB,pre_session_bias,BEARISH_DRIFT,78,50.0,0.251,1.62,-0.072,0.586,93.7,66.7,7.81
EURUSD,TF_PB,pre_session_bias,BULLISH_DRIFT,53,47.17,0.238,1.32,-0.158,0.633,88.3,100.0,5.3
EURUSD,LDN_MO,pre_session_bias,BEARISH_DRIFT,147,46.26,0.17,1.14,-0.051,0.396,93.4,33.3,10.37
USDJPY,LDN_MO,trend_transition,WEAK_TO_STRONG_TREND,82,48.78,0.163,1.4,-0.114,0.447,87.8,100.0,8.07
EURUSD,LDN_MO,pre_session_bias,BULLISH_DRIFT,127,44.88,0.123,1.14,-0.108,0.355,85.6,66.7,10.81
EURUSD,VE_BO,pre_session_bias,BULLISH_DRIFT,146,41.78,0.119,1.06,-0.13,0.374,82.5,66.7,12.61
USDJPY,MS_BOS,volatility_transition,LOW_TO_HIGH_VOL,86,44.19,0.118,1.44,-0.171,0.411,78.9,100.0,7.26
EURUSD,LDN_MO,volatility_transition,COMPRESSION_TO_EXPANSION,79,44.3,0.111,1.36,-0.203,0.433,76.1,100.0,8.51
USDJPY,MS_BOS,volatility_transition,HIGH_TO_HIGH_VOL,123,43.09,0.111,1.29,-0.119,0.355,83.0,100.0,9.09
USDJPY,LDN_MO,pre_session_bias,BULLISH_DRIFT,213,48.83,0.11,1.31,-0.056,0.278,89.9,100.0,8.75
EURUSD,VE_BO,pre_session_bias,BEARISH_DRIFT,176,42.05,0.108,1.1,-0.111,0.338,81.8,66.7,18.3
GBPUSD,LDN_MO,trend_transition,WEAK_TO_STRONG_TREND,123,46.34,0.071,1.15,-0.169,0.327,70.6,100.0,8.94
EURUSD,TF_PB,pre_session_bias,BEARISH_DRIFT,52,40.38,0.07,0.95,-0.333,0.474,62.9,66.7,12.67
USDJPY,TF_PB,trend_transition,WEAK_TO_STRONG_TREND,128,41.41,0.061,1.19,-0.188,0.323,68.3,66.7,11.71
USDJPY,VE_BO,pre_session_bias,BULLISH_DRIFT,116,38.79,0.033,1.14,-0.239,0.309,59.9,66.7,12.5
GBPUSD,VE_BO,pre_session_bias,BEARISH_DRIFT,228,40.35,0.032,1.01,-0.174,0.236,62.4,33.3,31.97
GBPUSD,TF_PB,pre_session_bias,BULLISH_DRIFT,86,41.86,0.028,1.06,-0.282,0.34,55.8,66.7,13.1
GBPUSD,TF_PB,volatility_transition,HIGH_TO_HIGH_VOL,35,40.0,0.027,1.19,-0.426,0.502,54.2,33.3,8.7
USDJPY,LDN_MO,asian_range_category,EXPANDED (>45p),285,45.61,0.026,1.12,-0.113,0.166,65.1,33.3,21.01
GBPUSD,MS_BOS,volatility_transition,COMPRESSION_TO_EXPANSION,353,43.06,0.014,1.08,-0.134,0.16,57.3,66.7,33.31
GBPUSD,VE_BO,trend_transition,RANGE_TO_TREND,25,40.0,-0.006,1.37,-0.647,0.645,47.3,66.7,7.1
USDJPY,LDN_MO,volatility_transition,COMPRESSION_TO_EXPANSION,48,39.58,-0.009,1.06,-0.377,0.37,48.3,66.7,9.83
GBPUSD,LDN_MO,pre_session_bias,BEARISH_DRIFT,216,41.2,-0.012,0.96,-0.196,0.174,45.4,66.7,29.3
EURUSD,MS_BOS,volatility_transition,COMPRESSION_TO_EXPANSION,330,40.61,-0.024,0.97,-0.173,0.125,37.8,33.3,34.19
EURUSD,TF_PB,volatility_transition,HIGH_TO_HIGH_VOL,27,37.04,-0.035,1.01,-0.588,0.521,41.5,33.3,6.51
USDJPY,VE_BO,trend_transition,TREND_TO_RANGE,52,36.54,-0.036,1.01,-0.434,0.38,41.2,33.3,10.53
GBPUSD,VE_BO,asian_range_category,EXPANDED (>45p),62,38.71,-0.043,0.78,-0.404,0.338,40.2,33.3,15.12
EURUSD,MS_BOS,pre_session_bias,BULLISH_DRIFT,588,39.97,-0.046,0.9,-0.154,0.063,20.9,33.3,41.81
GBPUSD,LDN_MO,trend_transition,TREND_TO_RANGE,63,41.27,-0.053,0.93,-0.387,0.298,38.0,66.7,9.73
GBPUSD,VE_BO,pre_session_bias,BULLISH_DRIFT,194,38.14,-0.062,0.92,-0.29,0.16,29.5,33.3,35.0
GBPUSD,LDN_MO,volatility_transition,COMPRESSION_TO_EXPANSION,110,38.18,-0.067,0.93,-0.324,0.196,31.0,33.3,17.58
USDJPY,MS_BOS,trend_transition,TREND_TO_RANGE,114,36.84,-0.074,0.75,-0.316,0.178,28.3,33.3,20.26
EURUSD,MS_BOS,volatility_transition,LOW_TO_HIGH_VOL,77,38.96,-0.074,1.11,-0.374,0.238,31.8,66.7,16.08
USDJPY,LDN_MO,asian_range_category,TIGHT (<25p),60,40.0,-0.08,0.8,-0.412,0.243,30.2,0.0,12.42
EURUSD,MS_BOS,pre_session_bias,BEARISH_DRIFT,590,39.15,-0.089,0.81,-0.192,0.02,5.5,0.0,57.18
GBPUSD,TF_PB,asian_range_category,EXPANDED (>45p),96,38.54,-0.09,1.0,-0.385,0.202,26.2,33.3,11.21
GBPUSD,VE_BO,trend_transition,WEAK_TO_STRONG_TREND,46,36.96,-0.092,0.89,-0.518,0.339,32.4,33.3,11.2
USDJPY,VE_BO,volatility_transition,LOW_TO_LOW_VOL,57,35.09,-0.094,0.93,-0.489,0.302,33.1,66.7,16.44
USDJPY,TF_PB,volatility_transition,HIGH_TO_HIGH_VOL,57,33.33,-0.095,1.04,-0.446,0.27,30.1,66.7,11.94
GBPUSD,TF_PB,trend_transition,WEAK_TO_STRONG_TREND,144,39.58,-0.109,0.9,-0.339,0.133,18.1,0.0,21.94
USDJPY,VE_BO,asian_range_category,EXPANDED (>45p),180,33.33,-0.114,0.91,-0.328,0.102,14.6,66.7,22.92
USDJPY,VE_BO,volatility_transition,COMPRESSION_TO_EXPANSION,174,34.48,-0.114,0.99,-0.332,0.11,16.4,33.3,29.53
USDJPY,MS_BOS,trend_transition,RANGE_TO_TREND,143,37.06,-0.114,0.87,-0.34,0.109,16.1,0.0,17.76
USDJPY,LDN_MO,trend_transition,STEADY_TREND,410,39.02,-0.114,0.91,-0.234,0.002,2.7,33.3,51.75
USDJPY,LDN_MO,volatility_transition,LOW_TO_LOW_VOL,263,38.78,-0.116,0.91,-0.261,0.029,6.0,33.3,37.62
USDJPY,VE_BO,trend_transition,STEADY_TREND,239,33.89,-0.116,0.87,-0.304,0.069,11.4,33.3,26.59
USDJPY,TF_PB,asian_range_category,TIGHT (<25p),55,41.82,-0.118,0.96,-0.511,0.267,27.4,50.0,15.89
USDJPY,LDN_MO,volatility_transition,STEADY_VOL,205,39.51,-0.118,0.83,-0.278,0.046,8.2,33.3,24.61
GBPUSD,LDN_MO,pre_session_bias,BULLISH_DRIFT,204,38.24,-0.119,0.76,-0.298,0.072,10.7,66.7,30.68
EURUSD,MS_BOS,asian_range_category,EXPANDED (>45p),118,36.44,-0.124,0.77,-0.353,0.104,15.5,66.7,22.44
USDJPY,MS_BOS,pre_session_bias,BULLISH_DRIFT,831,36.7,-0.125,0.87,-0.213,-0.033,0.4,0.0,70.84
USDJPY,LDN_MO,pre_session_bias,BEARISH_DRIFT,191,36.13,-0.126,0.89,-0.304,0.056,8.0,33.3,29.09
EURUSD,MS_BOS,volatility_transition,HIGH_TO_HIGH_VOL,123,37.4,-0.131,0.63,-0.323,0.065,9.0,0.0,21.34
USDJPY,TF_PB,volatility_transition,LOW_TO_LOW_VOL,264,37.12,-0.133,0.89,-0.307,0.04,7.2,0.0,38.15
USDJPY,MR_RG,trend_transition,TREND_TO_RANGE,34,38.24,-0.144,0.67,-0.624,0.349,27.6,33.3,9.41
USDJPY,LDN_MO,trend_transition,RANGE_TO_TREND,32,40.62,-0.146,0.76,-0.552,0.304,24.4,33.3,8.25
USDJPY,VE_BO,pre_session_bias,BEARISH_DRIFT,132,32.58,-0.147,0.8,-0.396,0.095,12.3,0.0,22.31
EURUSD,MS_BOS,asian_range_category,NORMAL (25-45p),604,36.42,-0.15,0.84,-0.257,-0.042,0.4,0.0,64.94
USDJPY,TF_PB,pre_session_bias,BULLISH_DRIFT,108,34.26,-0.152,0.98,-0.412,0.117,12.9,33.3,23.34
USDJPY,MS_BOS,trend_transition,WEAK_TO_STRONG_TREND,346,35.26,-0.153,0.87,-0.296,-0.009,1.8,0.0,45.9
GBPUSD,VE_BO,volatility_transition,COMPRESSION_TO_EXPANSION,430,35.81,-0.158,0.88,-0.301,-0.013,1.8,33.3,63.9
GBPUSD,MS_BOS,pre_session_bias,BEARISH_DRIFT,761,37.06,-0.165,0.78,-0.257,-0.072,0.1,0.0,73.93
EURUSD,LDN_MO,asian_range_category,NORMAL (25-45p),205,34.63,-0.167,0.76,-0.325,0.003,2.7,0.0,30.59
EURUSD,LDN_MO,volatility_transition,STEADY_VOL,131,35.11,-0.169,0.71,-0.393,0.056,6.4,33.3,25.21
USDJPY,MS_BOS,asian_range_category,TIGHT (<25p),164,38.41,-0.17,0.9,-0.377,0.042,5.8,0.0,38.87
USDJPY,MS_BOS,asian_range_category,EXPANDED (>45p),1103,34.18,-0.173,0.79,-0.251,-0.094,0.0,0.0,86.69
USDJPY,TF_PB,asian_range_category,EXPANDED (>45p),409,33.01,-0.173,0.83,-0.299,-0.038,0.6,0.0,57.72
GBPUSD,MS_BOS,pre_session_bias,BULLISH_DRIFT,778,37.28,-0.173,0.75,-0.267,-0.078,0.0,0.0,80.38
USDJPY,MS_BOS,pre_session_bias,BEARISH_DRIFT,635,33.07,-0.177,0.79,-0.276,-0.072,0.0,0.0,70.66
EURUSD,LDN_MO,trend_transition,STEADY_TREND,622,35.05,-0.181,0.78,-0.285,-0.078,0.0,0.0,70.01
EURUSD,MS_BOS,trend_transition,WEAK_TO_STRONG_TREND,388,36.6,-0.181,0.76,-0.315,-0.047,0.4,0.0,55.85
EURUSD,LDN_MO,asian_range_category,TIGHT (<25p),626,34.35,-0.192,0.78,-0.301,-0.085,0.0,0.0,72.23
EURUSD,VE_BO,volatility_transition,COMPRESSION_TO_EXPANSION,434,33.18,-0.192,0.75,-0.326,-0.05,0.3,0.0,58.64
USDJPY,LDN_MO,trend_transition,TREND_TO_RANGE,37,35.14,-0.196,0.71,-0.54,0.179,14.4,33.3,11.39
EURUSD,MS_BOS,trend_transition,RANGE_TO_TREND,104,35.58,-0.201,0.85,-0.459,0.074,7.4,33.3,20.19
GBPUSD,MR_RG,pre_session_bias,FLAT,61,49.18,-0.201,0.86,-0.577,0.174,14.7,0.0,15.73
EURUSD,LDN_MO,trend_transition,WEAK_TO_STRONG_TREND,131,31.3,-0.205,0.66,-0.421,0.023,3.7,33.3,28.17
USDJPY,MS_BOS,volatility_transition,STEADY_VOL,792,33.33,-0.205,0.71,-0.297,-0.113,0.0,0.0,82.05
GBPUSD,MS_BOS,volatility_transition,HIGH_TO_HIGH_VOL,162,35.19,-0.206,0.66,-0.384,-0.028,1.3,0.0,32.08
USDJPY,TF_PB,pre_session_bias,FLAT,453,33.77,-0.211,0.81,-0.34,-0.083,0.1,0.0,66.02
GBPUSD,LDN_MO,asian_range_category,TIGHT (<25p),452,34.96,-0.218,0.74,-0.349,-0.088,0.1,0.0,65.95
GBPUSD,TF_PB,volatility_transition,STEADY_VOL,265,33.96,-0.22,0.76,-0.384,-0.05,0.6,0.0,47.42
USDJPY,LDN_MO,asian_range_category,NORMAL (25-45p),216,33.33,-0.222,0.71,-0.383,-0.049,0.7,33.3,43.37
GBPUSD,MR_RG,trend_transition,TREND_TO_RANGE,31,45.16,-0.23,0.81,-0.753,0.264,17.9,33.3,9.09
GBPUSD,MS_BOS,trend_transition,RANGE_TO_TREND,109,34.86,-0.234,0.68,-0.483,0.03,4.0,66.7,27.59
EURUSD,MS_BOS,trend_transition,TREND_TO_RANGE,110,35.45,-0.235,0.79,-0.49,0.011,3.1,33.3,31.06
EURUSD,LDN_MO,volatility_transition,LOW_TO_LOW_VOL,624,32.85,-0.236,0.7,-0.338,-0.133,0.0,0.0,78.12
EURUSD,LDN_MO,trend_transition,RANGE_TO_TREND,42,33.33,-0.237,0.9,-0.638,0.199,13.7,66.7,11.5
EURUSD,TF_PB,volatility_transition,STEADY_VOL,268,31.72,-0.239,0.72,-0.402,-0.069,0.2,0.0,48.83
USDJPY,TF_PB,pre_session_bias,BEARISH_DRIFT,106,29.25,-0.24,0.6,-0.486,0.019,3.4,0.0,27.85
EURUSD,MS_BOS,volatility_transition,STEADY_VOL,755,34.17,-0.241,0.68,-0.333,-0.145,0.0,0.0,86.17
EURUSD,LDN_MO,trend_transition,TREND_TO_RANGE,63,33.33,-0.243,0.66,-0.547,0.082,7.0,33.3,17.51
EURUSD,VE_BO,asian_range_category,NORMAL (25-45p),202,30.69,-0.249,0.69,-0.447,-0.039,1.0,0.0,49.24
GBPUSD,VE_BO,asian_range_category,NORMAL (25-45p),337,32.05,-0.25,0.75,-0.405,-0.09,0.1,0.0,59.63
GBPUSD,LDN_MO,volatility_transition,LOW_TO_LOW_VOL,655,34.2,-0.254,0.68,-0.354,-0.15,0.0,0.0,82.56
USDJPY,MS_BOS,trend_transition,STEADY_TREND,1192,32.05,-0.258,0.73,-0.33,-0.181,0.0,0.0,96.23
GBPUSD,MS_BOS,asian_range_category,NORMAL (25-45p),964,34.13,-0.259,0.74,-0.344,-0.174,0.0,0.0,92.73
EURUSD,VE_BO,trend_transition,STEADY_TREND,553,31.28,-0.262,0.72,-0.383,-0.138,0.0,0.0,78.94
USDJPY,VE_BO,volatility_transition,STEADY_VOL,74,28.38,-0.265,0.5,-0.571,0.074,5.7,33.3,19.64
EURUSD,MS_BOS,trend_transition,STEADY_TREND,1458,33.74,-0.265,0.69,-0.333,-0.196,0.0,0.0,98.46
GBPUSD,TF_PB,asian_range_category,TIGHT (<25p),297,35.69,-0.269,0.7,-0.433,-0.11,0.0,0.0,58.77
USDJPY,MR_RG,pre_session_bias,FLAT,37,40.54,-0.269,0.74,-0.702,0.186,12.5,33.3,11.67
GBPUSD,MS_BOS,trend_transition,STEADY_TREND,1514,34.21,-0.27,0.7,-0.338,-0.204,0.0,0.0,98.57
USDJPY,TF_PB,volatility_transition,STEADY_VOL,305,30.16,-0.272,0.7,-0.416,-0.118,0.0,0.0,61.71
USDJPY,LDN_MO,pre_session_bias,FLAT,157,33.76,-0.283,0.57,-0.461,-0.098,0.1,33.3,41.92
USDJPY,TF_PB,trend_transition,STEADY_TREND,491,30.96,-0.283,0.7,-0.397,-0.16,0.0,0.0,77.63
GBPUSD,LDN_MO,asian_range_category,EXPANDED (>45p),64,37.5,-0.285,0.54,-0.549,-0.014,1.8,33.3,17.96
GBPUSD,LDN_MO,asian_range_category,NORMAL (25-45p),390,32.05,-0.285,0.67,-0.412,-0.155,0.0,0.0,68.56
USDJPY,TF_PB,volatility_transition,EXPANSION_TO_CONTRACTION,29,31.03,-0.294,0.61,-0.735,0.19,11.2,0.0,8.11
EURUSD,MS_BOS,asian_range_category,TIGHT (<25p),1341,33.48,-0.295,0.65,-0.364,-0.225,0.0,0.0,98.3
GBPUSD,MS_BOS,asian_range_category,TIGHT (<25p),951,34.28,-0.295,0.65,-0.379,-0.209,0.0,0.0,94.41
GBPUSD,MS_BOS,volatility_transition,LOW_TO_HIGH_VOL,77,31.17,-0.296,0.67,-0.592,0.007,2.8,0.0,24.74
EURUSD,LDN_MO,asian_range_category,EXPANDED (>45p),28,32.14,-0.296,0.56,-0.634,0.078,5.5,0.0,9.22
USDJPY,MS_BOS,volatility_transition,LOW_TO_LOW_VOL,587,31.01,-0.297,0.72,-0.405,-0.183,0.0,0.0,85.43
USDJPY,TF_PB,asian_range_category,NORMAL (25-45p),203,31.03,-0.298,0.65,-0.478,-0.104,0.0,0.0,49.9
USDJPY,VE_BO,asian_range_category,NORMAL (25-45p),119,28.57,-0.299,0.68,-0.545,-0.033,1.4,0.0,35.43
EURUSD,VE_BO,asian_range_category,TIGHT (<25p),491,30.55,-0.303,0.68,-0.431,-0.17,0.0,0.0,78.58
EURUSD,TF_PB,volatility_transition,LOW_TO_HIGH_VOL,28,28.57,-0.307,0.57,-0.75,0.191,11.2,0.0,12.91
GBPUSD,TF_PB,asian_range_category,NORMAL (25-45p),306,32.35,-0.308,0.75,-0.47,-0.148,0.0,0.0,64.13
GBPUSD,MS_BOS,volatility_transition,STEADY_VOL,805,31.8,-0.309,0.61,-0.395,-0.22,0.0,0.0,92.37
USDJPY,MS_BOS,volatility_transition,COMPRESSION_TO_EXPANSION,177,31.07,-0.312,0.6,-0.487,-0.131,0.1,0.0,45.72
GBPUSD,MS_BOS,trend_transition,TREND_TO_RANGE,126,33.33,-0.315,0.71,-0.54,-0.08,0.5,33.3,39.87
USDJPY,MS_BOS,asian_range_category,NORMAL (25-45p),528,30.11,-0.316,0.71,-0.429,-0.206,0.0,0.0,83.25
GBPUSD,VE_BO,trend_transition,STEADY_TREND,545,30.83,-0.318,0.67,-0.438,-0.191,0.0,0.0,84.75
GBPUSD,LDN_MO,trend_transition,RANGE_TO_TREND,53,32.08,-0.319,0.62,-0.674,0.044,4.2,33.3,21.45
USDJPY,MR_RG,volatility_transition,LOW_TO_LOW_VOL,59,32.2,-0.319,0.76,-0.692,0.068,5.5,33.3,22.85
EURUSD,TF_PB,asian_range_category,TIGHT (<25p),413,31.48,-0.321,0.7,-0.46,-0.183,0.0,0.0,74.97
EURUSD,TF_PB,trend_transition,WEAK_TO_STRONG_TREND,129,30.23,-0.322,0.69,-0.557,-0.072,0.5,33.3,36.67
GBPUSD,LDN_MO,trend_transition,STEADY_TREND,665,30.98,-0.326,0.59,-0.422,-0.224,0.0,0.0,89.53
GBPUSD,LDN_MO,volatility_transition,STEADY_VOL,121,30.58,-0.347,0.54,-0.572,-0.11,0.3,0.0,35.38
USDJPY,TF_PB,trend_transition,RANGE_TO_TREND,38,26.32,-0.348,0.39,-0.741,0.087,5.8,0.0,13.31
EURUSD,VE_BO,trend_transition,TREND_TO_RANGE,98,28.57,-0.348,0.6,-0.617,-0.064,0.9,0.0,30.63
EURUSD,LDN_MO,pre_session_bias,FLAT,585,29.06,-0.348,0.57,-0.45,-0.243,0.0,0.0,87.45
GBPUSD,MS_BOS,trend_transition,WEAK_TO_STRONG_TREND,422,31.52,-0.35,0.57,-0.472,-0.223,0.0,0.0,78.55
USDJPY,MR_RG,asian_range_category,NORMAL (25-45p),34,32.35,-0.352,0.49,-0.815,0.148,8.2,0.0,15.76
GBPUSD,TF_PB,trend_transition,STEADY_TREND,496,31.65,-0.353,0.69,-0.472,-0.23,0.0,0.0,84.29
GBPUSD,MS_BOS,asian_range_category,EXPANDED (>45p),256,29.69,-0.356,0.52,-0.512,-0.199,0.0,0.0,62.76
EURUSD,VE_BO,trend_transition,WEAK_TO_STRONG_TREND,36,27.78,-0.364,0.5,-0.809,0.096,5.5,0.0,14.4
EURUSD,VE_BO,volatility_transition,STEADY_VOL,133,27.82,-0.369,0.64,-0.61,-0.123,0.2,0.0,44.4
EURUSD,MS_BOS,volatility_transition,LOW_TO_LOW_VOL,742,31.54,-0.369,0.65,-0.469,-0.27,0.0,0.0,93.91
USDJPY,VE_BO,pre_session_bias,FLAT,75,26.67,-0.373,0.56,-0.686,-0.053,1.2,0.0,29.85
GBPUSD,TF_PB,volatility_transition,LOW_TO_LOW_VOL,347,33.14,-0.374,0.63,-0.521,-0.226,0.0,0.0,75.1
EURUSD,TF_PB,asian_range_category,NORMAL (25-45p),211,27.96,-0.376,0.64,-0.556,-0.19,0.0,0.0,59.23
GBPUSD,TF_PB,pre_session_bias,FLAT,535,31.21,-0.383,0.6,-0.499,-0.261,0.0,0.0,88.1
GBPUSD,LDN_MO,pre_session_bias,FLAT,486,28.81,-0.414,0.52,-0.524,-0.3,0.0,0.0,87.27
EURUSD,TF_PB,trend_transition,STEADY_TREND,489,27.61,-0.415,0.6,-0.535,-0.299,0.0,0.0,87.32
USDJPY,MR_RG,asian_range_category,EXPANDED (>45p),65,26.15,-0.423,0.5,-0.731,-0.084,0.6,0.0,25.32
GBPUSD,MS_BOS,volatility_transition,LOW_TO_LOW_VOL,752,30.85,-0.428,0.55,-0.525,-0.332,0.0,0.0,96.26
EURUSD,MS_BOS,volatility_transition,EXPANSION_TO_CONTRACTION,36,27.78,-0.438,0.37,-0.756,-0.094,0.7,0.0,15.33
EURUSD,TF_PB,pre_session_bias,FLAT,574,27.18,-0.44,0.57,-0.546,-0.33,0.0,0.0,92.39
EURUSD,TF_PB,asian_range_category,EXPANDED (>45p),55,23.64,-0.446,0.56,-0.759,-0.098,0.7,0.0,21.19
GBPUSD,VE_BO,asian_range_category,TIGHT (<25p),318,27.67,-0.448,0.57,-0.603,-0.283,0.0,0.0,77.27
GBPUSD,VE_BO,volatility_transition,STEADY_VOL,143,25.17,-0.472,0.54,-0.688,-0.242,0.0,0.0,51.28
EURUSD,MS_BOS,pre_session_bias,FLAT,885,27.8,-0.477,0.5,-0.562,-0.392,0.0,0.0,98.64
GBPUSD,MR_RG,volatility_transition,LOW_TO_LOW_VOL,84,38.1,-0.478,0.51,-0.77,-0.159,0.0,0.0,34.62
GBPUSD,MR_RG,asian_range_category,TIGHT (<25p),46,36.96,-0.485,0.44,-0.888,-0.054,1.4,0.0,23.54
EURUSD,TF_PB,volatility_transition,LOW_TO_LOW_VOL,330,26.36,-0.508,0.54,-0.645,-0.365,0.0,0.0,83.04
USDJPY,MS_BOS,pre_session_bias,FLAT,329,25.53,-0.513,0.43,-0.645,-0.377,0.0,0.0,82.21
EURUSD,VE_BO,volatility_transition,LOW_TO_LOW_VOL,117,24.79,-0.517,0.5,-0.762,-0.261,0.0,0.0,47.3
USDJPY,MR_RG,pre_session_bias,BULLISH_DRIFT,58,22.41,-0.521,0.44,-0.857,-0.138,0.4,0.0,27.23
EURUSD,MR_RG,trend_transition,TREND_TO_RANGE,38,31.58,-0.524,0.87,-0.99,-0.032,1.9,0.0,19.83
GBPUSD,MR_RG,asian_range_category,NORMAL (25-45p),55,32.73,-0.547,0.47,-0.907,-0.175,0.3,0.0,27.82
GBPUSD,VE_BO,volatility_transition,LOW_TO_LOW_VOL,97,24.74,-0.565,0.44,-0.827,-0.28,0.0,0.0,43.61
USDJPY,MS_BOS,volatility_transition,EXPANSION_TO_CONTRACTION,30,23.33,-0.571,0.31,-0.92,-0.167,0.4,0.0,17.92
GBPUSD,MS_BOS,pre_session_bias,FLAT,632,25.16,-0.572,0.42,-0.67,-0.471,0.0,0.0,97.44
EURUSD,MR_RG,pre_session_bias,FLAT,113,32.74,-0.573,0.55,-0.83,-0.315,0.0,0.0,50.01
GBPUSD,VE_BO,trend_transition,TREND_TO_RANGE,98,22.45,-0.585,0.44,-0.842,-0.317,0.0,0.0,44.49
USDJPY,MR_RG,volatility_transition,STEADY_VOL,40,22.5,-0.596,0.33,-0.97,-0.181,0.4,0.0,20.63
EURUSD,MR_RG,asian_range_category,TIGHT (<25p),111,30.63,-0.614,0.48,-0.862,-0.357,0.0,0.0,51.06
EURUSD,VE_BO,pre_session_bias,FLAT,389,20.82,-0.624,0.37,-0.747,-0.491,0.0,0.0,91.43
GBPUSD,MR_RG,trend_transition,STEADY_TREND,84,28.57,-0.666,0.34,-0.939,-0.376,0.0,0.0,45.4
USDJPY,MR_RG,trend_transition,STEADY_TREND,73,20.55,-0.674,0.36,-0.954,-0.365,0.0,0.0,39.91
EURUSD,MR_RG,trend_transition,STEADY_TREND,108,27.78,-0.676,0.38,-0.91,-0.422,0.0,0.0,52.88
EURUSD,MR_RG,asian_range_category,NORMAL (25-45p),33,21.21,-0.749,0.44,-1.155,-0.285,0.1,0.0,23.85
GBPUSD,VE_BO,pre_session_bias,FLAT,295,18.31,-0.762,0.29,-0.895,-0.622,0.0,0.0,89.94
EURUSD,MR_RG,volatility_transition,LOW_TO_LOW_VOL,109,26.61,-0.767,0.34,-1.014,-0.519,0.0,0.0,58.57
GBPUSD,VE_BO,volatility_transition,LOW_TO_HIGH_VOL,29,10.34,-0.884,0.19,-1.214,-0.457,0.0,0.0,21.91
GBPUSD,MR_RG,pre_session_bias,BEARISH_DRIFT,27,14.81,-0.915,0.27,-1.276,-0.468,0.0,0.0,21.33
GBPUSD,MR_RG,pre_session_bias,BULLISH_DRIFT,30,13.33,-1.024,0.22,-1.347,-0.615,0.0,0.0,26.72
