trade_id,symbol,strategy_name,direction,signal_time,entry_time,entry_price,exit_time,exit_price,exit_reason,stop_loss,take_profit,holding_bars,risk_pips,pnl_gross_pips,spread_cost_pips,slippage_cost_pips,commission_pips,pnl_net_pips,pnl_r_multiple,regime,session,year,metadata,trend_transition,Pair
4,EURUSD,TF_PB,1,2023-01-20 09:00:00+00:00,2023-01-20 09:15:00+00:00,1.08344,2023-01-20 10:00:00+00:00,1.0849892857142858,TP,1.0825453571428572,1.0850492857142857,4,8.346428571428769,16.692857142857065,0.8,0.4,0.7,14.792857142858086,1.7723577233649577,WEAK_BULL__LOW_VOL,LONDON,2023,{'atr': 0.0005564285714285847},RANGE_TO_TREND,EURUSD
5,GBPUSD,TF_PB,-1,2023-01-27 15:45:00+00:00,2023-01-27 16:00:00+00:00,1.23672,2023-01-27 16:45:00+00:00,1.2387510714285714,SL,1.2386510714285714,1.2331578571428572,4,18.310714285714337,-18.31071428571418,1.2,0.8,0.7,-21.01071428571396,-1.1474546517804964,WEAK_BEAR__LOW_VOL,NY_LATE,2023,{'atr': 0.0012207142857142892},RANGE_TO_TREND,GBPUSD
12,USDJPY,TF_PB,1,2023-01-31 14:45:00+00:00,2023-01-31 15:00:00+00:00,130.4385,2023-01-31 15:30:00+00:00,130.27885714285716,SL,130.28635714285716,130.72028571428572,3,14.46428571428535,-14.464285714285552,0.9,0.6,0.7,-16.664285714284187,-1.1520987653523709,STRONG_BULL__LOW_VOL,OVERLAP,2023,{'atr': 0.09642857142856899},RANGE_TO_TREND,USDJPY
21,EURUSD,TF_PB,-1,2023-02-07 11:15:00+00:00,2023-02-07 11:30:00+00:00,1.07232,2023-02-07 15:15:00+00:00,1.0689899999999999,TP,1.0741049999999999,1.06893,16,17.249999999999766,34.49999999999953,0.8,0.4,0.7,32.60000000000055,1.8898550723542689,STRONG_BEAR__NORMAL_VOL,LONDON,2023,{'atr': 0.0011499999999999844},RANGE_TO_TREND,EURUSD
14,GBPUSD,TF_PB,1,2023-02-09 07:45:00+00:00,2023-02-09 08:00:00+00:00,1.20893,2023-02-09 09:00:00+00:00,1.2102242857142858,TP,1.2080678571428571,1.2103242857142857,5,7.521428571428601,14.942857142856703,1.2,0.8,0.7,12.242857142856924,1.6277302941805132,STRONG_BULL__CONTRACTION,LONDON,2023,{'atr': 0.0005014285714285733},RANGE_TO_TREND,GBPUSD
27,USDJPY,TF_PB,1,2023-02-23 15:15:00+00:00,2023-02-23 15:30:00+00:00,135.0205,2023-02-23 15:30:00+00:00,135.24800000000002,TP,134.90225,135.2555,1,11.774999999999583,24.250000000000682,0.9,0.6,0.7,22.050000000002047,1.8726114648093601,STRONG_BULL__LOW_VOL,OVERLAP,2023,{'atr': 0.07849999999999722},RANGE_TO_TREND,USDJPY
32,EURUSD,TF_PB,-1,2023-02-27 07:00:00+00:00,2023-02-27 07:15:00+00:00,1.0546600000000002,2023-02-27 08:30:00+00:00,1.0535342857142855,TP,1.055357857142857,1.0534742857142856,6,6.278571428571403,12.457142857145165,0.8,0.4,0.7,10.557142857146186,1.6814561999602595,STRONG_BEAR__LOW_VOL,LONDON,2023,{'atr': 0.0004185714285714269},RANGE_TO_TREND,EURUSD
28,USDJPY,TF_PB,1,2023-02-27 08:30:00+00:00,2023-02-27 08:45:00+00:00,136.42249999999999,2023-02-27 09:00:00+00:00,136.24639285714287,SL,136.25389285714286,136.7312142857143,2,15.910714285714128,-16.110714285713357,0.9,0.6,0.7,-18.310714285711992,-1.1508417507692867,STRONG_BULL__NORMAL_VOL,LONDON,2023,{'atr': 0.10607142857142751},RANGE_TO_TREND,USDJPY
35,USDJPY,TF_PB,-1,2023-03-13 07:00:00+00:00,2023-03-13 07:15:00+00:00,134.0165,2023-03-13 07:45:00+00:00,134.396,SL,134.3885,133.295,3,36.45000000000047,-36.44999999999925,0.9,0.6,0.7,-38.64999999999789,-1.0603566529200832,STRONG_BEAR__NORMAL_VOL,LONDON,2023,{'atr': 0.24300000000000313},RANGE_TO_TREND,USDJPY
37,EURUSD,TF_PB,-1,2023-03-16 15:15:00+00:00,2023-03-16 15:30:00+00:00,1.05755,2023-03-16 15:45:00+00:00,1.0603075,SL,1.0602475,1.052305,2,26.47499999999977,-26.375000000000703,0.8,0.4,0.7,-28.274999999999682,-1.0679886685148985,STRONG_BEAR__LOW_VOL,OVERLAP,2023,{'atr': 0.001764999999999985},RANGE_TO_TREND,EURUSD
38,USDJPY,TF_PB,-1,2023-03-16 15:15:00+00:00,2023-03-16 15:30:00+00:00,132.0475,2023-03-16 16:00:00+00:00,132.44646428571428,SL,132.4389642857143,131.2750714285714,3,38.79642857142929,-38.39642857142849,0.9,0.6,0.7,-40.596428571427126,-1.0463960231709837,WEAK_BEAR__NORMAL_VOL,OVERLAP,2023,{'atr': 0.2586428571428619},RANGE_TO_TREND,USDJPY
39,GBPUSD,TF_PB,1,2023-03-23 14:00:00+00:00,2023-03-23 14:15:00+00:00,1.23183,2023-03-23 14:30:00+00:00,1.2293275000000001,SL,1.2294275000000001,1.236335,2,23.02499999999977,-23.02499999999874,1.2,0.8,0.7,-25.72499999999852,-1.1172638435996314,WEAK_BULL__NORMAL_VOL,OVERLAP,2023,{'atr': 0.0015349999999999847},RANGE_TO_TREND,GBPUSD
47,USDJPY,TF_PB,1,2023-04-04 15:45:00+00:00,2023-04-04 16:00:00+00:00,132.9115,2023-04-04 16:30:00+00:00,132.6935357142857,SL,132.7010357142857,133.30692857142856,3,20.196428571428783,-20.29642857143017,0.9,0.6,0.7,-22.496428571428805,-1.11388152072292,STRONG_BULL__LOW_VOL,NY_LATE,2023,{'atr': 0.13464285714285854},RANGE_TO_TREND,USDJPY
53,USDJPY,TF_PB,-1,2023-04-13 12:00:00+00:00,2023-04-13 12:15:00+00:00,133.11950000000002,2023-04-13 13:30:00+00:00,133.28160714285715,SL,133.27410714285716,132.8327857142857,6,14.710714285714488,-14.710714285715198,0.9,0.6,0.7,-16.910714285713834,-1.1495508617814842,STRONG_BEAR__NORMAL_VOL,OVERLAP,2023,{'atr': 0.09807142857142992},RANGE_TO_TREND,USDJPY
54,EURUSD,TF_PB,-1,2023-05-01 10:30:00+00:00,2023-05-01 10:45:00+00:00,1.09998,2023-05-01 13:45:00+00:00,1.1009989285714283,SL,1.1009389285714284,1.0982421428571427,13,8.989285714285604,-8.989285714284811,0.8,0.4,0.7,-10.88928571428379,-1.2113627332778376,STRONG_BEAR__LOW_VOL,LONDON,2023,{'atr': 0.0005992857142857069},RANGE_TO_TREND,EURUSD
63,EURUSD,TF_PB,-1,2023-05-23 11:45:00+00:00,2023-05-23 12:00:00+00:00,1.08027,2023-05-23 13:00:00+00:00,1.0776021428571427,TP,1.0817239285714286,1.0775421428571428,5,13.939285714285914,27.878571428572307,0.8,0.4,0.7,25.97857142857333,1.8636945937685352,STRONG_BEAR__HIGH_VOL,OVERLAP,2023,{'atr': 0.0009292857142857278},RANGE_TO_TREND,EURUSD
78,USDJPY,TF_PB,1,2023-06-05 11:45:00+00:00,2023-06-05 12:00:00+00:00,140.27249999999998,2023-06-05 16:00:00+00:00,140.10642857142858,SL,140.11392857142857,140.56714285714284,17,15.107142857142211,-15.107142857141298,0.9,0.6,0.7,-17.307142857139933,-1.1456264774653933,STRONG_BULL__NORMAL_VOL,OVERLAP,2023,{'atr': 0.10071428571428141},RANGE_TO_TREND,USDJPY
79,GBPUSD,TF_PB,1,2023-06-14 10:15:00+00:00,2023-06-14 10:30:00+00:00,1.26133,2023-06-14 11:45:00+00:00,1.2633492857142856,TP,1.260135357142857,1.2634492857142856,6,11.046428571428853,22.19285714285535,1.2,0.8,0.7,19.49285714285557,1.764629809086752,WEAK_BULL__LOW_VOL,LONDON,2023,{'atr': 0.0007364285714285902},RANGE_TO_TREND,GBPUSD
75,EURUSD,TF_PB,1,2023-06-22 10:15:00+00:00,2023-06-22 10:30:00+00:00,1.09917,2023-06-22 13:00:00+00:00,1.1005471428571427,TP,1.0983764285714288,1.1006071428571427,11,7.435714285713276,14.971428571426415,0.8,0.4,0.7,13.071428571427436,1.757925071809779,STRONG_BULL__LOW_VOL,LONDON,2023,{'atr': 0.0004957142857142184},RANGE_TO_TREND,EURUSD
76,EURUSD,TF_PB,-1,2023-06-26 12:45:00+00:00,2023-06-26 13:00:00+00:00,1.0896000000000001,2023-06-26 13:15:00+00:00,1.0907667857142858,SL,1.0907067857142858,1.0875664285714288,2,10.467857142856728,-10.467857142857362,0.8,0.4,0.7,-12.36785714285634,-1.1815080176284853,STRONG_BEAR__NORMAL_VOL,OVERLAP,2023,{'atr': 0.0006978571428571152},RANGE_TO_TREND,EURUSD
89,USDJPY,TF_PB,1,2023-06-27 10:00:00+00:00,2023-06-27 10:15:00+00:00,143.4955,2023-06-27 11:15:00+00:00,143.70992857142858,TP,143.3747857142857,143.71742857142857,5,11.421428571428597,22.942857142857065,0.9,0.6,0.7,20.74285714285843,1.8161350842688646,STRONG_BULL__LOW_VOL,LONDON,2023,{'atr': 0.07614285714285732},RANGE_TO_TREND,USDJPY
84,GBPUSD,TF_PB,1,2023-07-04 10:30:00+00:00,2023-07-04 10:45:00+00:00,1.26954,2023-07-04 14:15:00+00:00,1.2717192857142858,TP,1.2682353571428573,1.2718192857142858,15,11.946428571428562,23.79285714285917,1.2,0.8,0.7,21.09285714285939,1.7656203287014232,STRONG_BULL__NORMAL_VOL,LONDON,2023,{'atr': 0.000796428571428571},RANGE_TO_TREND,GBPUSD
78,EURUSD,TF_PB,-1,2023-07-04 14:45:00+00:00,2023-07-04 15:00:00+00:00,1.0897700000000001,2023-07-04 17:15:00+00:00,1.0907417857142858,SL,1.0906817857142859,1.0881264285714287,10,8.517857142857036,-8.51785714285791,0.8,0.4,0.7,-10.417857142856889,-1.2230607965021,STRONG_BEAR__NORMAL_VOL,OVERLAP,2023,{'atr': 0.0005678571428571358},RANGE_TO_TREND,EURUSD
86,GBPUSD,TF_PB,1,2023-07-07 15:15:00+00:00,2023-07-07 15:30:00+00:00,1.27939,2023-07-07 15:30:00+00:00,1.2773285714285714,SL,1.2774285714285714,1.282532857142857,1,17.014285714285123,-18.614285714286805,1.2,0.8,0.7,-21.314285714286584,-1.2527287992547622,STRONG_BULL__NORMAL_VOL,OVERLAP,2023,{'atr': 0.001134285714285675},RANGE_TO_TREND,GBPUSD
98,USDJPY,TF_PB,-1,2023-07-13 09:30:00+00:00,2023-07-13 09:45:00+00:00,138.4745,2023-07-13 15:30:00+00:00,138.668,SL,138.6605,138.125,24,17.850000000000577,-17.850000000001387,0.9,0.6,0.7,-20.050000000000022,-1.1232492996569257,WEAK_BEAR__NORMAL_VOL,LONDON,2023,{'atr': 0.11900000000000384},RANGE_TO_TREND,USDJPY
117,USDJPY,TF_PB,1,2023-08-15 11:45:00+00:00,2023-08-15 12:00:00+00:00,145.6525,2023-08-15 14:30:00+00:00,145.47135714285716,SL,145.47885714285715,145.9712857142857,11,16.414285714285526,-16.61428571428587,0.9,0.6,0.7,-18.814285714284505,-1.1462140991468193,STRONG_BULL__NORMAL_VOL,OVERLAP,2023,{'atr': 0.10942857142857017},RANGE_TO_TREND,USDJPY
110,EURUSD,TF_PB,1,2023-08-30 15:00:00+00:00,2023-08-30 15:15:00+00:00,1.08864,2023-08-30 15:30:00+00:00,1.0909585714285714,TP,1.0873607142857145,1.0910185714285714,2,12.192857142856846,24.3857142857129,0.8,0.4,0.7,22.48571428571392,1.8441710601885422,STRONG_BULL__NORMAL_VOL,OVERLAP,2023,{'atr': 0.0008128571428571231},RANGE_TO_TREND,EURUSD
124,USDJPY,TF_PB,1,2023-09-04 09:45:00+00:00,2023-09-04 10:00:00+00:00,146.1965,2023-09-04 10:00:00+00:00,146.3289285714286,TP,146.1152857142857,146.3364285714286,1,7.371428571429966,14.742857142860544,0.9,0.6,0.7,12.542857142861909,1.7015503873663933,WEAK_BULL__CONTRACTION,LONDON,2023,{'atr': 0.049142857142866446},RANGE_TO_TREND,USDJPY
124,GBPUSD,TF_PB,-1,2023-09-25 09:15:00+00:00,2023-09-25 09:30:00+00:00,1.22358,2023-09-25 09:45:00+00:00,1.2243296428571426,SL,1.2242296428571426,1.2225807142857144,2,5.49642857142818,-5.496428571427625,1.2,0.8,0.7,-8.196428571427404,-1.4912280699040237,STRONG_BEAR__CONTRACTION,LONDON,2023,{'atr': 0.00036642857142854535},RANGE_TO_TREND,GBPUSD
136,USDJPY,TF_PB,1,2023-09-27 15:45:00+00:00,2023-09-27 16:00:00+00:00,149.1925,2023-09-27 16:45:00+00:00,149.3787142857143,TP,149.08889285714284,149.3862142857143,4,9.910714285715017,20.121428571428623,0.9,0.6,0.7,17.92142857142999,1.80828828810584,STRONG_BULL__NORMAL_VOL,NY_LATE,2023,{'atr': 0.06607142857143344},RANGE_TO_TREND,USDJPY
126,EURUSD,TF_PB,1,2023-10-06 10:15:00+00:00,2023-10-06 10:30:00+00:00,1.05439,2023-10-06 12:30:00+00:00,1.0555692857142858,TP,1.0536653571428571,1.0556292857142857,9,6.546428571428398,12.99285714285725,0.8,0.4,0.7,11.092857142858271,1.6944899069972401,WEAK_BULL__LOW_VOL,LONDON,2023,{'atr': 0.00043642857142855984},RANGE_TO_TREND,EURUSD
129,EURUSD,TF_PB,1,2023-10-11 11:30:00+00:00,2023-10-11 11:45:00+00:00,1.06122,2023-10-11 15:30:00+00:00,1.0595742857142858,SL,1.0596342857142858,1.0642114285714286,16,15.257142857142652,-15.257142857143524,0.8,0.4,0.7,-17.157142857142503,-1.124531835132279,STRONG_BULL__HIGH_VOL,LONDON,2023,{'atr': 0.0010171428571428434},RANGE_TO_TREND,EURUSD
150,GBPUSD,TF_PB,1,2023-11-14 11:00:00+00:00,2023-11-14 11:15:00+00:00,1.22881,2023-11-14 15:30:00+00:00,1.230835,TP,1.2275375,1.230935,18,11.325000000000204,22.249999999999215,1.2,0.8,0.7,19.549999999999436,1.7262693155207784,STRONG_BULL__NORMAL_VOL,LONDON,2023,{'atr': 0.0007550000000000136},RANGE_TO_TREND,GBPUSD
156,GBPUSD,TF_PB,1,2023-11-27 10:00:00+00:00,2023-11-27 10:15:00+00:00,1.26207,2023-11-27 10:30:00+00:00,1.2608467857142858,SL,1.2609467857142858,1.2640164285714286,2,10.232142857142561,-10.2321428571428,1.2,0.8,0.7,-12.93214285714258,-1.2638743454262278,STRONG_BULL__NORMAL_VOL,LONDON,2023,{'atr': 0.0006821428571428376},RANGE_TO_TREND,GBPUSD
164,EURUSD,TF_PB,-1,2023-12-08 08:30:00+00:00,2023-12-08 08:45:00+00:00,1.07829,2023-12-08 10:45:00+00:00,1.078957142857143,SL,1.078897142857143,1.0772257142857145,9,5.5714285714286715,-5.471428571430792,0.8,0.4,0.7,-7.371428571429772,-1.3230769228396393,WEAK_BEAR__LOW_VOL,LONDON,2023,{'atr': 0.0003714285714285781},RANGE_TO_TREND,EURUSD
177,USDJPY,TF_PB,-1,2023-12-12 15:00:00+00:00,2023-12-12 15:15:00+00:00,145.03050000000002,2023-12-12 15:30:00+00:00,145.22553571428568,SL,145.2180357142857,144.68092857142855,2,17.903571428571347,-18.003571428567966,0.9,0.6,0.7,-20.2035714285666,-1.1284659883667871,STRONG_BEAR__LOW_VOL,OVERLAP,2023,{'atr': 0.1193571428571423},RANGE_TO_TREND,USDJPY
172,GBPUSD,TF_PB,-1,2023-12-18 14:45:00+00:00,2023-12-18 15:00:00+00:00,1.26575,2023-12-18 19:00:00+00:00,1.262947857142857,TP,1.2673510714285714,1.262847857142857,17,15.01071428571461,30.02142857142953,1.2,0.8,0.7,27.321428571429752,1.8201284795361716,STRONG_BEAR__NORMAL_VOL,OVERLAP,2023,{'atr': 0.0010007142857143072},RANGE_TO_TREND,GBPUSD
176,GBPUSD,TF_PB,1,2023-12-27 09:00:00+00:00,2023-12-27 09:15:00+00:00,1.27351,2023-12-27 09:30:00+00:00,1.2727571428571427,SL,1.2728571428571427,1.2745157142857144,2,5.528571428571961,-5.528571428572437,1.2,0.8,0.7,-8.228571428572216,-1.4883720927540403,STRONG_BULL__CONTRACTION,LONDON,2023,{'atr': 0.0003685714285714641},RANGE_TO_TREND,GBPUSD
201,USDJPY,TF_PB,-1,2024-01-30 11:00:00+00:00,2024-01-30 11:15:00+00:00,147.3615,2024-01-30 15:00:00+00:00,147.55039285714284,SL,147.54289285714285,147.02121428571428,16,17.389285714285613,-17.389285714284597,0.9,0.6,0.7,-19.589285714283232,-1.1265146846752747,WEAK_BEAR__LOW_VOL,LONDON,2024,{'atr': 0.11592857142857074},RANGE_TO_TREND,USDJPY
194,EURUSD,TF_PB,1,2024-02-02 10:45:00+00:00,2024-02-02 11:00:00+00:00,1.08799,2024-02-02 15:30:00+00:00,1.086889642857143,SL,1.086949642857143,1.0898907142857144,19,9.80357142857118,-9.803571428570468,0.8,0.4,0.7,-11.703571428569447,-1.1938069215538296,STRONG_BULL__LOW_VOL,LONDON,2024,{'atr': 0.0006535714285714121},RANGE_TO_TREND,EURUSD
195,GBPUSD,TF_PB,-1,2024-02-05 11:30:00+00:00,2024-02-05 11:45:00+00:00,1.26042,2024-02-05 13:30:00+00:00,1.2580378571428572,TP,1.2618110714285715,1.2579378571428572,8,12.910714285714647,25.82142857142866,1.2,0.8,0.7,23.121428571428883,1.7908713691558678,WEAK_BEAR__LOW_VOL,LONDON,2024,{'atr': 0.0008607142857143099},RANGE_TO_TREND,GBPUSD
201,EURUSD,TF_PB,-1,2024-02-14 09:45:00+00:00,2024-02-14 10:00:00+00:00,1.0707,2024-02-14 10:30:00+00:00,1.0695192857142857,TP,1.071410357142857,1.0694592857142857,3,6.503571428571211,13.007142857142107,0.8,0.4,0.7,11.107142857143128,1.7078528278539158,WEAK_BEAR__LOW_VOL,LONDON,2024,{'atr': 0.00043357142857141414},RANGE_TO_TREND,EURUSD
211,EURUSD,TF_PB,1,2024-03-04 09:30:00+00:00,2024-03-04 09:45:00+00:00,1.0849799999999998,2024-03-04 10:15:00+00:00,1.0844025,SL,1.0844624999999999,1.0858349999999999,3,4.575000000000472,-4.574999999999996,0.8,0.4,0.7,-6.474999999998976,-1.4153005461383623,STRONG_BULL__LOW_VOL,LONDON,2024,{'atr': 0.00030500000000003143},RANGE_TO_TREND,EURUSD
214,GBPUSD,TF_PB,1,2024-03-07 15:00:00+00:00,2024-03-07 15:15:00+00:00,1.27531,2024-03-07 16:45:00+00:00,1.2770207142857144,TP,1.274269642857143,1.2771207142857144,7,9.503571428571595,19.10714285714432,1.2,0.8,0.7,16.407142857144542,1.7264186394276566,STRONG_BULL__NORMAL_VOL,OVERLAP,2024,{'atr': 0.0006335714285714397},RANGE_TO_TREND,GBPUSD
219,GBPUSD,TF_PB,-1,2024-03-13 11:15:00+00:00,2024-03-13 11:30:00+00:00,1.27842,2024-03-13 13:15:00+00:00,1.2796014285714283,SL,1.2795014285714283,1.2765571428571427,8,9.814285714285536,-9.814285714284665,1.2,0.8,0.7,-12.514285714284444,-1.275109170175647,WEAK_BEAR__LOW_VOL,LONDON,2024,{'atr': 0.0006542857142857025},RANGE_TO_TREND,GBPUSD
237,USDJPY,TF_PB,1,2024-04-02 12:45:00+00:00,2024-04-02 13:00:00+00:00,151.6795,2024-04-02 16:15:00+00:00,151.58060714285716,SL,151.58810714285715,151.8397857142857,14,8.389285714285576,-8.389285714284256,0.9,0.6,0.7,-10.589285714282891,-1.2622392505942237,WEAK_BULL__NORMAL_VOL,OVERLAP,2024,{'atr': 0.0559285714285705},RANGE_TO_TREND,USDJPY
228,GBPUSD,TF_PB,1,2024-04-04 10:00:00+00:00,2024-04-04 10:15:00+00:00,1.26593,2024-04-04 14:45:00+00:00,1.265025,SL,1.265125,1.26724,19,7.050000000000033,-7.049999999999557,1.2,0.8,0.7,-9.749999999999336,-1.3829787232079875,STRONG_BULL__LOW_VOL,LONDON,2024,{'atr': 0.00047000000000000215},RANGE_TO_TREND,GBPUSD
241,USDJPY,TF_PB,1,2024-04-04 14:15:00+00:00,2024-04-04 14:30:00+00:00,151.7175,2024-04-04 15:45:00+00:00,151.64207142857146,SL,151.64957142857145,151.83085714285713,6,6.042857142856154,-6.042857142855951,0.9,0.6,0.7,-8.242857142854586,-1.3640661936274958,WEAK_BULL__LOW_VOL,OVERLAP,2024,{'atr': 0.040285714285707694},RANGE_TO_TREND,USDJPY
231,GBPUSD,TF_PB,1,2024-04-10 09:00:00+00:00,2024-04-10 09:15:00+00:00,1.26772,2024-04-10 10:00:00+00:00,1.2683449999999998,TP,1.2672075,1.2684449999999998,4,4.124999999999427,8.249999999998536,1.2,0.8,0.7,5.549999999998756,1.34545454512826,STRONG_BULL__CONTRACTION,LONDON,2024,{'atr': 0.0002749999999999618},RANGE_TO_TREND,GBPUSD
229,EURUSD,TF_PB,1,2024-04-18 08:15:00+00:00,2024-04-18 08:30:00+00:00,1.06798,2024-04-18 09:15:00+00:00,1.0688864285714286,TP,1.0674067857142857,1.0689464285714285,4,5.132142857142457,10.264285714285393,0.8,0.4,0.7,8.364285714286414,1.629784272473235,STRONG_BULL__LOW_VOL,LONDON,2024,{'atr': 0.00034214285714283054},RANGE_TO_TREND,EURUSD
260,USDJPY,TF_PB,1,2024-04-30 15:00:00+00:00,2024-04-30 15:15:00+00:00,156.9775,2024-04-30 15:30:00+00:00,157.18878571428573,TP,156.86135714285717,157.19628571428572,2,11.164285714285427,22.628571428572286,0.9,0.6,0.7,20.42857142857365,1.829814459209348,STRONG_BULL__CONTRACTION,OVERLAP,2024,{'atr': 0.07442857142856951},RANGE_TO_TREND,USDJPY
246,EURUSD,TF_PB,1,2024-05-14 15:30:00+00:00,2024-05-14 15:45:00+00:00,1.08055,2024-05-14 17:45:00+00:00,1.0824164285714286,TP,1.0795417857142857,1.0824764285714286,9,9.782142857142944,19.864285714286112,0.8,0.4,0.7,17.964285714287133,1.8364366555261593,WEAK_BULL__HIGH_VOL,OVERLAP,2024,{'atr': 0.0006521428571428631},RANGE_TO_TREND,EURUSD
259,EURUSD,TF_PB,1,2024-06-07 07:00:00+00:00,2024-06-07 07:15:00+00:00,1.08954,2024-06-07 08:30:00+00:00,1.0890503571428571,SL,1.089110357142857,1.0902192857142858,6,3.6964285714292346,-3.6964285714291556,0.8,0.4,0.7,-5.596428571428135,-1.514009661425772,STRONG_BULL__LOW_VOL,LONDON,2024,{'atr': 0.00024642857142861567},RANGE_TO_TREND,EURUSD
263,GBPUSD,TF_PB,-1,2024-06-17 10:30:00+00:00,2024-06-17 10:45:00+00:00,1.26631,2024-06-17 11:00:00+00:00,1.267425,SL,1.267325,1.26458,2,9.150000000000228,-9.149999999999991,1.2,0.8,0.7,-11.84999999999977,-1.2950819670715183,STRONG_BEAR__NORMAL_VOL,LONDON,2024,{'atr': 0.0006100000000000153},RANGE_TO_TREND,GBPUSD
291,USDJPY,TF_PB,1,2024-06-21 09:15:00+00:00,2024-06-21 09:30:00+00:00,158.99949999999998,2024-06-21 10:15:00+00:00,158.91475,SL,158.92225,159.1315,4,6.975000000000417,-6.974999999999909,0.9,0.6,0.7,-9.174999999998544,-1.3154121861910513,WEAK_BULL__NORMAL_VOL,LONDON,2024,{'atr': 0.046500000000002775},RANGE_TO_TREND,USDJPY
279,GBPUSD,TF_PB,1,2024-07-08 14:00:00+00:00,2024-07-08 14:15:00+00:00,1.28219,2024-07-08 15:45:00+00:00,1.2838614285714287,TP,1.2811392857142858,1.2839614285714287,7,9.407142857143343,18.71428571428746,1.2,0.8,0.7,16.01428571428768,1.7023538342914426,STRONG_BULL__NORMAL_VOL,OVERLAP,2024,{'atr': 0.0006271428571428896},RANGE_TO_TREND,GBPUSD
309,USDJPY,TF_PB,-1,2024-07-29 07:00:00+00:00,2024-07-29 07:15:00+00:00,153.42950000000002,2024-07-29 11:00:00+00:00,153.80596428571428,SL,153.7984642857143,152.72007142857143,16,35.94642857142846,-36.14642857142769,0.9,0.6,0.7,-38.34642857142633,-1.066766020834646,STRONG_BEAR__NORMAL_VOL,LONDON,2024,{'atr': 0.2396428571428564},RANGE_TO_TREND,USDJPY
322,USDJPY,TF_PB,1,2024-08-23 14:45:00+00:00,2024-08-23 15:00:00+00:00,146.0395,2024-08-23 16:30:00+00:00,146.3679285714286,TP,145.85728571428572,146.37542857142859,7,17.271428571428515,34.3428571428575,0.9,0.6,0.7,32.14285714285886,1.8610421835151816,STRONG_BULL__CONTRACTION,OVERLAP,2024,{'atr': 0.11514285714285677},RANGE_TO_TREND,USDJPY
302,EURUSD,TF_PB,1,2024-09-05 10:00:00+00:00,2024-09-05 10:15:00+00:00,1.10863,2024-09-05 10:15:00+00:00,1.1080589285714286,SL,1.1081189285714286,1.109472142857143,1,4.510714285714573,-4.510714285714812,0.8,0.4,0.7,-6.410714285713792,-1.4212193187662754,STRONG_BULL__LOW_VOL,LONDON,2024,{'atr': 0.0003007142857143049},RANGE_TO_TREND,EURUSD
303,EURUSD,TF_PB,1,2024-09-05 10:30:00+00:00,2024-09-05 10:45:00+00:00,1.10835,2024-09-05 11:00:00+00:00,1.1093585714285716,TP,1.1076957142857145,1.1094185714285716,2,5.742857142857177,11.285714285715898,0.8,0.4,0.7,9.385714285716919,1.6343283579248196,STRONG_BULL__LOW_VOL,LONDON,2024,{'atr': 0.0003828571428571451},RANGE_TO_TREND,EURUSD
312,GBPUSD,TF_PB,1,2024-09-05 13:15:00+00:00,2024-09-05 13:30:00+00:00,1.31598,2024-09-05 21:00:00+00:00,1.3183807142857142,TP,1.314594642857143,1.3184807142857142,31,12.95357142857112,26.007142857142895,1.2,0.8,0.7,23.307142857143116,1.799283153983024,WEAK_BULL__NORMAL_VOL,OVERLAP,2024,{'atr': 0.000863571428571408},RANGE_TO_TREND,GBPUSD
307,EURUSD,TF_PB,1,2024-09-06 15:30:00+00:00,2024-09-06 15:45:00+00:00,1.11347,2024-09-06 15:45:00+00:00,1.1118714285714286,SL,1.1119314285714286,1.116367142857143,1,14.78571428571432,-14.785714285714402,0.8,0.4,0.7,-16.68571428571338,-1.1285024153825496,STRONG_BULL__HIGH_VOL,OVERLAP,2024,{'atr': 0.0009857142857142881},RANGE_TO_TREND,EURUSD
321,GBPUSD,TF_PB,-1,2024-10-01 09:45:00+00:00,2024-10-01 10:00:00+00:00,1.33668,2024-10-01 10:00:00+00:00,1.3346628571428572,TP,1.3378285714285716,1.3345628571428572,1,10.885714285714704,22.171428571429175,1.2,0.8,0.7,19.471428571429396,1.7887139105968444,STRONG_BEAR__LOW_VOL,LONDON,2024,{'atr': 0.0007257142857143137},RANGE_TO_TREND,GBPUSD
322,GBPUSD,TF_PB,-1,2024-10-01 10:00:00+00:00,2024-10-01 10:15:00+00:00,1.3342,2024-10-01 13:00:00+00:00,1.3315842857142857,TP,1.3357078571428573,1.3314842857142857,12,14.078571428571829,28.157142857143658,1.2,0.8,0.7,25.45714285714388,1.8082191779537753,STRONG_BEAR__EXPANSION,LONDON,2024,{'atr': 0.0009385714285714553},RANGE_TO_TREND,GBPUSD
323,EURUSD,TF_PB,-1,2024-10-09 14:00:00+00:00,2024-10-09 14:15:00+00:00,1.09633,2024-10-09 16:15:00+00:00,1.094992857142857,TP,1.0971185714285714,1.0949328571428572,9,7.285714285713959,14.571428571428235,0.8,0.4,0.7,12.671428571429256,1.739215686035966,WEAK_BEAR__NORMAL_VOL,OVERLAP,2024,{'atr': 0.0004857142857142639},RANGE_TO_TREND,EURUSD
346,USDJPY,TF_PB,1,2024-10-11 15:30:00+00:00,2024-10-11 15:45:00+00:00,149.2005,2024-10-11 16:15:00+00:00,149.02675000000002,SL,149.03425000000001,149.5045,3,15.674999999999933,-15.874999999999773,0.9,0.6,0.7,-18.074999999998408,-1.1531100477732297,STRONG_BULL__LOW_VOL,OVERLAP,2024,{'atr': 0.10449999999999957},RANGE_TO_TREND,USDJPY
347,USDJPY,TF_PB,1,2024-10-14 10:15:00+00:00,2024-10-14 10:30:00+00:00,149.28549999999998,2024-10-14 11:00:00+00:00,149.42485714285715,TP,149.1993214285714,149.43235714285714,3,7.767857142857082,15.435714285715108,0.9,0.6,0.7,13.235714285716472,1.7039080457579527,WEAK_BULL__CONTRACTION,LONDON,2024,{'atr': 0.05178571428571388},RANGE_TO_TREND,USDJPY
331,GBPUSD,TF_PB,1,2024-10-16 07:00:00+00:00,2024-10-16 07:15:00+00:00,1.30733,2024-10-16 09:00:00+00:00,1.3065164285714286,SL,1.3066164285714286,1.3084871428571427,8,6.2357142857142165,-6.135714285715466,1.2,0.8,0.7,-8.835714285715245,-1.4169530352826742,STRONG_BULL__LOW_VOL,LONDON,2024,{'atr': 0.00041571428571428114},RANGE_TO_TREND,GBPUSD
329,EURUSD,TF_PB,1,2024-10-25 12:00:00+00:00,2024-10-25 12:15:00+00:00,1.08259,2024-10-25 18:30:00+00:00,1.0816864285714285,SL,1.0817464285714284,1.0841571428571428,26,8.035714285714112,-7.8357142857155,0.8,0.4,0.7,-9.73571428571448,-1.2115555554048345,STRONG_BULL__LOW_VOL,OVERLAP,2024,{'atr': 0.0005357142857142742},RANGE_TO_TREND,EURUSD
333,EURUSD,TF_PB,1,2024-10-31 13:30:00+00:00,2024-10-31 13:45:00+00:00,1.0865799999999999,2024-10-31 14:30:00+00:00,1.0882407142857142,TP,1.0856296428571428,1.0883007142857142,4,8.90357142857171,17.807142857142466,0.8,0.4,0.7,15.907142857143487,1.786602486762851,STRONG_BULL__NORMAL_VOL,OVERLAP,2024,{'atr': 0.0005935714285714473},RANGE_TO_TREND,EURUSD
356,USDJPY,TF_PB,1,2024-11-06 15:15:00+00:00,2024-11-06 15:30:00+00:00,154.3155,2024-11-06 17:00:00+00:00,154.04139285714285,SL,154.04889285714285,154.82321428571427,7,25.810714285713587,-25.910714285714675,0.9,0.6,0.7,-28.11071428571331,-1.0891102808488984,STRONG_BULL__CONTRACTION,OVERLAP,2024,{'atr': 0.17207142857142393},RANGE_TO_TREND,USDJPY
344,EURUSD,TF_PB,1,2024-12-05 07:00:00+00:00,2024-12-05 07:15:00+00:00,1.05216,2024-12-05 09:00:00+00:00,1.0533042857142858,TP,1.0514678571428573,1.0533642857142858,8,6.321428571428589,12.642857142857178,0.8,0.4,0.7,10.742857142858199,1.6994350279799126,WEAK_BULL__CONTRACTION,LONDON,2024,{'atr': 0.0004214285714285726},RANGE_TO_TREND,EURUSD
345,EURUSD,TF_PB,1,2024-12-06 10:45:00+00:00,2024-12-06 11:00:00+00:00,1.0582399999999998,2024-12-06 11:30:00+00:00,1.0572514285714285,SL,1.0573114285714285,1.0599471428571428,3,8.78571428571427,-8.685714285714408,0.8,0.4,0.7,-10.585714285713387,-1.2048780486432469,STRONG_BULL__LOW_VOL,LONDON,2024,{'atr': 0.0005857142857142847},RANGE_TO_TREND,EURUSD
373,USDJPY,TF_PB,1,2024-12-10 07:00:00+00:00,2024-12-10 07:15:00+00:00,151.1975,2024-12-10 07:45:00+00:00,150.99907142857143,SL,151.00657142857142,151.55685714285713,3,18.342857142857028,-18.342857142857838,0.9,0.6,0.7,-20.542857142856473,-1.1199376946429644,WEAK_BULL__LOW_VOL,LONDON,2024,{'atr': 0.12228571428571351},RANGE_TO_TREND,USDJPY
382,USDJPY,TF_PB,1,2024-12-24 14:30:00+00:00,2024-12-24 14:45:00+00:00,157.1525,2024-12-24 17:00:00+00:00,157.28442857142858,TP,157.06853571428573,157.29192857142857,10,7.446428571428193,14.692857142856042,0.9,0.6,0.7,12.492857142857407,1.677697841501437,STRONG_BULL__CONTRACTION,OVERLAP,2024,{'atr': 0.04964285714285462},RANGE_TO_TREND,USDJPY
357,EURUSD,TF_PB,-1,2025-01-09 09:15:00+00:00,2025-01-09 09:30:00+00:00,1.03028,2025-01-09 10:00:00+00:00,1.028772857142857,TP,1.0311235714285714,1.028712857142857,3,8.035714285714112,16.27142857143049,0.8,0.4,0.7,14.371428571431512,1.7884444442222869,STRONG_BEAR__LOW_VOL,LONDON,2025,{'atr': 0.0005357142857142742},RANGE_TO_TREND,EURUSD
359,EURUSD,TF_PB,1,2025-01-14 11:30:00+00:00,2025-01-14 11:45:00+00:00,1.02629,2025-01-14 14:00:00+00:00,1.024732142857143,SL,1.024792142857143,1.0290157142857144,10,14.078571428571351,-14.378571428570464,0.8,0.4,0.7,-16.278571428569443,-1.1562658548137277,STRONG_BULL__NORMAL_VOL,LONDON,2025,{'atr': 0.0009385714285714235},RANGE_TO_TREND,EURUSD
387,GBPUSD,TF_PB,1,2025-02-05 09:00:00+00:00,2025-02-05 09:15:00+00:00,1.24864,2025-02-05 09:15:00+00:00,1.2503942857142856,TP,1.2475178571428571,1.2504942857142856,1,9.921428571428144,19.542857142855752,1.2,0.8,0.7,16.842857142855973,1.697624189893643,STRONG_BULL__LOW_VOL,LONDON,2025,{'atr': 0.000661428571428543},RANGE_TO_TREND,GBPUSD
394,GBPUSD,TF_PB,1,2025-02-18 11:00:00+00:00,2025-02-18 11:15:00+00:00,1.2611,2025-02-18 12:15:00+00:00,1.2595200000000002,SL,1.2596200000000002,1.26394,5,14.39999999999989,-13.799999999999368,1.2,0.8,0.7,-16.499999999999147,-1.1458333332537112,STRONG_BULL__NORMAL_VOL,LONDON,2025,{'atr': 0.0009599999999999927},RANGE_TO_TREND,GBPUSD
383,EURUSD,TF_PB,1,2025-03-04 08:45:00+00:00,2025-03-04 09:00:00+00:00,1.04874,2025-03-04 10:15:00+00:00,1.0504149999999999,TP,1.0477075,1.0504749999999998,6,9.22499999999953,17.94999999999769,0.8,0.4,0.7,16.04999999999871,1.7398373981853323,WEAK_BULL__LOW_VOL,LONDON,2025,{'atr': 0.0006149999999999688},RANGE_TO_TREND,EURUSD
389,EURUSD,TF_PB,-1,2025-03-13 09:15:00+00:00,2025-03-13 09:30:00+00:00,1.0875000000000001,2025-03-13 13:45:00+00:00,1.0855321428571427,TP,1.0885739285714287,1.0854721428571428,18,10.339285714286122,20.87857142857308,0.8,0.4,0.7,18.9785714285741,1.8355785835877638,STRONG_BEAR__NORMAL_VOL,LONDON,2025,{'atr': 0.0006892857142857414},RANGE_TO_TREND,EURUSD
413,USDJPY,TF_PB,1,2025-03-17 08:30:00+00:00,2025-03-17 08:45:00+00:00,148.8955,2025-03-17 10:00:00+00:00,148.68203571428572,SL,148.6895357142857,149.28192857142858,6,19.746428571428453,-19.846428571429442,0.9,0.6,0.7,-22.046428571428077,-1.1164767588510192,STRONG_BULL__NORMAL_VOL,LONDON,2025,{'atr': 0.13164285714285637},RANGE_TO_TREND,USDJPY
422,USDJPY,TF_PB,1,2025-04-08 07:30:00+00:00,2025-04-08 07:45:00+00:00,147.6185,2025-04-08 09:30:00+00:00,147.3584642857143,SL,147.3679642857143,148.08507142857144,8,23.90357142857137,-24.103571428571513,1.3,0.6,0.7,-26.703571428572058,-1.1171373075881361,STRONG_BULL__CONTRACTION,LONDON,2025,{'atr': 0.15935714285714248},RANGE_TO_TREND,USDJPY
427,GBPUSD,TF_PB,1,2025-04-15 14:45:00+00:00,2025-04-15 15:00:00+00:00,1.32322,2025-04-15 17:00:00+00:00,1.3211442857142857,SL,1.3212742857142856,1.3266614285714284,9,17.95714285714274,-18.15714285714476,1.8,0.8,0.7,-21.457142857144028,-1.1949085122644776,WEAK_BULL__LOW_VOL,OVERLAP,2025,{'atr': 0.001197142857142849},RANGE_TO_TREND,GBPUSD
428,USDJPY,TF_PB,-1,2025-04-18 09:00:00+00:00,2025-04-18 09:15:00+00:00,142.3235,2025-04-18 17:15:00+00:00,142.3195,TIME_EXPIRY,142.40132142857144,142.18435714285715,33,7.232142857142675,2.400000000000091,1.3,0.6,0.7,-0.3000000000009322,-0.041481481475875714,WEAK_BEAR__CONTRACTION,LONDON,2025,{'atr': 0.048214285714284495},RANGE_TO_TREND,USDJPY
408,EURUSD,TF_PB,1,2025-04-18 10:00:00+00:00,2025-04-18 10:15:00+00:00,1.13727,2025-04-18 17:45:00+00:00,1.1389578571428574,TP,1.1363210714285714,1.1390178571428573,31,8.98928571428608,18.0785714285725,0.8,0.4,0.7,16.17857142857352,1.7997616207773015,WEAK_BULL__LOW_VOL,LONDON,2025,{'atr': 0.0005992857142857387},RANGE_TO_TREND,EURUSD
421,EURUSD,TF_PB,-1,2025-05-12 09:30:00+00:00,2025-05-12 09:45:00+00:00,1.12167,2025-05-12 10:00:00+00:00,1.1194992857142856,TP,1.1228753571428571,1.1194392857142856,2,11.453571428571285,22.90714285714257,0.8,0.4,0.7,21.00714285714359,1.8341128779191542,STRONG_BEAR__LOW_VOL,LONDON,2025,{'atr': 0.000763571428571419},RANGE_TO_TREND,EURUSD
444,USDJPY,TF_PB,-1,2025-05-19 08:15:00+00:00,2025-05-19 08:30:00+00:00,145.17249999999999,2025-05-19 10:15:00+00:00,144.86042857142857,TP,145.35653571428568,144.85092857142857,8,16.853571428570902,33.10714285714198,1.3,0.6,0.7,30.507142857141435,1.8101292645672882,WEAK_BEAR__LOW_VOL,LONDON,2025,{'atr': 0.11235714285713934},RANGE_TO_TREND,USDJPY
462,USDJPY,TF_PB,1,2025-06-17 15:30:00+00:00,2025-06-17 15:45:00+00:00,144.8305,2025-06-17 17:45:00+00:00,145.21764285714283,TP,144.62542857142856,145.22714285714284,9,20.057142857142708,40.61428571428394,1.3,0.6,0.7,38.01428571428339,1.8952991452045485,WEAK_BULL__NORMAL_VOL,OVERLAP,2025,{'atr': 0.1337142857142847},RANGE_TO_TREND,USDJPY
445,EURUSD,TF_PB,-1,2025-06-23 11:00:00+00:00,2025-06-23 11:15:00+00:00,1.14937,2025-06-23 12:00:00+00:00,1.1465742857142858,TP,1.150917857142857,1.1465142857142858,4,14.678571428571,29.157142857141327,0.8,0.4,0.7,27.257142857142348,1.856934306442856,WEAK_BEAR__NORMAL_VOL,LONDON,2025,{'atr': 0.0009785714285714},RANGE_TO_TREND,EURUSD
471,GBPUSD,TF_PB,1,2025-07-01 10:00:00+00:00,2025-07-01 10:15:00+00:00,1.37531,2025-07-01 11:45:00+00:00,1.3775400000000002,TP,1.37389,1.3776700000000002,7,12.59999999999999,24.900000000001032,1.8,0.8,0.7,21.600000000001764,1.7142857141498011,WEAK_BULL__LOW_VOL,LONDON,2025,{'atr': 0.0008399999999999995},RANGE_TO_TREND,GBPUSD
470,USDJPY,TF_PB,1,2025-07-15 15:30:00+00:00,2025-07-15 15:45:00+00:00,148.0805,2025-07-15 15:45:00+00:00,147.91639285714285,SL,147.92589285714286,148.35821428571427,1,14.410714285713667,-14.510714285714243,1.3,0.6,0.7,-17.11071428571479,-1.1873605947132306,STRONG_BULL__NORMAL_VOL,OVERLAP,2025,{'atr': 0.09607142857142444},RANGE_TO_TREND,USDJPY
480,GBPUSD,TF_PB,-1,2025-07-28 10:15:00+00:00,2025-07-28 10:30:00+00:00,1.34211,2025-07-28 15:15:00+00:00,1.3435374999999998,SL,1.3434074999999999,1.3398750000000001,20,11.774999999999107,-11.67499999999988,1.8,0.8,0.7,-14.974999999999149,-1.2717622079599595,STRONG_BEAR__NORMAL_VOL,LONDON,2025,{'atr': 0.0007849999999999405},RANGE_TO_TREND,GBPUSD
467,EURUSD,TF_PB,-1,2025-07-29 08:30:00+00:00,2025-07-29 08:45:00+00:00,1.1584,2025-07-29 09:30:00+00:00,1.1568292857142857,TP,1.1593053571428573,1.1567692857142857,4,8.453571428572092,16.90714285714323,0.8,0.4,0.7,15.007142857144252,1.7752429233219236,STRONG_BEAR__LOW_VOL,LONDON,2025,{'atr': 0.0005635714285714728},RANGE_TO_TREND,EURUSD
478,USDJPY,TF_PB,-1,2025-08-06 08:45:00+00:00,2025-08-06 09:00:00+00:00,147.44650000000001,2025-08-06 10:00:00+00:00,147.5817857142857,SL,147.5742857142857,147.20142857142855,5,12.428571428571392,-12.02857142856999,0.9,0.6,0.7,-14.228571428568625,-1.1448275861145618,STRONG_BEAR__LOW_VOL,LONDON,2025,{'atr': 0.08285714285714262},RANGE_TO_TREND,USDJPY
473,EURUSD,TF_PB,1,2025-08-06 08:45:00+00:00,2025-08-06 09:00:00+00:00,1.1578899999999999,2025-08-06 10:15:00+00:00,1.157105,SL,1.157165,1.1592799999999999,6,7.050000000000033,-6.649999999999157,0.8,0.4,0.7,-8.549999999998136,-1.2127659572745149,STRONG_BULL__LOW_VOL,LONDON,2025,{'atr': 0.00047000000000000215},RANGE_TO_TREND,EURUSD
494,GBPUSD,TF_PB,-1,2025-08-19 07:00:00+00:00,2025-08-19 07:15:00+00:00,1.34969,2025-08-19 08:00:00+00:00,1.3507217857142857,SL,1.3505917857142857,1.3483064285714284,4,7.617857142857565,-7.71785714285711,1.8,0.8,0.7,-11.017857142856379,-1.4463197372689385,STRONG_BEAR__NORMAL_VOL,LONDON,2025,{'atr': 0.000507857142857171},RANGE_TO_TREND,GBPUSD
492,USDJPY,TF_PB,1,2025-08-27 15:15:00+00:00,2025-08-27 15:30:00+00:00,148.0845,2025-08-27 16:00:00+00:00,147.92546428571427,SL,147.93496428571427,148.35507142857142,3,14.003571428571604,-14.003571428571604,1.3,0.6,0.7,-16.60357142857215,-1.1856669216190148,STRONG_BULL__NORMAL_VOL,OVERLAP,2025,{'atr': 0.09335714285714403},RANGE_TO_TREND,USDJPY
507,GBPUSD,TF_PB,1,2025-09-08 11:45:00+00:00,2025-09-08 12:00:00+00:00,1.35136,2025-09-08 15:30:00+00:00,1.3538985714285712,TP,1.3498907142857142,1.3539985714285712,15,13.692857142856681,27.38571428571257,1.2,0.8,0.7,24.68571428571279,1.8028169012767412,STRONG_BULL__NORMAL_VOL,OVERLAP,2025,{'atr': 0.0009128571428571121},RANGE_TO_TREND,GBPUSD
496,EURUSD,TF_PB,-1,2025-09-19 10:30:00+00:00,2025-09-19 10:45:00+00:00,1.17687,2025-09-19 14:45:00+00:00,1.1744064285714284,TP,1.1782067857142857,1.1743464285714285,17,12.867857142857464,25.83571428571574,0.8,0.4,0.7,23.93571428571676,1.860116569380986,STRONG_BEAR__NORMAL_VOL,LONDON,2025,{'atr': 0.0008578571428571642},RANGE_TO_TREND,EURUSD
525,GBPUSD,TF_PB,1,2025-10-07 07:00:00+00:00,2025-10-07 07:15:00+00:00,1.34795,2025-10-07 07:45:00+00:00,1.3470717857142858,SL,1.3471717857142858,1.3492064285714287,3,6.782142857143275,-6.782142857142404,1.2,0.8,0.7,-9.482142857142183,-1.398104265196513,WEAK_BULL__LOW_VOL,LONDON,2025,{'atr': 0.00045214285714288504},RANGE_TO_TREND,GBPUSD
514,USDJPY,TF_PB,-1,2025-10-13 07:00:00+00:00,2025-10-13 07:15:00+00:00,151.8895,2025-10-13 10:00:00+00:00,152.0320357142857,SL,152.02453571428572,151.64492857142855,12,12.653571428571858,-12.75357142857274,0.9,0.6,0.7,-14.953571428571376,-1.181766864145907,WEAK_BEAR__CONTRACTION,LONDON,2025,{'atr': 0.08435714285714571},RANGE_TO_TREND,USDJPY
541,EURUSD,TF_PB,1,2025-12-12 07:45:00+00:00,2025-12-12 08:00:00+00:00,1.17394,2025-12-12 10:45:00+00:00,1.1733125,SL,1.1733725,1.1749250000000002,12,5.175000000000834,-5.075000000001051,0.8,0.4,0.7,-6.975000000000031,-1.347826086695861,WEAK_BULL__LOW_VOL,LONDON,2025,{'atr': 0.0003450000000000556},RANGE_TO_TREND,EURUSD
542,EURUSD,TF_PB,1,2025-12-16 09:30:00+00:00,2025-12-16 09:45:00+00:00,1.17523,2025-12-16 10:15:00+00:00,1.176267142857143,TP,1.1745914285714287,1.176327142857143,3,5.785714285714124,11.571428571428566,0.8,0.4,0.7,9.671428571429587,1.6716049379829079,WEAK_BULL__LOW_VOL,LONDON,2025,{'atr': 0.00038571428571427494},RANGE_TO_TREND,EURUSD
544,EURUSD,TF_PB,1,2025-12-16 15:45:00+00:00,2025-12-16 16:00:00+00:00,1.17762,2025-12-16 17:00:00+00:00,1.1801378571428571,TP,1.1762410714285714,1.180197857142857,5,13.189285714285283,26.378571428571362,0.8,0.4,0.7,24.478571428572383,1.8559436770866036,STRONG_BULL__HIGH_VOL,NY_LATE,2025,{'atr': 0.0008792857142856857},RANGE_TO_TREND,EURUSD
546,EURUSD,TF_PB,1,2025-12-18 08:30:00+00:00,2025-12-18 08:45:00+00:00,1.1744999999999999,2025-12-18 09:30:00+00:00,1.1739385714285715,SL,1.1739985714285714,1.1753228571428571,4,4.414285714285371,-4.414285714284816,0.8,0.4,0.7,-6.314285714283796,-1.4304207116497432,STRONG_BULL__LOW_VOL,LONDON,2025,{'atr': 0.0002942857142856914},RANGE_TO_TREND,EURUSD
547,EURUSD,TF_PB,-1,2025-12-19 10:15:00+00:00,2025-12-19 10:30:00+00:00,1.17111,2025-12-19 15:45:00+00:00,1.171992857142857,SL,1.171932857142857,1.1696442857142857,22,7.628571428571444,-7.628571428570652,0.8,0.4,0.7,-9.52857142856963,-1.2490636702480118,STRONG_BEAR__LOW_VOL,LONDON,2025,{'atr': 0.0005085714285714296},RANGE_TO_TREND,EURUSD
579,GBPUSD,TF_PB,-1,2026-01-09 10:00:00+00:00,2026-01-09 10:15:00+00:00,1.3424500000000001,2026-01-09 11:45:00+00:00,1.3408792857142857,TP,1.343450357142857,1.3407792857142857,7,8.903571428571233,17.70714285714403,1.2,0.8,0.7,15.007142857144252,1.6855194542834084,STRONG_BEAR__NORMAL_VOL,LONDON,2026,{'atr': 0.0005935714285714155},RANGE_TO_TREND,GBPUSD
555,EURUSD,TF_PB,-1,2026-01-09 11:00:00+00:00,2026-01-09 11:15:00+00:00,1.16472,2026-01-09 15:30:00+00:00,1.1656142857142857,SL,1.1655542857142858,1.1632914285714286,18,7.542857142857311,-7.742857142858384,0.8,0.4,0.7,-9.642857142857363,-1.2784090907396055,STRONG_BEAR__NORMAL_VOL,LONDON,2026,{'atr': 0.0005028571428571541},RANGE_TO_TREND,EURUSD
558,EURUSD,TF_PB,1,2026-01-13 13:00:00+00:00,2026-01-13 13:15:00+00:00,1.16672,2026-01-13 14:45:00+00:00,1.1658585714285714,SL,1.1659185714285714,1.1681428571428571,7,7.414285714285754,-7.414285714286706,0.8,0.4,0.7,-9.314285714285685,-1.2562620422197612,STRONG_BULL__LOW_VOL,OVERLAP,2026,{'atr': 0.000494285714285717},RANGE_TO_TREND,EURUSD
584,GBPUSD,TF_PB,-1,2026-01-21 13:45:00+00:00,2026-01-21 14:00:00+00:00,1.34083,2026-01-21 14:30:00+00:00,1.3423017857142856,SL,1.3422017857142856,1.3383864285714286,3,12.717857142856955,-12.717857142856559,1.2,0.8,0.7,-15.417857142856338,-1.2122999156586336,STRONG_BEAR__NORMAL_VOL,OVERLAP,2026,{'atr': 0.0008478571428571304},RANGE_TO_TREND,GBPUSD
564,EURUSD,TF_PB,-1,2026-01-22 07:30:00+00:00,2026-01-22 07:45:00+00:00,1.1686,2026-01-22 09:30:00+00:00,1.1692835714285714,SL,1.1692235714285715,1.1675328571428572,8,5.635714285714331,-5.6357142857144105,0.8,0.4,0.7,-7.53571428571339,-1.3371356144647237,STRONG_BEAR__CONTRACTION,LONDON,2026,{'atr': 0.00037571428571428874},RANGE_TO_TREND,EURUSD
562,USDJPY,TF_PB,-1,2026-01-26 13:30:00+00:00,2026-01-26 13:45:00+00:00,153.67350000000002,2026-01-26 14:30:00+00:00,154.0790714285714,SL,154.07157142857142,152.92985714285714,4,38.05714285714278,-39.05714285714055,0.9,0.6,0.7,-41.257142857139186,-1.0840840840555042,STRONG_BEAR__NORMAL_VOL,OVERLAP,2026,{'atr': 0.25371428571428517},RANGE_TO_TREND,USDJPY
617,GBPUSD,TF_PB,-1,2026-03-12 15:30:00+00:00,2026-03-12 15:45:00+00:00,1.33766,2026-03-12 16:30:00+00:00,1.3354407142857143,TP,1.338969642857143,1.3353407142857143,4,12.096428571428357,24.19285714285735,1.2,0.8,0.7,21.49285714285757,1.7767936225281147,STRONG_BEAR__LOW_VOL,OVERLAP,2026,{'atr': 0.0008064285714285571},RANGE_TO_TREND,GBPUSD
625,GBPUSD,TF_PB,-1,2026-03-23 07:00:00+00:00,2026-03-23 07:15:00+00:00,1.33212,2026-03-23 08:00:00+00:00,1.3298857142857143,TP,1.3334371428571428,1.3297857142857143,4,12.171428571428134,24.34285714285611,1.2,0.8,0.7,21.642857142856332,1.7781690139384108,STRONG_BEAR__CONTRACTION,LONDON,2026,{'atr': 0.0008114285714285423},RANGE_TO_TREND,GBPUSD
599,EURUSD,TF_PB,-1,2026-03-26 09:15:00+00:00,2026-03-26 09:30:00+00:00,1.15577,2026-03-26 13:30:00+00:00,1.153965714285714,TP,1.1567921428571428,1.153905714285714,17,9.621428571428558,19.242857142858227,0.8,0.4,0.7,17.34285714285925,1.8025241275040422,STRONG_BEAR__NORMAL_VOL,LONDON,2026,{'atr': 0.0006414285714285706},RANGE_TO_TREND,EURUSD
601,USDJPY,TF_PB,1,2026-04-13 11:45:00+00:00,2026-04-13 12:00:00+00:00,159.7175,2026-04-13 16:45:00+00:00,159.60392857142858,SL,159.61142857142858,159.90714285714287,20,9.857142857143028,-9.85714285714323,0.9,0.6,0.7,-12.057142857141866,-1.2231884056728881,WEAK_BULL__LOW_VOL,OVERLAP,2026,{'atr': 0.06571428571428685},RANGE_TO_TREND,USDJPY
633,GBPUSD,TF_PB,1,2026-04-15 07:00:00+00:00,2026-04-15 07:15:00+00:00,1.35677,2026-04-15 09:45:00+00:00,1.3558157142857143,SL,1.3559157142857143,1.3581785714285717,11,7.542857142858025,-7.542857142857073,1.2,0.8,0.7,-10.242857142856852,-1.3579545452743162,WEAK_BULL__LOW_VOL,LONDON,2026,{'atr': 0.0005028571428572017},RANGE_TO_TREND,GBPUSD
605,USDJPY,TF_PB,1,2026-04-24 11:15:00+00:00,2026-04-24 11:30:00+00:00,159.7425,2026-04-24 14:00:00+00:00,159.62364285714287,SL,159.63114285714286,159.93971428571427,11,10.285714285713762,-10.385714285715153,0.9,0.6,0.7,-12.585714285713788,-1.2236111109921628,WEAK_BULL__NORMAL_VOL,LONDON,2026,{'atr': 0.06857142857142508},RANGE_TO_TREND,USDJPY
628,EURUSD,TF_PB,-1,2026-05-12 14:45:00+00:00,2026-05-12 15:00:00+00:00,1.17431,2026-05-12 18:15:00+00:00,1.1725892857142857,TP,1.175290357142857,1.1725292857142857,14,9.203571428571296,18.407142857141956,0.8,0.4,0.7,16.507142857142977,1.7935584010469166,STRONG_BEAR__LOW_VOL,OVERLAP,2026,{'atr': 0.0006135714285714197},RANGE_TO_TREND,EURUSD
647,GBPUSD,TF_PB,-1,2026-05-13 11:45:00+00:00,2026-05-13 12:00:00+00:00,1.3522800000000001,2026-05-13 13:00:00+00:00,1.3497564285714287,TP,1.3537417857142857,1.3496564285714288,5,13.617857142856664,27.235714285713808,1.2,0.8,0.7,24.53571428571403,1.8017309204027498,WEAK_BEAR__NORMAL_VOL,OVERLAP,2026,{'atr': 0.0009078571428571111},RANGE_TO_TREND,GBPUSD
648,GBPUSD,TF_PB,-1,2026-05-14 15:15:00+00:00,2026-05-14 15:30:00+00:00,1.3511900000000001,2026-05-14 17:45:00+00:00,1.3486364285714287,TP,1.3526667857142858,1.3485364285714287,10,13.767857142857173,27.535714285713553,1.2,0.8,0.7,24.835714285713774,1.8038910504525947,STRONG_BEAR__LOW_VOL,OVERLAP,2026,{'atr': 0.0009178571428571448},RANGE_TO_TREND,GBPUSD
636,EURUSD,TF_PB,1,2026-05-25 15:00:00+00:00,2026-05-25 15:15:00+00:00,1.1646299999999998,2026-05-25 16:45:00+00:00,1.1639935714285714,SL,1.1640535714285714,1.165602857142857,7,5.164285714285764,-5.164285714285288,0.8,0.4,0.7,-7.064285714284268,-1.3679114796795024,WEAK_BULL__LOW_VOL,OVERLAP,2026,{'atr': 0.0003442857142857176},RANGE_TO_TREND,EURUSD
643,EURUSD,TF_PB,-1,2026-06-08 10:15:00+00:00,2026-06-08 10:30:00+00:00,1.1522700000000001,2026-06-08 12:15:00+00:00,1.1502514285714287,TP,1.1533992857142858,1.1501914285714288,8,10.692857142857012,21.38571428571323,0.8,0.4,0.7,19.485714285714252,1.822311289074753,STRONG_BEAR__NORMAL_VOL,LONDON,2026,{'atr': 0.0007128571428571341},RANGE_TO_TREND,EURUSD
657,GBPUSD,TF_PB,1,2026-06-10 08:00:00+00:00,2026-06-10 08:15:00+00:00,1.33832,2026-06-10 12:45:00+00:00,1.3396221428571429,TP,1.3374689285714285,1.3397221428571429,19,7.5107142857144815,15.021428571428963,1.2,0.8,0.7,12.321428571429184,1.6405135518500893,STRONG_BULL__LOW_VOL,LONDON,2026,{'atr': 0.0005007142857142988},RANGE_TO_TREND,GBPUSD
651,EURUSD,TF_PB,-1,2026-06-23 09:30:00+00:00,2026-06-23 09:45:00+00:00,1.14214,2026-06-23 10:00:00+00:00,1.1429810714285713,SL,1.1429210714285714,1.140757857142857,2,7.2107142857141815,-7.210714285714737,0.8,0.4,0.7,-9.110714285713716,-1.263496780409162,STRONG_BEAR__LOW_VOL,LONDON,2026,{'atr': 0.00048071428571427877},RANGE_TO_TREND,EURUSD
674,GBPUSD,TF_PB,-1,2026-07-22 15:30:00+00:00,2026-07-22 15:45:00+00:00,1.33669,2026-07-22 16:15:00+00:00,1.3377492857142856,SL,1.3376492857142857,1.3350714285714285,3,8.592857142856813,-8.59285714285729,1.2,0.8,0.7,-11.29285714285707,-1.3142144636874982,WEAK_BEAR__LOW_VOL,OVERLAP,2026,{'atr': 0.000572857142857121},RANGE_TO_TREND,GBPUSD
674,EURUSD,TF_PB,1,2026-08-21 14:00:00+00:00,2026-08-21 14:15:00+00:00,1.17047,2026-08-21 15:15:00+00:00,1.1694282142857142,SL,1.1694882142857141,1.1722235714285714,5,9.117857142857636,-9.217857142858055,0.8,0.4,0.7,-11.117857142857034,-1.2193497844333658,STRONG_BULL__NORMAL_VOL,OVERLAP,2026,{'atr': 0.0006078571428571758},RANGE_TO_TREND,EURUSD
699,GBPUSD,TF_PB,-1,2026-08-28 14:30:00+00:00,2026-08-28 14:45:00+00:00,1.35851,2026-08-28 16:45:00+00:00,1.357424285714286,TP,1.3592528571428573,1.357324285714286,9,6.428571428570958,12.857142857141124,1.2,0.8,0.7,10.157142857141345,1.5799999997541025,WEAK_BEAR__NORMAL_VOL,OVERLAP,2026,{'atr': 0.0004285714285713972},RANGE_TO_TREND,GBPUSD
