Pair,ADX_Lower,ADX_Upper,Lookback_Lag,Is_Frozen_Point,Trades,WinRate%,Net_E[R],ProfitFactor,NetPips,MaxDD%
EURUSD,16.0,21.0,8,False,26,46.15,0.171,1.49,69.41,3.55
EURUSD,16.0,21.0,10,False,34,58.82,0.52,2.28,189.69,3.77
EURUSD,16.0,21.0,12,False,40,45.0,0.105,1.21,51.52,6.39
EURUSD,16.0,22.0,8,False,25,48.0,0.227,1.61,79.95,3.42
EURUSD,16.0,22.0,10,False,32,62.5,0.635,2.58,206.74,3.77
EURUSD,16.0,22.0,12,False,38,47.37,0.181,1.31,68.57,6.39
EURUSD,16.0,24.0,8,False,22,54.55,0.388,1.85,97.48,3.42
EURUSD,16.0,24.0,10,False,27,59.26,0.54,2.23,152.66,3.77
EURUSD,16.0,24.0,12,False,33,45.45,0.126,1.18,36.68,6.39
EURUSD,18.0,21.0,8,False,45,48.89,0.228,1.54,122.25,5.66
EURUSD,18.0,21.0,10,False,53,50.94,0.282,1.68,184.84,6.38
EURUSD,18.0,21.0,12,False,59,52.54,0.305,1.64,186.93,6.38
EURUSD,18.0,22.0,8,False,43,51.16,0.301,1.66,139.29,4.5
EURUSD,18.0,22.0,10,True,51,52.94,0.346,1.79,201.89,6.38
EURUSD,18.0,22.0,12,False,57,54.39,0.362,1.74,203.98,6.38
EURUSD,18.0,24.0,8,False,36,52.78,0.334,1.69,126.58,4.5
EURUSD,18.0,24.0,10,False,44,50.0,0.258,1.59,140.75,6.38
EURUSD,18.0,24.0,12,False,48,50.0,0.255,1.48,125.6,6.38
EURUSD,20.0,21.0,8,False,65,47.69,0.195,1.48,168.8,6.74
EURUSD,20.0,21.0,10,False,73,47.95,0.187,1.37,148.45,8.48
EURUSD,20.0,21.0,12,False,82,47.56,0.154,1.33,150.39,8.07
EURUSD,20.0,22.0,8,False,62,50.0,0.268,1.6,194.13,6.74
EURUSD,20.0,22.0,10,False,69,50.72,0.273,1.51,185.89,8.48
EURUSD,20.0,22.0,12,False,78,50.0,0.228,1.45,187.82,7.53
EURUSD,20.0,24.0,8,False,51,47.06,0.171,1.43,129.44,5.65
EURUSD,20.0,24.0,10,False,59,47.46,0.179,1.33,111.89,7.71
EURUSD,20.0,24.0,12,False,67,46.27,0.134,1.27,104.0,7.9
GBPUSD,16.0,21.0,8,False,21,52.38,0.306,1.34,52.76,2.63
GBPUSD,16.0,21.0,10,False,30,56.67,0.437,1.95,168.67,5.2
GBPUSD,16.0,21.0,12,False,32,46.88,0.111,1.69,137.61,7.49
GBPUSD,16.0,22.0,8,False,19,57.89,0.474,1.58,76.85,2.4
GBPUSD,16.0,22.0,10,False,27,59.26,0.523,2.19,183.01,3.9
GBPUSD,16.0,22.0,12,False,31,48.39,0.159,1.77,146.78,7.49
GBPUSD,16.0,24.0,8,False,16,56.25,0.42,1.33,40.3,2.4
GBPUSD,16.0,24.0,10,False,23,60.87,0.57,2.22,158.97,3.57
GBPUSD,16.0,24.0,12,False,27,48.15,0.145,1.73,122.74,7.49
GBPUSD,18.0,21.0,8,False,35,42.86,0.006,0.89,-32.12,6.37
GBPUSD,18.0,21.0,10,False,43,53.49,0.313,1.57,157.07,3.93
GBPUSD,18.0,21.0,12,False,45,53.33,0.292,2.06,258.24,8.54
GBPUSD,18.0,22.0,8,False,32,46.88,0.126,1.02,4.74,5.09
GBPUSD,18.0,22.0,10,True,40,55.0,0.362,1.68,171.41,3.33
GBPUSD,18.0,22.0,12,False,44,54.55,0.329,2.14,267.41,8.54
GBPUSD,18.0,24.0,8,False,29,44.83,0.06,0.87,-31.81,5.09
GBPUSD,18.0,24.0,10,False,35,54.29,0.336,1.55,125.77,4.96
GBPUSD,18.0,24.0,12,False,40,55.0,0.337,2.16,243.38,8.54
GBPUSD,20.0,21.0,8,False,56,41.07,-0.048,0.93,-31.57,6.95
GBPUSD,20.0,21.0,10,False,61,47.54,0.126,1.27,114.09,6.29
GBPUSD,20.0,21.0,12,False,71,52.11,0.263,1.79,330.01,5.83
GBPUSD,20.0,22.0,8,False,50,46.0,0.103,1.11,42.44,5.55
GBPUSD,20.0,22.0,10,False,58,48.28,0.15,1.32,128.43,5.61
GBPUSD,20.0,22.0,12,False,69,53.62,0.311,1.87,348.97,5.09
GBPUSD,20.0,24.0,8,False,41,43.9,0.034,0.99,-4.27,7.14
GBPUSD,20.0,24.0,10,False,49,44.9,0.044,1.1,36.24,9.55
GBPUSD,20.0,24.0,12,False,62,51.61,0.245,1.72,270.17,6.11
USDJPY,16.0,21.0,8,False,22,40.91,0.092,0.85,-34.06,4.62
USDJPY,16.0,21.0,10,False,30,23.33,-0.463,0.29,-351.77,13.81
USDJPY,16.0,21.0,12,False,38,28.95,-0.303,0.58,-207.78,13.46
USDJPY,16.0,22.0,8,False,22,40.91,0.092,0.85,-34.06,4.62
USDJPY,16.0,22.0,10,False,29,24.14,-0.44,0.3,-330.13,13.81
USDJPY,16.0,22.0,12,False,36,27.78,-0.338,0.52,-231.99,14.0
USDJPY,16.0,24.0,8,False,17,41.18,0.118,0.85,-26.15,3.54
USDJPY,16.0,24.0,10,False,24,29.17,-0.294,0.4,-217.17,8.72
USDJPY,16.0,24.0,12,False,29,27.59,-0.343,0.5,-199.08,10.35
USDJPY,18.0,21.0,8,False,34,29.41,-0.261,0.49,-215.8,9.43
USDJPY,18.0,21.0,10,False,41,26.83,-0.335,0.43,-337.87,12.76
USDJPY,18.0,21.0,12,False,56,32.14,-0.226,0.63,-257.8,13.61
USDJPY,18.0,22.0,8,False,32,31.25,-0.203,0.54,-180.11,8.73
USDJPY,18.0,22.0,10,True,38,26.32,-0.348,0.39,-340.44,13.31
USDJPY,18.0,22.0,12,False,53,32.08,-0.229,0.61,-260.37,14.16
USDJPY,18.0,24.0,8,False,25,32.0,-0.171,0.56,-133.65,6.29
USDJPY,18.0,24.0,10,False,31,25.81,-0.357,0.39,-271.22,11.33
USDJPY,18.0,24.0,12,False,45,33.33,-0.197,0.65,-186.2,9.53
USDJPY,20.0,21.0,8,False,48,22.92,-0.466,0.33,-454.81,19.46
USDJPY,20.0,21.0,10,False,64,32.81,-0.17,0.67,-259.36,13.12
USDJPY,20.0,21.0,12,False,71,36.62,-0.086,0.81,-156.18,10.38
USDJPY,20.0,22.0,8,False,46,23.91,-0.435,0.35,-419.11,18.07
USDJPY,20.0,22.0,10,False,60,31.67,-0.204,0.61,-293.41,14.84
USDJPY,20.0,22.0,12,False,67,37.31,-0.066,0.82,-143.47,9.33
USDJPY,20.0,24.0,8,False,38,23.68,-0.439,0.36,-331.4,15.24
USDJPY,20.0,24.0,10,False,50,30.0,-0.251,0.55,-281.02,11.79
USDJPY,20.0,24.0,12,False,57,38.6,-0.032,0.87,-82.09,7.58
