signal_id,timestamp,symbol,direction,suggested_entry,fill_price,stop_loss,take_profit,risk_pips,lot_size,strategy_version,fingerprint,adx_14,atr_14,h1_trend_state,session_hour
SIG_EURUSD_202301200900,2023-01-20 09:00:00+00:00,EURUSD,1,1.08338,1.08346,1.0825453571428572,1.0850492857142857,9.146428571429333,10.93,1.0.0-FROZEN,e25d59830e183890a91446bde99d5a63ee31306e90a09c8106c9b7ead5a8c639,29.3447801360177,0.0005564285714285847,1,9
SIG_EURUSD_202302071115,2023-02-07 11:15:00+00:00,EURUSD,-1,1.0723799999999999,1.0723799999999999,1.0741049999999999,1.06893,17.249999999999766,5.89,1.0.0-FROZEN,e25d59830e183890a91446bde99d5a63ee31306e90a09c8106c9b7ead5a8c639,24.806416957826166,0.0011499999999999844,-1,11
SIG_EURUSD_202302270700,2023-02-27 07:00:00+00:00,EURUSD,-1,1.05473,1.05472,1.055357857142857,1.0534742857142856,6.378571428569124,16.22,1.0.0-FROZEN,e25d59830e183890a91446bde99d5a63ee31306e90a09c8106c9b7ead5a8c639,31.584012289943562,0.0004185714285714269,-1,7
SIG_EURUSD_202303161515,2023-03-16 15:15:00+00:00,EURUSD,-1,1.0576,1.05761,1.0602475,1.052305,26.375000000000703,3.99,1.0.0-FROZEN,e25d59830e183890a91446bde99d5a63ee31306e90a09c8106c9b7ead5a8c639,24.522410865465538,0.001764999999999985,-1,15
SIG_EURUSD_202305231145,2023-05-23 11:45:00+00:00,EURUSD,-1,1.08033,1.08033,1.0817239285714286,1.0775421428571428,13.939285714286154,7.47,1.0.0-FROZEN,e25d59830e183890a91446bde99d5a63ee31306e90a09c8106c9b7ead5a8c639,25.163994139237214,0.0009292857142857278,-1,11
SIG_EURUSD_202306160830,2023-06-16 08:30:00+00:00,EURUSD,1,1.09435,1.0944200000000002,1.0937885714285713,1.095472857142857,6.314285714288381,16.8,1.0.0-FROZEN,e25d59830e183890a91446bde99d5a63ee31306e90a09c8106c9b7ead5a8c639,37.816734833740774,0.0003742857142856921,1,8
SIG_EURUSD_202306221015,2023-06-22 10:15:00+00:00,EURUSD,1,1.09912,1.0991900000000001,1.0983764285714288,1.1006071428571427,8.135714285713025,13.22,1.0.0-FROZEN,e25d59830e183890a91446bde99d5a63ee31306e90a09c8106c9b7ead5a8c639,22.882537562805076,0.0004957142857142184,1,10
SIG_EURUSD_202306261245,2023-06-26 12:45:00+00:00,EURUSD,-1,1.08966,1.08966,1.0907067857142858,1.0875664285714288,10.467857142857362,10.43,1.0.0-FROZEN,e25d59830e183890a91446bde99d5a63ee31306e90a09c8106c9b7ead5a8c639,28.69305039606444,0.0006978571428571152,0,12
SIG_EURUSD_202307041445,2023-07-04 14:45:00+00:00,EURUSD,-1,1.08983,1.08983,1.0906817857142859,1.0881264285714287,8.51785714285791,12.67,1.0.0-FROZEN,e25d59830e183890a91446bde99d5a63ee31306e90a09c8106c9b7ead5a8c639,29.76071764866189,0.0005678571428571358,-1,14
SIG_EURUSD_202307191615,2023-07-19 16:15:00+00:00,EURUSD,-1,1.1213899999999999,1.1213899999999999,1.1225139285714285,1.1191421428571429,11.239285714286229,9.49,1.0.0-FROZEN,e25d59830e183890a91446bde99d5a63ee31306e90a09c8106c9b7ead5a8c639,26.980548966368076,0.0007492857142856904,0,16
SIG_EURUSD_202308031630,2023-08-03 16:30:00+00:00,EURUSD,-1,1.0919699999999999,1.0919699999999999,1.0940099999999997,1.08789,20.399999999998197,5.32,1.0.0-FROZEN,e25d59830e183890a91446bde99d5a63ee31306e90a09c8106c9b7ead5a8c639,38.954501092556995,0.0013599999999999485,-1,16
SIG_EURUSD_202308111745,2023-08-11 17:45:00+00:00,EURUSD,-1,1.09723,1.09723,1.0994135714285713,1.0928628571428571,21.83571428571396,4.92,1.0.0-FROZEN,e25d59830e183890a91446bde99d5a63ee31306e90a09c8106c9b7ead5a8c639,24.646132458036703,0.0014557142857142586,-1,17
SIG_EURUSD_202308301500,2023-08-30 15:00:00+00:00,EURUSD,1,1.08858,1.0886600000000002,1.0873607142857145,1.0910185714285714,12.99285714285725,8.38,1.0.0-FROZEN,e25d59830e183890a91446bde99d5a63ee31306e90a09c8106c9b7ead5a8c639,29.626189829358907,0.0008128571428571231,0,15
SIG_EURUSD_202309181645,2023-09-18 16:45:00+00:00,EURUSD,-1,1.06623,1.06624,1.0671728571428571,1.0643442857142857,9.328571428570687,11.86,1.0.0-FROZEN,e25d59830e183890a91446bde99d5a63ee31306e90a09c8106c9b7ead5a8c639,22.735198330043772,0.0006285714285714228,-1,16
SIG_EURUSD_202309201545,2023-09-20 15:45:00+00:00,EURUSD,1,1.06981,1.0698800000000002,1.0690482142857143,1.0713335714285714,8.31785714285882,13.15,1.0.0-FROZEN,e25d59830e183890a91446bde99d5a63ee31306e90a09c8106c9b7ead5a8c639,39.89064228624318,0.0005078571428571552,0,15
SIG_EURUSD_202310061015,2023-10-06 10:15:00+00:00,EURUSD,1,1.05432,1.05441,1.0536653571428571,1.0556292857142857,7.446428571429298,14.91,1.0.0-FROZEN,e25d59830e183890a91446bde99d5a63ee31306e90a09c8106c9b7ead5a8c639,24.020838180135907,0.00043642857142855984,0,10
SIG_EURUSD_202310111130,2023-10-11 11:30:00+00:00,EURUSD,1,1.06116,1.0612400000000002,1.0596342857142858,1.0642114285714286,16.057142857144324,7.01,1.0.0-FROZEN,e25d59830e183890a91446bde99d5a63ee31306e90a09c8106c9b7ead5a8c639,22.685315256735898,0.0010171428571428434,1,11
SIG_EURUSD_202310131600,2023-10-13 16:00:00+00:00,EURUSD,-1,1.05279,1.05279,1.0541174999999998,1.0501349999999998,13.27499999999926,8.39,1.0.0-FROZEN,e25d59830e183890a91446bde99d5a63ee31306e90a09c8106c9b7ead5a8c639,40.2280325192903,0.0008850000000000088,-1,16
SIG_EURUSD_202310132045,2023-10-13 20:45:00+00:00,EURUSD,-1,1.05051,1.05051,1.0516446428571429,1.0482407142857142,11.346428571428202,10.0,1.0.0-FROZEN,e25d59830e183890a91446bde99d5a63ee31306e90a09c8106c9b7ead5a8c639,30.197280801167036,0.0007564285714285944,-1,20
SIG_EURUSD_202310261800,2023-10-26 18:00:00+00:00,EURUSD,-1,1.05394,1.05394,1.0557989285714287,1.050222142857143,18.58928571428553,6.03,1.0.0-FROZEN,e25d59830e183890a91446bde99d5a63ee31306e90a09c8106c9b7ead5a8c639,33.175796447552536,0.0012392857142857125,-1,18
SIG_EURUSD_202312061715,2023-12-06 17:15:00+00:00,EURUSD,-1,1.0788,1.07881,1.0801757142857142,1.0760485714285715,13.657142857141924,8.12,1.0.0-FROZEN,e25d59830e183890a91446bde99d5a63ee31306e90a09c8106c9b7ead5a8c639,26.50119466592838,0.0009171428571428704,-1,17
SIG_EURUSD_202312070800,2023-12-07 08:00:00+00:00,EURUSD,-1,1.07615,1.07613,1.0766428571428572,1.0751642857142856,5.128571428572037,22.04,1.0.0-FROZEN,e25d59830e183890a91446bde99d5a63ee31306e90a09c8106c9b7ead5a8c639,51.90235319888812,0.0003285714285714558,-1,8
SIG_EURUSD_202401100945,2024-01-10 09:45:00+00:00,EURUSD,-1,1.09263,1.09263,1.0934935714285714,1.0909028571428572,8.63571428571408,12.91,1.0.0-FROZEN,e25d59830e183890a91446bde99d5a63ee31306e90a09c8106c9b7ead5a8c639,22.12637847159929,0.0005757142857142984,-1,9
SIG_EURUSD_202401292000,2024-01-29 20:00:00+00:00,EURUSD,-1,1.08103,1.08103,1.0818882142857142,1.0793135714285715,8.582142857143094,12.84,1.0.0-FROZEN,e25d59830e183890a91446bde99d5a63ee31306e90a09c8106c9b7ead5a8c639,30.65105097535785,0.0005721428571428147,-1,20
SIG_EURUSD_202401311745,2024-01-31 17:45:00+00:00,EURUSD,1,1.08612,1.0862,1.0843210714285714,1.0897178571428572,18.78928571428684,5.79,1.0.0-FROZEN,e25d59830e183890a91446bde99d5a63ee31306e90a09c8106c9b7ead5a8c639,50.32600903791732,0.0011992857142857044,0,17
SIG_EURUSD_202402021045,2024-02-02 10:45:00+00:00,EURUSD,1,1.08793,1.0880100000000001,1.086949642857143,1.0898907142857144,10.603571428571268,10.15,1.0.0-FROZEN,e25d59830e183890a91446bde99d5a63ee31306e90a09c8106c9b7ead5a8c639,26.349843032686636,0.0006535714285714121,0,10
SIG_EURUSD_202402071630,2024-02-07 16:30:00+00:00,EURUSD,1,1.07749,1.0775700000000001,1.0764357142857144,1.0795985714285714,11.342857142857543,9.38,1.0.0-FROZEN,e25d59830e183890a91446bde99d5a63ee31306e90a09c8106c9b7ead5a8c639,34.70975108693367,0.000702857142857132,0,16
SIG_EURUSD_202402140945,2024-02-14 09:45:00+00:00,EURUSD,-1,1.07076,1.07076,1.071410357142857,1.0694592857142857,6.503571428571053,16.17,1.0.0-FROZEN,e25d59830e183890a91446bde99d5a63ee31306e90a09c8106c9b7ead5a8c639,28.83311514863767,0.00043357142857141414,-1,9
SIG_EURUSD_202402291630,2024-02-29 16:30:00+00:00,EURUSD,1,1.08435,1.08443,1.0831317857142857,1.0867864285714284,12.982142857143053,8.24,1.0.0-FROZEN,e25d59830e183890a91446bde99d5a63ee31306e90a09c8106c9b7ead5a8c639,29.571620124963193,0.000812142857142801,1,16
SIG_EURUSD_202403040930,2024-03-04 09:30:00+00:00,EURUSD,1,1.0849199999999999,1.085,1.0844624999999999,1.0858349999999999,5.375000000000796,19.69,1.0.0-FROZEN,e25d59830e183890a91446bde99d5a63ee31306e90a09c8106c9b7ead5a8c639,23.608487685005976,0.00030500000000003143,1,9
SIG_EURUSD_202403041100,2024-03-04 11:00:00+00:00,EURUSD,1,1.08462,1.0847,1.083828214285714,1.0862035714285714,8.71785714285922,11.98,1.0.0-FROZEN,e25d59830e183890a91446bde99d5a63ee31306e90a09c8106c9b7ead5a8c639,23.240805087301066,0.0005278571428571752,1,11
SIG_EURUSD_202404180815,2024-04-18 08:15:00+00:00,EURUSD,1,1.06792,1.068,1.0674067857142857,1.0689464285714285,5.932142857143496,17.87,1.0.0-FROZEN,e25d59830e183890a91446bde99d5a63ee31306e90a09c8106c9b7ead5a8c639,29.510551575308,0.00034214285714283054,0,8
SIG_EURUSD_202405060930,2024-05-06 09:30:00+00:00,EURUSD,1,1.07641,1.07648,1.0759760714285715,1.0772778571428574,5.03928571428558,21.31,1.0.0-FROZEN,e25d59830e183890a91446bde99d5a63ee31306e90a09c8106c9b7ead5a8c639,25.270046480711557,0.00028928571428573794,1,9
SIG_EURUSD_202405141530,2024-05-14 15:30:00+00:00,EURUSD,1,1.08052,1.08057,1.0795417857142857,1.0824764285714286,10.282142857143128,10.31,1.0.0-FROZEN,e25d59830e183890a91446bde99d5a63ee31306e90a09c8106c9b7ead5a8c639,27.593534209963796,0.0006521428571428631,1,15
SIG_EURUSD_202405300930,2024-05-30 09:30:00+00:00,EURUSD,-1,1.07936,1.07937,1.0798132142857144,1.0784535714285715,4.432142857144772,24.31,1.0.0-FROZEN,e25d59830e183890a91446bde99d5a63ee31306e90a09c8106c9b7ead5a8c639,35.46218612312465,0.00030214285714286985,-1,9
SIG_EURUSD_202406070700,2024-06-07 07:00:00+00:00,EURUSD,1,1.08948,1.08956,1.089110357142857,1.0902192857142858,4.496428571429956,23.63,1.0.0-FROZEN,e25d59830e183890a91446bde99d5a63ee31306e90a09c8106c9b7ead5a8c639,24.30203136492394,0.00024642857142861567,1,7
SIG_EURUSD_202406191600,2024-06-19 16:00:00+00:00,EURUSD,1,1.07467,1.07474,1.0738032142857143,1.0764035714285713,9.367857142856817,11.19,1.0.0-FROZEN,e25d59830e183890a91446bde99d5a63ee31306e90a09c8106c9b7ead5a8c639,25.308453171401585,0.0005778571428570903,0,16
SIG_EURUSD_202407091800,2024-07-09 18:00:00+00:00,EURUSD,-1,1.08059,1.08061,1.0815789285714286,1.078612142857143,9.689285714284956,10.69,1.0.0-FROZEN,e25d59830e183890a91446bde99d5a63ee31306e90a09c8106c9b7ead5a8c639,22.031993273822565,0.0006592857142856877,0,18
SIG_EURUSD_202407101700,2024-07-10 17:00:00+00:00,EURUSD,1,1.0823,1.0823800000000001,1.0817214285714285,1.0834571428571431,6.585714285716193,15.54,1.0.0-FROZEN,e25d59830e183890a91446bde99d5a63ee31306e90a09c8106c9b7ead5a8c639,24.021472469999093,0.00038571428571432254,1,17
SIG_EURUSD_202408071900,2024-08-07 19:00:00+00:00,EURUSD,1,1.09261,1.0926900000000002,1.0916960714285715,1.0944378571428572,9.939285714286594,10.41,1.0.0-FROZEN,e25d59830e183890a91446bde99d5a63ee31306e90a09c8106c9b7ead5a8c639,37.590882567586924,0.0006092857142856932,1,19
SIG_EURUSD_202409051000,2024-09-05 10:00:00+00:00,EURUSD,1,1.10857,1.1086500000000001,1.1081189285714286,1.109472142857143,5.310714285715612,19.25,1.0.0-FROZEN,e25d59830e183890a91446bde99d5a63ee31306e90a09c8106c9b7ead5a8c639,23.10135024993584,0.0003007142857143049,0,10
SIG_EURUSD_202409051030,2024-09-05 10:30:00+00:00,EURUSD,1,1.10827,1.10837,1.1076957142857145,1.1094185714285716,6.742857142856273,14.96,1.0.0-FROZEN,e25d59830e183890a91446bde99d5a63ee31306e90a09c8106c9b7ead5a8c639,29.503795951487795,0.0003828571428571451,0,10
SIG_EURUSD_202409061530,2024-09-06 15:30:00+00:00,EURUSD,1,1.11341,1.11349,1.1119314285714286,1.116367142857143,15.585714285715202,6.56,1.0.0-FROZEN,e25d59830e183890a91446bde99d5a63ee31306e90a09c8106c9b7ead5a8c639,35.02918825894893,0.0009857142857142881,1,15
SIG_EURUSD_202410091400,2024-10-09 14:00:00+00:00,EURUSD,-1,1.09639,1.09639,1.0971185714285714,1.0949328571428572,7.285714285714118,13.87,1.0.0-FROZEN,e25d59830e183890a91446bde99d5a63ee31306e90a09c8106c9b7ead5a8c639,22.812842104285938,0.0004857142857142639,-1,14
SIG_EURUSD_202410251200,2024-10-25 12:00:00+00:00,EURUSD,1,1.08255,1.08261,1.0817464285714284,1.0841571428571428,8.6357142857163,11.91,1.0.0-FROZEN,e25d59830e183890a91446bde99d5a63ee31306e90a09c8106c9b7ead5a8c639,24.7816151254222,0.0005357142857142742,0,12
SIG_EURUSD_202410311330,2024-10-31 13:30:00+00:00,EURUSD,1,1.08652,1.0866,1.0856296428571428,1.0883007142857142,9.703571428572033,10.47,1.0.0-FROZEN,e25d59830e183890a91446bde99d5a63ee31306e90a09c8106c9b7ead5a8c639,23.090393080816273,0.0005935714285714473,1,13
SIG_EURUSD_202412061045,2024-12-06 10:45:00+00:00,EURUSD,1,1.05819,1.05826,1.0573114285714285,1.0599471428571428,9.485714285715208,10.88,1.0.0-FROZEN,e25d59830e183890a91446bde99d5a63ee31306e90a09c8106c9b7ead5a8c639,27.592851539687974,0.0005857142857142847,1,10
SIG_EURUSD_202412061130,2024-12-06 11:30:00+00:00,EURUSD,1,1.05789,1.05797,1.0568089285714286,1.0600521428571428,11.610714285714696,8.78,1.0.0-FROZEN,e25d59830e183890a91446bde99d5a63ee31306e90a09c8106c9b7ead5a8c639,27.549286294711553,0.0007207142857142809,1,11
SIG_EURUSD_202412261945,2024-12-26 19:45:00+00:00,EURUSD,1,1.04115,1.0412400000000002,1.0401449999999999,1.04316,10.950000000002902,9.47,1.0.0-FROZEN,e25d59830e183890a91446bde99d5a63ee31306e90a09c8106c9b7ead5a8c639,36.85308367740511,0.0006700000000000277,0,19
SIG_EURUSD_202501090915,2025-01-09 09:15:00+00:00,EURUSD,-1,1.03032,1.03034,1.0311235714285714,1.028712857142857,7.83571428571328,13.22,1.0.0-FROZEN,e25d59830e183890a91446bde99d5a63ee31306e90a09c8106c9b7ead5a8c639,33.7427414551518,0.0005357142857142742,-1,9
SIG_EURUSD_202501141130,2025-01-14 11:30:00+00:00,EURUSD,1,1.0262,1.02631,1.024792142857143,1.0290157142857144,15.178571428571264,6.95,1.0.0-FROZEN,e25d59830e183890a91446bde99d5a63ee31306e90a09c8106c9b7ead5a8c639,37.87068015751932,0.0009385714285714235,0,11
SIG_EURUSD_202502110945,2025-02-11 09:45:00+00:00,EURUSD,-1,1.03032,1.03032,1.030857857142857,1.0292442857142856,5.378571428571455,19.4,1.0.0-FROZEN,e25d59830e183890a91446bde99d5a63ee31306e90a09c8106c9b7ead5a8c639,29.911525160005763,0.0003585714285714303,-1,9
SIG_EURUSD_202503040845,2025-03-04 08:45:00+00:00,EURUSD,1,1.04863,1.0487600000000001,1.0477075,1.0504749999999998,10.525000000001228,9.78,1.0.0-FROZEN,e25d59830e183890a91446bde99d5a63ee31306e90a09c8106c9b7ead5a8c639,29.38420475207882,0.0006149999999999688,1,8
SIG_EURUSD_202503061030,2025-03-06 10:30:00+00:00,EURUSD,1,1.0809,1.0809900000000001,1.0789607142857143,1.0847785714285714,20.292857142858445,5.15,1.0.0-FROZEN,e25d59830e183890a91446bde99d5a63ee31306e90a09c8106c9b7ead5a8c639,29.277802258657772,0.0012928571428571592,1,10
SIG_EURUSD_202503101645,2025-03-10 16:45:00+00:00,EURUSD,1,1.08453,1.0846200000000001,1.0829710714285714,1.0876478571428572,16.489285714287316,6.27,1.0.0-FROZEN,e25d59830e183890a91446bde99d5a63ee31306e90a09c8106c9b7ead5a8c639,25.043987966757534,0.0010392857142857029,1,16
SIG_EURUSD_202503121315,2025-03-12 13:15:00+00:00,EURUSD,1,1.09115,1.09122,1.0898150000000002,1.09382,14.049999999998786,7.27,1.0.0-FROZEN,e25d59830e183890a91446bde99d5a63ee31306e90a09c8106c9b7ead5a8c639,32.18219946842343,0.0008899999999999782,1,13
SIG_EURUSD_202503121900,2025-03-12 19:00:00+00:00,EURUSD,1,1.09085,1.09091,1.089196785714286,1.0941564285714287,17.132142857141375,5.9,1.0.0-FROZEN,e25d59830e183890a91446bde99d5a63ee31306e90a09c8106c9b7ead5a8c639,38.20201973047134,0.0011021428571428452,1,19
SIG_EURUSD_202503130915,2025-03-13 09:15:00+00:00,EURUSD,-1,1.08754,1.08756,1.0885739285714287,1.0854721428571428,10.139285714285684,9.86,1.0.0-FROZEN,e25d59830e183890a91446bde99d5a63ee31306e90a09c8106c9b7ead5a8c639,26.971049831343343,0.0006892857142857414,0,9
SIG_EURUSD_202504020915,2025-04-02 09:15:00+00:00,EURUSD,-1,1.07918,1.07921,1.0797435714285715,1.0780528571428571,5.3357142857146656,19.08,1.0.0-FROZEN,e25d59830e183890a91446bde99d5a63ee31306e90a09c8106c9b7ead5a8c639,30.834315344348568,0.0003757142857143046,-1,9
SIG_EURUSD_202504181000,2025-04-18 10:00:00+00:00,EURUSD,1,1.1372200000000001,1.1372900000000001,1.1363210714285714,1.1390178571428573,9.689285714287177,10.7,1.0.0-FROZEN,e25d59830e183890a91446bde99d5a63ee31306e90a09c8106c9b7ead5a8c639,22.98484740112975,0.0005992857142857387,1,10
SIG_EURUSD_202505071030,2025-05-07 10:30:00+00:00,EURUSD,1,1.13597,1.13606,1.1347014285714285,1.1385071428571427,13.585714285715422,7.76,1.0.0-FROZEN,e25d59830e183890a91446bde99d5a63ee31306e90a09c8106c9b7ead5a8c639,42.849829018637195,0.0008457142857142592,0,10
SIG_EURUSD_202505120930,2025-05-12 09:30:00+00:00,EURUSD,-1,1.12173,1.12173,1.1228753571428571,1.1194392857142856,11.453571428572396,9.1,1.0.0-FROZEN,e25d59830e183890a91446bde99d5a63ee31306e90a09c8106c9b7ead5a8c639,22.025932911244787,0.000763571428571419,-1,9
SIG_EURUSD_202505140830,2025-05-14 08:30:00+00:00,EURUSD,1,1.11892,1.119,1.117950357142857,1.1208592857142856,10.496428571429295,10.11,1.0.0-FROZEN,e25d59830e183890a91446bde99d5a63ee31306e90a09c8106c9b7ead5a8c639,22.59147081545939,0.0006464285714285875,0,8
SIG_EURUSD_202505211830,2025-05-21 18:30:00+00:00,EURUSD,1,1.13391,1.13399,1.1321432142857142,1.1374435714285713,18.4678571428587,5.84,1.0.0-FROZEN,e25d59830e183890a91446bde99d5a63ee31306e90a09c8106c9b7ead5a8c639,23.854484444754856,0.0011778571428571194,1,18
SIG_EURUSD_202506231100,2025-06-23 11:00:00+00:00,EURUSD,-1,1.14945,1.14943,1.150917857142857,1.1465142857142858,14.878571428571519,7.17,1.0.0-FROZEN,e25d59830e183890a91446bde99d5a63ee31306e90a09c8106c9b7ead5a8c639,25.463432159613355,0.0009785714285714,0,11
SIG_EURUSD_202506241000,2025-06-24 10:00:00+00:00,EURUSD,1,1.16079,1.16086,1.1594860714285715,1.163397857142857,13.739285714284843,7.91,1.0.0-FROZEN,e25d59830e183890a91446bde99d5a63ee31306e90a09c8106c9b7ead5a8c639,36.61647265961856,0.0008692857142856677,1,10
SIG_EURUSD_202506241530,2025-06-24 15:30:00+00:00,EURUSD,1,1.16056,1.1606400000000001,1.1592925,1.163095,13.47500000000057,7.97,1.0.0-FROZEN,e25d59830e183890a91446bde99d5a63ee31306e90a09c8106c9b7ead5a8c639,22.814607992803243,0.0008450000000000164,1,15
SIG_EURUSD_202506301145,2025-06-30 11:45:00+00:00,EURUSD,1,1.17289,1.17294,1.1713546428571429,1.1759607142857142,15.853571428572355,6.7,1.0.0-FROZEN,e25d59830e183890a91446bde99d5a63ee31306e90a09c8106c9b7ead5a8c639,23.402752491190363,0.0010235714285714253,1,11
SIG_EURUSD_202507011045,2025-07-01 10:45:00+00:00,EURUSD,1,1.17854,1.17842,1.1774857142857142,1.1806485714285713,9.342857142857763,11.24,1.0.0-FROZEN,e25d59830e183890a91446bde99d5a63ee31306e90a09c8106c9b7ead5a8c639,29.728557023373835,0.000702857142857148,1,10
SIG_EURUSD_202507290830,2025-07-29 08:30:00+00:00,EURUSD,-1,1.15846,1.15846,1.1593053571428573,1.1567692857142857,8.453571428572726,12.27,1.0.0-FROZEN,e25d59830e183890a91446bde99d5a63ee31306e90a09c8106c9b7ead5a8c639,27.024027851023472,0.0005635714285714728,-1,8
SIG_EURUSD_202508060845,2025-08-06 08:45:00+00:00,EURUSD,1,1.15787,1.15791,1.157165,1.1592799999999999,7.449999999999957,14.18,1.0.0-FROZEN,e25d59830e183890a91446bde99d5a63ee31306e90a09c8106c9b7ead5a8c639,27.019721044878587,0.00047000000000000215,0,8
SIG_EURUSD_202509191030,2025-09-19 10:30:00+00:00,EURUSD,-1,1.17692,1.17693,1.1782067857142857,1.1743464285714285,12.767857142856887,8.17,1.0.0-FROZEN,e25d59830e183890a91446bde99d5a63ee31306e90a09c8106c9b7ead5a8c639,32.15845057557659,0.0008578571428571642,0,10
SIG_EURUSD_202511052015,2025-11-05 20:15:00+00:00,EURUSD,-1,1.14817,1.14816,1.1492735714285713,1.1459628571428573,11.135714285712695,9.55,1.0.0-FROZEN,e25d59830e183890a91446bde99d5a63ee31306e90a09c8106c9b7ead5a8c639,23.15044560212207,0.0007357142857142364,-1,20
SIG_EURUSD_202511181345,2025-11-18 13:45:00+00:00,EURUSD,-1,1.15845,1.15845,1.1593189285714285,1.156712142857143,8.689285714285067,12.09,1.0.0-FROZEN,e25d59830e183890a91446bde99d5a63ee31306e90a09c8106c9b7ead5a8c639,34.108505190577986,0.0005792857142857029,0,13
SIG_EURUSD_202512021545,2025-12-02 15:45:00+00:00,EURUSD,1,1.1617899999999999,1.16187,1.161060357142857,1.1632492857142855,8.096428571429115,12.82,1.0.0-FROZEN,e25d59830e183890a91446bde99d5a63ee31306e90a09c8106c9b7ead5a8c639,25.42786243053256,0.00048642857142855433,1,15
SIG_EURUSD_202512052030,2025-12-05 20:30:00+00:00,EURUSD,-1,1.1643,1.1643,1.1653382142857143,1.1622235714285714,10.382142857143783,9.88,1.0.0-FROZEN,e25d59830e183890a91446bde99d5a63ee31306e90a09c8106c9b7ead5a8c639,26.84006782483227,0.0006921428571428555,0,20
SIG_EURUSD_202512120745,2025-12-12 07:45:00+00:00,EURUSD,1,1.17389,1.1739600000000001,1.1733725,1.1749250000000002,5.875000000001851,17.26,1.0.0-FROZEN,e25d59830e183890a91446bde99d5a63ee31306e90a09c8106c9b7ead5a8c639,28.959836544581286,0.0003450000000000556,1,7
SIG_EURUSD_202512160930,2025-12-16 09:30:00+00:00,EURUSD,1,1.17517,1.1752500000000001,1.1745914285714287,1.176327142857143,6.585714285713973,15.2,1.0.0-FROZEN,e25d59830e183890a91446bde99d5a63ee31306e90a09c8106c9b7ead5a8c639,26.761977715842715,0.00038571428571427494,1,9
SIG_EURUSD_202512161545,2025-12-16 15:45:00+00:00,EURUSD,1,1.17756,1.17764,1.1762410714285714,1.180197857142857,13.989285714286481,7.25,1.0.0-FROZEN,e25d59830e183890a91446bde99d5a63ee31306e90a09c8106c9b7ead5a8c639,42.01786435833469,0.0008792857142856857,1,15
SIG_EURUSD_202512180830,2025-12-18 08:30:00+00:00,EURUSD,1,1.17444,1.17452,1.1739985714285714,1.1753228571428571,5.214285714285616,19.79,1.0.0-FROZEN,e25d59830e183890a91446bde99d5a63ee31306e90a09c8106c9b7ead5a8c639,26.60359457843591,0.0002942857142856914,1,8
SIG_EURUSD_202512191015,2025-12-19 10:15:00+00:00,EURUSD,-1,1.17117,1.17117,1.171932857142857,1.1696442857142857,7.628571428570652,13.35,1.0.0-FROZEN,e25d59830e183890a91446bde99d5a63ee31306e90a09c8106c9b7ead5a8c639,39.27790787661858,0.0005085714285714296,0,10
SIG_EURUSD_202601081745,2026-01-08 17:45:00+00:00,EURUSD,-1,1.1666400000000001,1.1666400000000001,1.1675925,1.164735,9.524999999999118,10.56,1.0.0-FROZEN,e25d59830e183890a91446bde99d5a63ee31306e90a09c8106c9b7ead5a8c639,38.99101156174684,0.0006349999999999888,-1,17
SIG_EURUSD_202601091100,2026-01-09 11:00:00+00:00,EURUSD,-1,1.1648,1.16478,1.1655542857142858,1.1632914285714286,7.742857142858384,13.22,1.0.0-FROZEN,e25d59830e183890a91446bde99d5a63ee31306e90a09c8106c9b7ead5a8c639,35.68764138318286,0.0005028571428571541,-1,11
SIG_EURUSD_202601131300,2026-01-13 13:00:00+00:00,EURUSD,1,1.16666,1.16674,1.1659185714285714,1.1681428571428571,8.214285714287506,12.31,1.0.0-FROZEN,e25d59830e183890a91446bde99d5a63ee31306e90a09c8106c9b7ead5a8c639,28.997285783314464,0.000494285714285717,0,13
SIG_EURUSD_202601220730,2026-01-22 07:30:00+00:00,EURUSD,-1,1.16866,1.16866,1.1692235714285715,1.1675328571428572,5.6357142857144105,17.73,1.0.0-FROZEN,e25d59830e183890a91446bde99d5a63ee31306e90a09c8106c9b7ead5a8c639,30.11663604143553,0.00037571428571428874,0,7
SIG_EURUSD_202602031445,2026-02-03 14:45:00+00:00,EURUSD,-1,1.17963,1.17963,1.1806692857142858,1.1775514285714286,10.39285714285798,9.49,1.0.0-FROZEN,e25d59830e183890a91446bde99d5a63ee31306e90a09c8106c9b7ead5a8c639,54.03849672636845,0.0006928571428571459,-1,14
SIG_EURUSD_202603260915,2026-03-26 09:15:00+00:00,EURUSD,-1,1.15583,1.15583,1.1567921428571428,1.153905714285714,9.621428571429114,10.13,1.0.0-FROZEN,e25d59830e183890a91446bde99d5a63ee31306e90a09c8106c9b7ead5a8c639,22.44419685469384,0.0006414285714285706,0,9
SIG_EURUSD_202604131830,2026-04-13 18:30:00+00:00,EURUSD,1,1.17094,1.17097,1.1696875,1.173445,12.825000000000752,7.74,1.0.0-FROZEN,e25d59830e183890a91446bde99d5a63ee31306e90a09c8106c9b7ead5a8c639,34.522425549521515,0.0008350000000000143,1,18
SIG_EURUSD_202605121445,2026-05-12 14:45:00+00:00,EURUSD,-1,1.17437,1.17437,1.175290357142857,1.1725292857142857,9.203571428570978,10.98,1.0.0-FROZEN,e25d59830e183890a91446bde99d5a63ee31306e90a09c8106c9b7ead5a8c639,29.63646286765399,0.0006135714285714197,0,14
SIG_EURUSD_202605131945,2026-05-13 19:45:00+00:00,EURUSD,-1,1.17085,1.17085,1.1718067857142855,1.1689364285714285,9.567857142855907,10.75,1.0.0-FROZEN,e25d59830e183890a91446bde99d5a63ee31306e90a09c8106c9b7ead5a8c639,26.69073345099907,0.0006378571428571186,-1,19
SIG_EURUSD_202606081015,2026-06-08 10:15:00+00:00,EURUSD,-1,1.15233,1.15233,1.1533992857142858,1.1501914285714288,10.692857142857726,9.51,1.0.0-FROZEN,e25d59830e183890a91446bde99d5a63ee31306e90a09c8106c9b7ead5a8c639,22.40908839412304,0.0007128571428571341,-1,10
SIG_EURUSD_202606121430,2026-06-12 14:30:00+00:00,EURUSD,1,1.15783,1.15791,1.1565989285714284,1.1602921428571427,13.110714285715641,7.9,1.0.0-FROZEN,e25d59830e183890a91446bde99d5a63ee31306e90a09c8106c9b7ead5a8c639,28.66199998856885,0.0008207142857142699,0,14
SIG_EURUSD_202606230930,2026-06-23 09:30:00+00:00,EURUSD,-1,1.1421999999999999,1.1421999999999999,1.1429210714285714,1.140757857142857,7.210714285714737,14.2,1.0.0-FROZEN,e25d59830e183890a91446bde99d5a63ee31306e90a09c8106c9b7ead5a8c639,24.797207622535797,0.00048071428571427877,-1,9
SIG_EURUSD_202608051600,2026-08-05 16:00:00+00:00,EURUSD,1,1.15461,1.15469,1.1537914285714286,1.1562471428571426,8.985714285714153,11.25,1.0.0-FROZEN,e25d59830e183890a91446bde99d5a63ee31306e90a09c8106c9b7ead5a8c639,31.544489623520764,0.0005457142857142447,1,16
SIG_EURUSD_202608070845,2026-08-07 08:45:00+00:00,EURUSD,-1,1.15223,1.15223,1.1525814285714286,1.151527142857143,3.514285714285581,28.97,1.0.0-FROZEN,e25d59830e183890a91446bde99d5a63ee31306e90a09c8106c9b7ead5a8c639,25.373309509257496,0.00023428571428567896,0,8
SIG_EURUSD_202608211400,2026-08-21 14:00:00+00:00,EURUSD,1,1.1703999999999999,1.17049,1.1694882142857141,1.1722235714285714,10.017857142858855,10.01,1.0.0-FROZEN,e25d59830e183890a91446bde99d5a63ee31306e90a09c8106c9b7ead5a8c639,30.571308651135606,0.0006078571428571758,1,14
SIG_GBPUSD_202301271600,2023-01-27 16:00:00+00:00,GBPUSD,-1,1.23576,1.23572,1.2377410714285715,1.2317978571428572,20.210714285715525,4.9,1.0.0-FROZEN,e25d59830e183890a91446bde99d5a63ee31306e90a09c8106c9b7ead5a8c639,28.027074212102484,0.0013207142857142782,0,16
SIG_GBPUSD_202302020900,2023-02-02 09:00:00+00:00,GBPUSD,1,1.23925,1.23938,1.2382428571428572,1.2412642857142857,11.371428571427256,8.62,1.0.0-FROZEN,e25d59830e183890a91446bde99d5a63ee31306e90a09c8106c9b7ead5a8c639,33.12349120339492,0.0006714285714285609,1,9
SIG_GBPUSD_202302131045,2023-02-13 10:45:00+00:00,GBPUSD,-1,1.20461,1.20461,1.2058785714285714,1.2020728571428572,12.685714285713967,7.64,1.0.0-FROZEN,e25d59830e183890a91446bde99d5a63ee31306e90a09c8106c9b7ead5a8c639,29.86037821547399,0.0008457142857142751,-1,10
SIG_GBPUSD_202302201815,2023-02-20 18:15:00+00:00,GBPUSD,1,1.20335,1.2034799999999999,1.2022346428571429,1.2055807142857142,12.453571428570065,7.69,1.0.0-FROZEN,e25d59830e183890a91446bde99d5a63ee31306e90a09c8106c9b7ead5a8c639,31.5490075753467,0.0007435714285714308,0,18
SIG_GBPUSD_202304201000,2023-04-20 10:00:00+00:00,GBPUSD,1,1.24394,1.24406,1.2429489285714286,1.245922142857143,11.110714285713641,8.57,1.0.0-FROZEN,e25d59830e183890a91446bde99d5a63ee31306e90a09c8106c9b7ead5a8c639,27.926483060192083,0.0006607142857143002,0,10
SIG_GBPUSD_202305101645,2023-05-10 16:45:00+00:00,GBPUSD,1,1.26376,1.26389,1.2614457142857143,1.2683885714285714,24.442857142856766,3.85,1.0.0-FROZEN,e25d59830e183890a91446bde99d5a63ee31306e90a09c8106c9b7ead5a8c639,37.82931211735596,0.0015428571428571633,1,16
SIG_GBPUSD_202305121700,2023-05-12 17:00:00+00:00,GBPUSD,-1,1.2494,1.24941,1.2512482142857144,1.2457035714285714,18.382142857145123,5.06,1.0.0-FROZEN,e25d59830e183890a91446bde99d5a63ee31306e90a09c8106c9b7ead5a8c639,32.593478185123914,0.0012321428571428722,-1,17
SIG_GBPUSD_202306141015,2023-06-14 10:15:00+00:00,GBPUSD,1,1.26124,1.26135,1.260135357142857,1.2634492857142856,12.146428571429002,7.81,1.0.0-FROZEN,e25d59830e183890a91446bde99d5a63ee31306e90a09c8106c9b7ead5a8c639,33.05549997267303,0.0007364285714285902,1,10
SIG_GBPUSD_202306231630,2023-06-23 16:30:00+00:00,GBPUSD,-1,1.27127,1.27151,1.2729317857142857,1.2679464285714284,14.217857142857504,6.78,1.0.0-FROZEN,e25d59830e183890a91446bde99d5a63ee31306e90a09c8106c9b7ead5a8c639,27.297644519516155,0.0011078571428571684,0,16
SIG_GBPUSD_202307041030,2023-07-04 10:30:00+00:00,GBPUSD,1,1.26943,1.2695599999999998,1.2682353571428573,1.2718192857142858,13.246428571425106,7.27,1.0.0-FROZEN,e25d59830e183890a91446bde99d5a63ee31306e90a09c8106c9b7ead5a8c639,29.319117958506677,0.000796428571428571,0,10
SIG_GBPUSD_202307071515,2023-07-07 15:15:00+00:00,GBPUSD,1,1.2791299999999999,1.27941,1.2774285714285714,1.282532857142857,19.814285714285784,4.94,1.0.0-FROZEN,e25d59830e183890a91446bde99d5a63ee31306e90a09c8106c9b7ead5a8c639,28.475498305722997,0.001134285714285675,1,15
SIG_GBPUSD_202307071615,2023-07-07 16:15:00+00:00,GBPUSD,1,1.27736,1.2774899999999998,1.2749107142857143,1.2822585714285715,25.79285714285451,3.75,1.0.0-FROZEN,e25d59830e183890a91446bde99d5a63ee31306e90a09c8106c9b7ead5a8c639,43.72952217145362,0.0016328571428571343,1,16
SIG_GBPUSD_202307261515,2023-07-26 15:15:00+00:00,GBPUSD,1,1.29104,1.29115,1.2895046428571428,1.2941107142857144,16.453571428571845,5.98,1.0.0-FROZEN,e25d59830e183890a91446bde99d5a63ee31306e90a09c8106c9b7ead5a8c639,23.024480184254255,0.0010235714285714728,0,15
SIG_GBPUSD_202309052045,2023-09-05 20:45:00+00:00,GBPUSD,-1,1.25657,1.25657,1.2579317857142858,1.2538464285714284,13.617857142858014,7.15,1.0.0-FROZEN,e25d59830e183890a91446bde99d5a63ee31306e90a09c8106c9b7ead5a8c639,22.132078711284567,0.0009078571428572062,-1,20
SIG_GBPUSD_202309081500,2023-09-08 15:00:00+00:00,GBPUSD,-1,1.24823,1.24823,1.2496175,1.2454549999999998,13.87500000000097,7.08,1.0.0-FROZEN,e25d59830e183890a91446bde99d5a63ee31306e90a09c8106c9b7ead5a8c639,29.8950820853154,0.0009250000000000329,-1,15
SIG_GBPUSD_202309190900,2023-09-19 09:00:00+00:00,GBPUSD,-1,1.2378,1.23779,1.2383464285714285,1.236707142857143,5.564285714285688,17.46,1.0.0-FROZEN,e25d59830e183890a91446bde99d5a63ee31306e90a09c8106c9b7ead5a8c639,27.29400071124596,0.0003642857142857059,-1,9
SIG_GBPUSD_202309250915,2023-09-25 09:15:00+00:00,GBPUSD,-1,1.2236799999999999,1.2236799999999999,1.2242296428571426,1.2225807142857144,5.496428571427625,17.43,1.0.0-FROZEN,e25d59830e183890a91446bde99d5a63ee31306e90a09c8106c9b7ead5a8c639,23.53971444456357,0.00036642857142854535,-1,9
SIG_GBPUSD_202309271100,2023-09-27 11:00:00+00:00,GBPUSD,-1,1.21475,1.21474,1.2158010714285714,1.2126478571428572,10.610714285714806,8.91,1.0.0-FROZEN,e25d59830e183890a91446bde99d5a63ee31306e90a09c8106c9b7ead5a8c639,22.649704709796197,0.0007007142857142926,-1,11
SIG_GBPUSD_202309272000,2023-09-27 20:00:00+00:00,GBPUSD,-1,1.2123,1.2123,1.2142585714285714,1.2083828571428572,19.58571428571476,4.77,1.0.0-FROZEN,e25d59830e183890a91446bde99d5a63ee31306e90a09c8106c9b7ead5a8c639,22.620115469453783,0.001305714285714275,-1,20
SIG_GBPUSD_202311141100,2023-11-14 11:00:00+00:00,GBPUSD,1,1.22867,1.2288299999999999,1.2275375,1.230935,12.924999999999187,7.14,1.0.0-FROZEN,e25d59830e183890a91446bde99d5a63ee31306e90a09c8106c9b7ead5a8c639,34.00113924342602,0.0007550000000000136,1,11
SIG_GBPUSD_202311271000,2023-11-27 10:00:00+00:00,GBPUSD,1,1.26197,1.26209,1.2609467857142858,1.2640164285714286,11.43214285714178,8.19,1.0.0-FROZEN,e25d59830e183890a91446bde99d5a63ee31306e90a09c8106c9b7ead5a8c639,50.351953757121066,0.0006821428571428376,1,10
SIG_GBPUSD_202312051030,2023-12-05 10:30:00+00:00,GBPUSD,-1,1.26216,1.26216,1.263320357142857,1.2598392857142857,11.603571428571158,7.98,1.0.0-FROZEN,e25d59830e183890a91446bde99d5a63ee31306e90a09c8106c9b7ead5a8c639,29.040969662314776,0.0007735714285714369,0,10
SIG_GBPUSD_202312110745,2023-12-11 07:45:00+00:00,GBPUSD,-1,1.25419,1.25418,1.2546292857142856,1.2533114285714286,4.492857142854856,20.36,1.0.0-FROZEN,e25d59830e183890a91446bde99d5a63ee31306e90a09c8106c9b7ead5a8c639,43.95902167180442,0.00029285714285712646,-1,7
SIG_GBPUSD_202312181445,2023-12-18 14:45:00+00:00,GBPUSD,-1,1.26585,1.26585,1.2673510714285714,1.262847857142857,15.010714285714766,6.0,1.0.0-FROZEN,e25d59830e183890a91446bde99d5a63ee31306e90a09c8106c9b7ead5a8c639,45.504596706288915,0.0010007142857143072,0,14
SIG_GBPUSD_202312270900,2023-12-27 09:00:00+00:00,GBPUSD,1,1.27341,1.2735299999999998,1.2728571428571427,1.2745157142857144,6.728571428571417,13.64,1.0.0-FROZEN,e25d59830e183890a91446bde99d5a63ee31306e90a09c8106c9b7ead5a8c639,26.744228129892527,0.0003685714285714641,1,9
SIG_GBPUSD_202401051445,2024-01-05 14:45:00+00:00,GBPUSD,-1,1.26619,1.26619,1.2674017857142856,1.2637664285714285,12.11785714285707,7.48,1.0.0-FROZEN,e25d59830e183890a91446bde99d5a63ee31306e90a09c8106c9b7ead5a8c639,22.932970719769447,0.0008078571428571538,-1,14
SIG_GBPUSD_202401181030,2024-01-18 10:30:00+00:00,GBPUSD,1,1.26953,1.26965,1.2682078571428572,1.2721742857142857,14.421428571427253,6.4,1.0.0-FROZEN,e25d59830e183890a91446bde99d5a63ee31306e90a09c8106c9b7ead5a8c639,32.578479110870724,0.0008814285714285568,0,10
SIG_GBPUSD_202402051130,2024-02-05 11:30:00+00:00,GBPUSD,-1,1.26052,1.26052,1.2618110714285715,1.2579378571428572,12.91071428571433,7.06,1.0.0-FROZEN,e25d59830e183890a91446bde99d5a63ee31306e90a09c8106c9b7ead5a8c639,30.66612713658307,0.0008607142857143099,-1,11
SIG_GBPUSD_202403071500,2024-03-07 15:00:00+00:00,GBPUSD,1,1.27522,1.2753299999999999,1.274269642857143,1.2771207142857144,10.603571428569047,8.76,1.0.0-FROZEN,e25d59830e183890a91446bde99d5a63ee31306e90a09c8106c9b7ead5a8c639,30.185940518735993,0.0006335714285714397,1,15
SIG_GBPUSD_202404040930,2024-04-04 09:30:00+00:00,GBPUSD,1,1.26603,1.2661499999999999,1.265472857142857,1.2671442857142856,6.771428571428206,13.92,1.0.0-FROZEN,e25d59830e183890a91446bde99d5a63ee31306e90a09c8106c9b7ead5a8c639,22.71153395710911,0.0003714285714285622,0,9
SIG_GBPUSD_202404041000,2024-04-04 10:00:00+00:00,GBPUSD,1,1.26583,1.26595,1.265125,1.26724,8.249999999998536,11.28,1.0.0-FROZEN,e25d59830e183890a91446bde99d5a63ee31306e90a09c8106c9b7ead5a8c639,25.518303745492013,0.00047000000000000215,0,10
SIG_GBPUSD_202405201845,2024-05-20 18:45:00+00:00,GBPUSD,1,1.27048,1.2705899999999999,1.2695767857142857,1.2722864285714286,10.132142857142146,9.07,1.0.0-FROZEN,e25d59830e183890a91446bde99d5a63ee31306e90a09c8106c9b7ead5a8c639,23.53274742240036,0.0006021428571428526,1,18
SIG_GBPUSD_202405211630,2024-05-21 16:30:00+00:00,GBPUSD,1,1.27134,1.2714599999999998,1.2702932142857142,1.2734335714285712,11.667857142856342,7.99,1.0.0-FROZEN,e25d59830e183890a91446bde99d5a63ee31306e90a09c8106c9b7ead5a8c639,24.14038160615547,0.0006978571428571152,1,16
SIG_GBPUSD_202405271530,2024-05-27 15:30:00+00:00,GBPUSD,1,1.27518,1.27529,1.2744760714285714,1.276587857142857,8.139285714285904,11.32,1.0.0-FROZEN,e25d59830e183890a91446bde99d5a63ee31306e90a09c8106c9b7ead5a8c639,26.978805395497297,0.00046928571428571175,1,15
SIG_GBPUSD_202406171030,2024-06-17 10:30:00+00:00,GBPUSD,-1,1.26641,1.26641,1.267325,1.26458,9.149999999999991,10.2,1.0.0-FROZEN,e25d59830e183890a91446bde99d5a63ee31306e90a09c8106c9b7ead5a8c639,38.058204852479896,0.0006100000000000153,-1,10
SIG_GBPUSD_202406210930,2024-06-21 09:30:00+00:00,GBPUSD,-1,1.26601,1.26601,1.266445,1.2651400000000002,4.349999999999632,21.19,1.0.0-FROZEN,e25d59830e183890a91446bde99d5a63ee31306e90a09c8106c9b7ead5a8c639,34.930913160796514,0.00029000000000001247,-1,9
SIG_GBPUSD_202407081400,2024-07-08 14:00:00+00:00,GBPUSD,1,1.28208,1.2822099999999998,1.2811392857142858,1.2839614285714287,10.707142857140362,8.74,1.0.0-FROZEN,e25d59830e183890a91446bde99d5a63ee31306e90a09c8106c9b7ead5a8c639,28.67206782320735,0.0006271428571428896,1,14
SIG_GBPUSD_202407100900,2024-07-10 09:00:00+00:00,GBPUSD,-1,1.27896,1.27895,1.2793392857142858,1.2782014285714285,3.8928571428575864,24.39,1.0.0-FROZEN,e25d59830e183890a91446bde99d5a63ee31306e90a09c8106c9b7ead5a8c639,24.51723949507048,0.00025285714285718165,0,9
SIG_GBPUSD_202407251700,2024-07-25 17:00:00+00:00,GBPUSD,-1,1.28745,1.28745,1.2887217857142856,1.2849064285714287,12.717857142856559,7.35,1.0.0-FROZEN,e25d59830e183890a91446bde99d5a63ee31306e90a09c8106c9b7ead5a8c639,43.4522184015064,0.0008478571428571304,-1,17
SIG_GBPUSD_202409031645,2024-09-03 16:45:00+00:00,GBPUSD,-1,1.31246,1.31229,1.3139042857142855,1.3095714285714286,16.142857142855682,5.72,1.0.0-FROZEN,e25d59830e183890a91446bde99d5a63ee31306e90a09c8106c9b7ead5a8c639,32.93210802671238,0.0009628571428571066,0,16
SIG_GBPUSD_202409041900,2024-09-04 19:00:00+00:00,GBPUSD,1,1.31409,1.31422,1.312265357142857,1.3177392857142858,19.54642857142863,4.8,1.0.0-FROZEN,e25d59830e183890a91446bde99d5a63ee31306e90a09c8106c9b7ead5a8c639,49.86346117902536,0.0012164285714285944,0,19
SIG_GBPUSD_202409301030,2024-09-30 10:30:00+00:00,GBPUSD,1,1.33899,1.33909,1.3378414285714284,1.341287142857143,12.485714285714877,7.51,1.0.0-FROZEN,e25d59830e183890a91446bde99d5a63ee31306e90a09c8106c9b7ead5a8c639,30.66089137672315,0.0007657142857143377,1,10
SIG_GBPUSD_202410010945,2024-10-01 09:45:00+00:00,GBPUSD,-1,1.33674,1.33678,1.3378285714285716,1.3345628571428572,10.485714285715098,9.09,1.0.0-FROZEN,e25d59830e183890a91446bde99d5a63ee31306e90a09c8106c9b7ead5a8c639,25.337395791766046,0.0007257142857143137,0,9
SIG_GBPUSD_202410011000,2024-10-01 10:00:00+00:00,GBPUSD,-1,1.3343,1.3343,1.3357078571428573,1.3314842857142857,14.078571428572939,6.9,1.0.0-FROZEN,e25d59830e183890a91446bde99d5a63ee31306e90a09c8106c9b7ead5a8c639,26.819459317390734,0.0009385714285714553,0,10
SIG_GBPUSD_202410101615,2024-10-10 16:15:00+00:00,GBPUSD,-1,1.30685,1.3069,1.309145,1.30226,22.450000000000525,4.41,1.0.0-FROZEN,e25d59830e183890a91446bde99d5a63ee31306e90a09c8106c9b7ead5a8c639,22.48730084472563,0.0015299999999999997,-1,16
SIG_GBPUSD_202410160700,2024-10-16 07:00:00+00:00,GBPUSD,1,1.30724,1.30735,1.3066164285714286,1.3084871428571427,7.335714285714445,13.75,1.0.0-FROZEN,e25d59830e183890a91446bde99d5a63ee31306e90a09c8106c9b7ead5a8c639,32.950483161366165,0.00041571428571428114,0,7
SIG_GBPUSD_202411181600,2024-11-18 16:00:00+00:00,GBPUSD,-1,1.2622200000000001,1.26221,1.2633932142857145,1.2598735714285716,11.832142857144401,8.42,1.0.0-FROZEN,e25d59830e183890a91446bde99d5a63ee31306e90a09c8106c9b7ead5a8c639,23.80519714982873,0.0007821428571428582,-1,16
SIG_GBPUSD_202501151745,2025-01-15 17:45:00+00:00,GBPUSD,1,1.22577,1.2258799999999999,1.2225589285714287,1.232192142857143,33.21071428571187,2.96,1.0.0-FROZEN,e25d59830e183890a91446bde99d5a63ee31306e90a09c8106c9b7ead5a8c639,35.203549492097586,0.0021407142857142736,0,17
SIG_GBPUSD_202501281630,2025-01-28 16:30:00+00:00,GBPUSD,-1,1.2433,1.24329,1.2447025,1.2404950000000001,14.125000000000387,6.89,1.0.0-FROZEN,e25d59830e183890a91446bde99d5a63ee31306e90a09c8106c9b7ead5a8c639,47.24618832470585,0.0009350000000000033,0,16
SIG_GBPUSD_202502050900,2025-02-05 09:00:00+00:00,GBPUSD,1,1.24851,1.2486599999999999,1.2475178571428571,1.2504942857142856,11.421428571427583,8.46,1.0.0-FROZEN,e25d59830e183890a91446bde99d5a63ee31306e90a09c8106c9b7ead5a8c639,26.794935934309073,0.000661428571428543,1,9
SIG_GBPUSD_202502101745,2025-02-10 17:45:00+00:00,GBPUSD,-1,1.23892,1.23891,1.2401757142857144,1.2364085714285713,12.657142857144255,7.74,1.0.0-FROZEN,e25d59830e183890a91446bde99d5a63ee31306e90a09c8106c9b7ead5a8c639,29.582454294814006,0.0008371428571429014,-1,17
SIG_GBPUSD_202502181100,2025-02-18 11:00:00+00:00,GBPUSD,1,1.26106,1.26112,1.2596200000000002,1.26394,14.999999999998348,6.65,1.0.0-FROZEN,e25d59830e183890a91446bde99d5a63ee31306e90a09c8106c9b7ead5a8c639,35.5218895073801,0.0009599999999999927,1,11
SIG_GBPUSD_202503061030,2025-03-06 10:30:00+00:00,GBPUSD,1,1.29066,1.29077,1.2887174999999997,1.294545,20.525000000002347,4.8,1.0.0-FROZEN,e25d59830e183890a91446bde99d5a63ee31306e90a09c8106c9b7ead5a8c639,31.42869940272141,0.001295000000000062,1,10
SIG_GBPUSD_202503121515,2025-03-12 15:15:00+00:00,GBPUSD,1,1.29525,1.29538,1.293045,1.29966,23.34999999999976,4.18,1.0.0-FROZEN,e25d59830e183890a91446bde99d5a63ee31306e90a09c8106c9b7ead5a8c639,32.44305493948789,0.001470000000000003,1,15
SIG_GBPUSD_202503211945,2025-03-21 19:45:00+00:00,GBPUSD,-1,1.29221,1.2922,1.2938385714285716,1.2889528571428572,16.385714285716002,5.89,1.0.0-FROZEN,e25d59830e183890a91446bde99d5a63ee31306e90a09c8106c9b7ead5a8c639,30.58501298851639,0.001085714285714293,0,19
SIG_GBPUSD_202504011715,2025-04-01 17:15:00+00:00,GBPUSD,-1,1.28951,1.28948,1.2911417857142855,1.2862464285714288,16.617857142855463,5.79,1.0.0-FROZEN,e25d59830e183890a91446bde99d5a63ee31306e90a09c8106c9b7ead5a8c639,55.3324479840129,0.001087857142857069,-1,17
SIG_GBPUSD_202504071100,2025-04-07 11:00:00+00:00,GBPUSD,-1,1.28861,1.28864,1.2912607142857144,1.2833085714285715,26.207142857144206,3.63,1.0.0-FROZEN,e25d59830e183890a91446bde99d5a63ee31306e90a09c8106c9b7ead5a8c639,32.78247794895738,0.001767142857142856,-1,11
SIG_GBPUSD_202504112030,2025-04-11 20:30:00+00:00,GBPUSD,1,1.30719,1.3072599999999999,1.3043539285714285,1.312862142857143,29.06071428571355,3.34,1.0.0-FROZEN,e25d59830e183890a91446bde99d5a63ee31306e90a09c8106c9b7ead5a8c639,37.021402167983354,0.0018907142857143011,1,20
SIG_GBPUSD_202504151445,2025-04-15 14:45:00+00:00,GBPUSD,1,1.32307,1.32321,1.3212742857142856,1.3266614285714284,19.35714285714374,4.96,1.0.0-FROZEN,e25d59830e183890a91446bde99d5a63ee31306e90a09c8106c9b7ead5a8c639,37.77027093266231,0.001197142857142849,1,14
SIG_GBPUSD_202504290900,2025-04-29 09:00:00+00:00,GBPUSD,1,1.34144,1.3415599999999999,1.3404210714285714,1.343477857142857,11.389285714284991,8.33,1.0.0-FROZEN,e25d59830e183890a91446bde99d5a63ee31306e90a09c8106c9b7ead5a8c639,31.082362777149154,0.0006792857142856919,1,9
SIG_GBPUSD_202506061915,2025-06-06 19:15:00+00:00,GBPUSD,-1,1.35255,1.35257,1.3547357142857142,1.3481785714285712,21.657142857141043,4.33,1.0.0-FROZEN,e25d59830e183890a91446bde99d5a63ee31306e90a09c8106c9b7ead5a8c639,29.804936340016187,0.001457142857142871,0,19
SIG_GBPUSD_202506161800,2025-06-16 18:00:00+00:00,GBPUSD,1,1.3596599999999999,1.35981,1.3580207142857141,1.3629385714285713,17.892857142858265,5.23,1.0.0-FROZEN,e25d59830e183890a91446bde99d5a63ee31306e90a09c8106c9b7ead5a8c639,25.889670458706046,0.0010928571428571493,1,18
SIG_GBPUSD_202507281015,2025-07-28 10:15:00+00:00,GBPUSD,-1,1.34223,1.3422399999999999,1.3434074999999999,1.3398750000000001,11.67499999999988,7.92,1.0.0-FROZEN,e25d59830e183890a91446bde99d5a63ee31306e90a09c8106c9b7ead5a8c639,33.158741016756885,0.0007849999999999405,-1,10
SIG_GBPUSD_202508040900,2025-08-04 09:00:00+00:00,GBPUSD,1,1.32849,1.3285999999999998,1.3274635714285714,1.3305428571428572,11.364285714283717,8.04,1.0.0-FROZEN,e25d59830e183890a91446bde99d5a63ee31306e90a09c8106c9b7ead5a8c639,24.51165156961741,0.0006842857142857404,0,9
SIG_GBPUSD_202508190700,2025-08-19 07:00:00+00:00,GBPUSD,-1,1.3498299999999999,1.34982,1.3505917857142857,1.3483064285714284,7.71785714285711,11.7,1.0.0-FROZEN,e25d59830e183890a91446bde99d5a63ee31306e90a09c8106c9b7ead5a8c639,39.51971704824325,0.000507857142857171,0,7
SIG_GBPUSD_202508281530,2025-08-28 15:30:00+00:00,GBPUSD,1,1.3514300000000001,1.3515599999999999,1.3503189285714288,1.353652142857143,12.410714285711055,7.18,1.0.0-FROZEN,e25d59830e183890a91446bde99d5a63ee31306e90a09c8106c9b7ead5a8c639,33.63424494549389,0.0007407142857143167,1,15
SIG_GBPUSD_202509081145,2025-09-08 11:45:00+00:00,GBPUSD,1,1.35126,1.3513799999999998,1.3498907142857142,1.3539985714285712,14.892857142856375,5.92,1.0.0-FROZEN,e25d59830e183890a91446bde99d5a63ee31306e90a09c8106c9b7ead5a8c639,36.64603467572209,0.0009128571428571121,1,11
SIG_GBPUSD_202509231700,2025-09-23 17:00:00+00:00,GBPUSD,1,1.35196,1.35211,1.3505092857142857,1.3548614285714287,16.007142857141776,5.59,1.0.0-FROZEN,e25d59830e183890a91446bde99d5a63ee31306e90a09c8106c9b7ead5a8c639,27.06648119357925,0.0009671428571428649,0,17
SIG_GBPUSD_202510070700,2025-10-07 07:00:00+00:00,GBPUSD,1,1.34785,1.34797,1.3471717857142858,1.3492064285714287,7.982142857141383,11.09,1.0.0-FROZEN,e25d59830e183890a91446bde99d5a63ee31306e90a09c8106c9b7ead5a8c639,32.607490918904155,0.00045214285714288504,1,7
SIG_GBPUSD_202510170945,2025-10-17 09:45:00+00:00,GBPUSD,1,1.34554,1.34564,1.3445082142857143,1.3476035714285712,11.317857142856269,7.72,1.0.0-FROZEN,e25d59830e183890a91446bde99d5a63ee31306e90a09c8106c9b7ead5a8c639,31.810353856173,0.0006878571428571131,1,9
SIG_GBPUSD_202511101915,2025-11-10 19:15:00+00:00,GBPUSD,1,1.31659,1.31672,1.3151575,1.319455,15.624999999999112,5.53,1.0.0-FROZEN,e25d59830e183890a91446bde99d5a63ee31306e90a09c8106c9b7ead5a8c639,36.952608073562665,0.0009550000000000074,0,19
SIG_GBPUSD_202511171915,2025-11-17 19:15:00+00:00,GBPUSD,1,1.31763,1.3176899999999998,1.3162725000000002,1.320345,14.174999999996274,6.06,1.0.0-FROZEN,e25d59830e183890a91446bde99d5a63ee31306e90a09c8106c9b7ead5a8c639,25.14775109813007,0.0009049999999999971,1,19
SIG_GBPUSD_202512190830,2025-12-19 08:30:00+00:00,GBPUSD,-1,1.33722,1.3372,1.3379453571428572,1.3357692857142858,7.453571428572836,11.39,1.0.0-FROZEN,e25d59830e183890a91446bde99d5a63ee31306e90a09c8106c9b7ead5a8c639,25.08800781498038,0.00048357142857140864,0,8
SIG_GBPUSD_202601091000,2026-01-09 10:00:00+00:00,GBPUSD,-1,1.34256,1.3425500000000001,1.343450357142857,1.3407792857142857,9.003571428569668,9.3,1.0.0-FROZEN,e25d59830e183890a91446bde99d5a63ee31306e90a09c8106c9b7ead5a8c639,25.670221124974315,0.0005935714285714155,-1,10
SIG_GBPUSD_202601211345,2026-01-21 13:45:00+00:00,GBPUSD,-1,1.34093,1.34093,1.3422017857142856,1.3383864285714286,12.717857142856559,6.7,1.0.0-FROZEN,e25d59830e183890a91446bde99d5a63ee31306e90a09c8106c9b7ead5a8c639,40.79189154368846,0.0008478571428571304,0,13
SIG_GBPUSD_202601290945,2026-01-29 09:45:00+00:00,GBPUSD,1,1.38313,1.3832399999999998,1.381897857142857,1.3855942857142856,13.421428571427363,6.28,1.0.0-FROZEN,e25d59830e183890a91446bde99d5a63ee31306e90a09c8106c9b7ead5a8c639,35.661232063441865,0.0008214285714285444,1,9
SIG_GBPUSD_202602091645,2026-02-09 16:45:00+00:00,GBPUSD,1,1.36443,1.3645399999999999,1.3619989285714285,1.369292142857143,25.410714285714064,3.28,1.0.0-FROZEN,e25d59830e183890a91446bde99d5a63ee31306e90a09c8106c9b7ead5a8c639,25.39751989928478,0.0016207142857143086,0,16
SIG_GBPUSD_202602101645,2026-02-10 16:45:00+00:00,GBPUSD,1,1.36769,1.36775,1.3656982142857144,1.3716735714285717,20.517857142856588,4.13,1.0.0-FROZEN,e25d59830e183890a91446bde99d5a63ee31306e90a09c8106c9b7ead5a8c639,39.03725013460534,0.001327857142857198,1,16
SIG_GBPUSD_202602161200,2026-02-16 12:00:00+00:00,GBPUSD,1,1.36481,1.36492,1.3633925,1.3676450000000002,15.27499999999904,5.49,1.0.0-FROZEN,e25d59830e183890a91446bde99d5a63ee31306e90a09c8106c9b7ead5a8c639,49.31493781190234,0.0009450000000000529,0,12
SIG_GBPUSD_202603052000,2026-03-05 20:00:00+00:00,GBPUSD,-1,1.33298,1.33298,1.3354025,1.328135,24.22499999999994,3.42,1.0.0-FROZEN,e25d59830e183890a91446bde99d5a63ee31306e90a09c8106c9b7ead5a8c639,33.105749390358305,0.0016150000000000172,-1,20
SIG_GBPUSD_202603121530,2026-03-12 15:30:00+00:00,GBPUSD,-1,1.33776,1.33776,1.338969642857143,1.3353407142857143,12.096428571428675,6.78,1.0.0-FROZEN,e25d59830e183890a91446bde99d5a63ee31306e90a09c8106c9b7ead5a8c639,26.728170822389764,0.0008064285714285571,-1,15
SIG_GBPUSD_202603180900,2026-03-18 09:00:00+00:00,GBPUSD,1,1.3366,1.33672,1.3358575,1.338085,8.624999999999883,9.68,1.0.0-FROZEN,e25d59830e183890a91446bde99d5a63ee31306e90a09c8106c9b7ead5a8c639,56.7641962699117,0.0004949999999999914,0,9
SIG_GBPUSD_202603230700,2026-03-23 07:00:00+00:00,GBPUSD,-1,1.33222,1.33222,1.3334371428571428,1.3297857142857143,12.171428571428056,6.77,1.0.0-FROZEN,e25d59830e183890a91446bde99d5a63ee31306e90a09c8106c9b7ead5a8c639,24.170398744867555,0.0008114285714285423,-1,7
SIG_GBPUSD_202604150700,2026-04-15 07:00:00+00:00,GBPUSD,1,1.35667,1.35679,1.3559157142857143,1.3581785714285717,8.742857142856053,9.6,1.0.0-FROZEN,e25d59830e183890a91446bde99d5a63ee31306e90a09c8106c9b7ead5a8c639,25.346505145818416,0.0005028571428572017,1,7
SIG_GBPUSD_202605141515,2026-05-14 15:15:00+00:00,GBPUSD,-1,1.35129,1.35129,1.3526667857142858,1.3485364285714287,13.767857142856776,6.02,1.0.0-FROZEN,e25d59830e183890a91446bde99d5a63ee31306e90a09c8106c9b7ead5a8c639,28.34123072264882,0.0009178571428571448,-1,15
SIG_GBPUSD_202605221745,2026-05-22 17:45:00+00:00,GBPUSD,1,1.34338,1.3435,1.3416903571428571,1.3467592857142858,18.096428571428014,4.66,1.0.0-FROZEN,e25d59830e183890a91446bde99d5a63ee31306e90a09c8106c9b7ead5a8c639,34.7436130993007,0.0011264285714285918,0,17
SIG_GBPUSD_202605290845,2026-05-29 08:45:00+00:00,GBPUSD,1,1.34386,1.34398,1.34332,1.3449400000000002,6.599999999998829,13.01,1.0.0-FROZEN,e25d59830e183890a91446bde99d5a63ee31306e90a09c8106c9b7ead5a8c639,24.973197007504073,0.00036000000000002697,0,8
SIG_GBPUSD_202606100815,2026-06-10 08:15:00+00:00,GBPUSD,1,1.33853,1.33865,1.3377832142857142,1.3400235714285715,8.667857142856672,9.77,1.0.0-FROZEN,e25d59830e183890a91446bde99d5a63ee31306e90a09c8106c9b7ead5a8c639,28.346252204655695,0.0004978571428571689,0,8
SIG_GBPUSD_202606261100,2026-06-26 11:00:00+00:00,GBPUSD,1,1.32098,1.3211,1.319765,1.32341,13.34999999999864,6.27,1.0.0-FROZEN,e25d59830e183890a91446bde99d5a63ee31306e90a09c8106c9b7ead5a8c639,27.77725003735009,0.0008099999999999932,0,11
SIG_GBPUSD_202607281515,2026-07-28 15:15:00+00:00,GBPUSD,-1,1.32851,1.32851,1.329532142857143,1.3264657142857144,10.221428571428604,8.09,1.0.0-FROZEN,e25d59830e183890a91446bde99d5a63ee31306e90a09c8106c9b7ead5a8c639,40.86565618488185,0.0006814285714285788,-1,15
SIG_GBPUSD_202608211445,2026-08-21 14:45:00+00:00,GBPUSD,1,1.36574,1.3658599999999999,1.3642721428571427,1.3686757142857144,15.878571428571409,5.14,1.0.0-FROZEN,e25d59830e183890a91446bde99d5a63ee31306e90a09c8106c9b7ead5a8c639,26.854559660727435,0.0009785714285714636,1,14
SIG_GBPUSD_202608281430,2026-08-28 14:30:00+00:00,GBPUSD,-1,1.35861,1.35861,1.3592528571428573,1.357324285714286,6.428571428571672,12.56,1.0.0-FROZEN,e25d59830e183890a91446bde99d5a63ee31306e90a09c8106c9b7ead5a8c639,29.603226949013028,0.0004285714285713972,0,14
SIG_USDJPY_202301171730,2023-01-17 17:30:00+00:00,USDJPY,-1,128.449,128.453,128.8002142857143,127.74657142857144,34.721428571430124,2.37,1.0.0-FROZEN,e25d59830e183890a91446bde99d5a63ee31306e90a09c8106c9b7ead5a8c639,32.17384500926014,0.23414285714285452,-1,17
SIG_USDJPY_202301311445,2023-01-31 14:45:00+00:00,USDJPY,1,130.431,130.44,130.28635714285716,130.72028571428572,15.364285714284165,5.37,1.0.0-FROZEN,e25d59830e183890a91446bde99d5a63ee31306e90a09c8106c9b7ead5a8c639,24.514620363195437,0.09642857142856899,1,14
SIG_USDJPY_202302161730,2023-02-16 17:30:00+00:00,USDJPY,1,134.198,134.207,133.94589285714287,134.7022142857143,26.11071428571279,3.13,1.0.0-FROZEN,e25d59830e183890a91446bde99d5a63ee31306e90a09c8106c9b7ead5a8c639,50.22593795576797,0.16807142857142715,1,17
SIG_USDJPY_202302211730,2023-02-21 17:30:00+00:00,USDJPY,1,134.846,134.85299999999998,134.6185357142857,135.30092857142859,23.446428571426736,3.44,1.0.0-FROZEN,e25d59830e183890a91446bde99d5a63ee31306e90a09c8106c9b7ead5a8c639,26.329135755239626,0.1516428571428585,1,17
SIG_USDJPY_202302231515,2023-02-23 15:15:00+00:00,USDJPY,1,135.02,135.022,134.90225,135.2555,11.974999999998204,6.75,1.0.0-FROZEN,e25d59830e183890a91446bde99d5a63ee31306e90a09c8106c9b7ead5a8c639,31.554918468173778,0.07849999999999722,1,15
SIG_USDJPY_202302270830,2023-02-27 08:30:00+00:00,USDJPY,1,136.413,136.42399999999998,136.25389285714286,136.7312142857143,17.01071428571197,4.84,1.0.0-FROZEN,e25d59830e183890a91446bde99d5a63ee31306e90a09c8106c9b7ead5a8c639,23.99837629679232,0.10607142857142751,1,8
SIG_USDJPY_202303130700,2023-03-13 07:00:00+00:00,USDJPY,-1,134.024,134.024,134.3885,133.295,36.44999999999925,2.23,1.0.0-FROZEN,e25d59830e183890a91446bde99d5a63ee31306e90a09c8106c9b7ead5a8c639,29.97556258178869,0.24300000000000313,-1,7
SIG_USDJPY_202303160845,2023-03-16 08:45:00+00:00,USDJPY,-1,132.818,132.814,133.04985714285715,132.3542857142857,23.585714285715653,3.42,1.0.0-FROZEN,e25d59830e183890a91446bde99d5a63ee31306e90a09c8106c9b7ead5a8c639,28.49088004585416,0.1545714285714297,-1,8
SIG_USDJPY_202304041545,2023-04-04 15:45:00+00:00,USDJPY,1,132.903,132.91299999999998,132.7010357142857,133.30692857142856,21.196428571428783,3.76,1.0.0-FROZEN,e25d59830e183890a91446bde99d5a63ee31306e90a09c8106c9b7ead5a8c639,29.607138089143785,0.13464285714285854,1,15
SIG_USDJPY_202304131200,2023-04-13 12:00:00+00:00,USDJPY,-1,133.127,133.127,133.27410714285716,132.8327857142857,14.710714285715198,5.36,1.0.0-FROZEN,e25d59830e183890a91446bde99d5a63ee31306e90a09c8106c9b7ead5a8c639,30.793647657257424,0.09807142857142992,0,12
SIG_USDJPY_202304251900,2023-04-25 19:00:00+00:00,USDJPY,-1,133.917,133.919,134.10985714285715,133.53128571428573,19.08571428571406,4.08,1.0.0-FROZEN,e25d59830e183890a91446bde99d5a63ee31306e90a09c8106c9b7ead5a8c639,32.53510076245818,0.12857142857142737,0,19
SIG_USDJPY_202305091715,2023-05-09 17:15:00+00:00,USDJPY,1,135.087,135.09599999999998,134.92853571428572,135.40392857142854,16.74642857142601,4.74,1.0.0-FROZEN,e25d59830e183890a91446bde99d5a63ee31306e90a09c8106c9b7ead5a8c639,27.80984857425896,0.10564285714284997,0,17
SIG_USDJPY_202305151630,2023-05-15 16:30:00+00:00,USDJPY,1,136.143,136.154,135.94135714285716,136.54628571428572,21.264285714283915,3.75,1.0.0-FROZEN,e25d59830e183890a91446bde99d5a63ee31306e90a09c8106c9b7ead5a8c639,30.395904551263392,0.13442857142856976,1,16
SIG_USDJPY_202305301700,2023-05-30 17:00:00+00:00,USDJPY,-1,139.865,139.862,140.12653571428572,139.34192857142858,26.453571428572786,3.0,1.0.0-FROZEN,e25d59830e183890a91446bde99d5a63ee31306e90a09c8106c9b7ead5a8c639,33.29609464552745,0.17435714285714304,0,17
SIG_USDJPY_202306051145,2023-06-05 11:45:00+00:00,USDJPY,1,140.265,140.27399999999997,140.11392857142857,140.56714285714284,16.00714285713991,4.98,1.0.0-FROZEN,e25d59830e183890a91446bde99d5a63ee31306e90a09c8106c9b7ead5a8c639,29.360070721661184,0.10071428571428141,1,11
SIG_USDJPY_202306131030,2023-06-13 10:30:00+00:00,USDJPY,1,139.561,139.569,139.42814285714286,139.82671428571427,14.085714285712925,5.6,1.0.0-FROZEN,e25d59830e183890a91446bde99d5a63ee31306e90a09c8106c9b7ead5a8c639,33.138444810377436,0.08857142857142312,1,10
SIG_USDJPY_202306271000,2023-06-27 10:00:00+00:00,USDJPY,1,143.489,143.49699999999999,143.3747857142857,143.71742857142857,12.22142857142785,6.38,1.0.0-FROZEN,e25d59830e183890a91446bde99d5a63ee31306e90a09c8106c9b7ead5a8c639,24.40032621742131,0.07614285714285732,1,10
SIG_USDJPY_202306281100,2023-06-28 11:00:00+00:00,USDJPY,1,144.103,144.11399999999998,143.97025,144.3685,14.374999999998295,5.51,1.0.0-FROZEN,e25d59830e183890a91446bde99d5a63ee31306e90a09c8106c9b7ead5a8c639,29.64031673088535,0.08850000000000437,1,11
SIG_USDJPY_202306281630,2023-06-28 16:30:00+00:00,USDJPY,1,144.37,144.378,144.20275,144.7045,17.524999999997704,4.47,1.0.0-FROZEN,e25d59830e183890a91446bde99d5a63ee31306e90a09c8106c9b7ead5a8c639,30.348775020470388,0.1115000000000005,1,16
SIG_USDJPY_202306281645,2023-06-28 16:45:00+00:00,USDJPY,1,144.401,144.41,144.20310714285716,144.79678571428573,20.6892857142833,3.75,1.0.0-FROZEN,e25d59830e183890a91446bde99d5a63ee31306e90a09c8106c9b7ead5a8c639,31.24105609508814,0.13192857142857,1,16
SIG_USDJPY_202307130930,2023-07-13 09:30:00+00:00,USDJPY,-1,138.482,138.482,138.6605,138.125,17.850000000001387,4.3,1.0.0-FROZEN,e25d59830e183890a91446bde99d5a63ee31306e90a09c8106c9b7ead5a8c639,22.547259971191433,0.11900000000000384,-1,9
SIG_USDJPY_202308151145,2023-08-15 11:45:00+00:00,USDJPY,1,145.643,145.654,145.47885714285715,145.9712857142857,17.514285714284483,4.33,1.0.0-FROZEN,e25d59830e183890a91446bde99d5a63ee31306e90a09c8106c9b7ead5a8c639,23.711915087911713,0.10942857142857017,1,11
SIG_USDJPY_202308281015,2023-08-28 10:15:00+00:00,USDJPY,1,146.429,146.438,146.33042857142857,146.62614285714287,10.757142857141844,6.97,1.0.0-FROZEN,e25d59830e183890a91446bde99d5a63ee31306e90a09c8106c9b7ead5a8c639,37.41448220346117,0.06571428571428888,1,10
SIG_USDJPY_202309271545,2023-09-27 15:45:00+00:00,USDJPY,1,149.188,149.194,149.08889285714284,149.3862142857143,10.51071428571504,7.25,1.0.0-FROZEN,e25d59830e183890a91446bde99d5a63ee31306e90a09c8106c9b7ead5a8c639,26.597632893384567,0.06607142857143344,1,15
SIG_USDJPY_202310021700,2023-10-02 17:00:00+00:00,USDJPY,1,149.841,149.85,149.75132142857143,150.02035714285716,9.867857142856451,7.85,1.0.0-FROZEN,e25d59830e183890a91446bde99d5a63ee31306e90a09c8106c9b7ead5a8c639,22.440650624954056,0.05978571428571554,1,17
SIG_USDJPY_202310021730,2023-10-02 17:30:00+00:00,USDJPY,1,149.837,149.84599999999998,149.73864285714285,150.03371428571427,10.735714285712561,7.13,1.0.0-FROZEN,e25d59830e183890a91446bde99d5a63ee31306e90a09c8106c9b7ead5a8c639,22.643134240146395,0.06557142857143106,1,17
SIG_USDJPY_202310162000,2023-10-16 20:00:00+00:00,USDJPY,1,149.592,149.601,149.5082142857143,149.75957142857146,9.278571428569649,8.15,1.0.0-FROZEN,e25d59830e183890a91446bde99d5a63ee31306e90a09c8106c9b7ead5a8c639,27.245940170293885,0.05585714285714768,1,20
SIG_USDJPY_202310201030,2023-10-20 10:30:00+00:00,USDJPY,1,149.894,149.904,149.8387142857143,150.00457142857144,6.5285714285693075,11.45,1.0.0-FROZEN,e25d59830e183890a91446bde99d5a63ee31306e90a09c8106c9b7ead5a8c639,28.648050821928113,0.03685714285714222,1,10
SIG_USDJPY_202311091000,2023-11-09 10:00:00+00:00,USDJPY,1,150.944,150.95299999999997,150.8402857142857,151.15142857142854,11.271428571427577,6.55,1.0.0-FROZEN,e25d59830e183890a91446bde99d5a63ee31306e90a09c8106c9b7ead5a8c639,27.927701126986513,0.06914285714285232,1,10
SIG_USDJPY_202311091445,2023-11-09 14:45:00+00:00,USDJPY,1,151.106,151.113,151.02317857142856,151.27164285714287,8.982142857144026,8.35,1.0.0-FROZEN,e25d59830e183890a91446bde99d5a63ee31306e90a09c8106c9b7ead5a8c639,41.22703238755846,0.05521428571428747,1,14
SIG_USDJPY_202311101615,2023-11-10 16:15:00+00:00,USDJPY,1,151.417,151.42399999999998,151.34660714285715,151.55778571428573,7.739285714282573,9.57,1.0.0-FROZEN,e25d59830e183890a91446bde99d5a63ee31306e90a09c8106c9b7ead5a8c639,28.92781413140803,0.04692857142857422,1,16
SIG_USDJPY_202312121500,2023-12-12 15:00:00+00:00,USDJPY,-1,145.039,145.038,145.2180357142857,144.68092857142855,18.003571428567966,4.18,1.0.0-FROZEN,e25d59830e183890a91446bde99d5a63ee31306e90a09c8106c9b7ead5a8c639,42.48624306655808,0.1193571428571423,-1,15
SIG_USDJPY_202401091700,2024-01-09 17:00:00+00:00,USDJPY,-1,143.822,143.822,144.07282142857142,143.32035714285718,25.08214285714132,2.96,1.0.0-FROZEN,e25d59830e183890a91446bde99d5a63ee31306e90a09c8106c9b7ead5a8c639,22.50321859884114,0.16721428571427818,0,17
SIG_USDJPY_202401301100,2024-01-30 11:00:00+00:00,USDJPY,-1,147.369,147.369,147.54289285714285,147.02121428571428,17.389285714284597,4.23,1.0.0-FROZEN,e25d59830e183890a91446bde99d5a63ee31306e90a09c8106c9b7ead5a8c639,23.766355966754052,0.11592857142857074,0,11
SIG_USDJPY_202401311500,2024-01-31 15:00:00+00:00,USDJPY,1,147.814,147.82399999999998,147.65425,148.1335,16.97499999999934,4.28,1.0.0-FROZEN,e25d59830e183890a91446bde99d5a63ee31306e90a09c8106c9b7ead5a8c639,29.900022312403554,0.106500000000001,1,15
SIG_USDJPY_202402091700,2024-02-09 17:00:00+00:00,USDJPY,1,149.39,149.39899999999997,149.17142857142855,149.82714285714283,22.7571428571423,3.16,1.0.0-FROZEN,e25d59830e183890a91446bde99d5a63ee31306e90a09c8106c9b7ead5a8c639,41.43636063037015,0.14571428571428516,1,17
SIG_USDJPY_202403041715,2024-03-04 17:15:00+00:00,USDJPY,1,150.431,150.44099999999997,150.30960714285715,150.6737857142857,13.139285714282778,5.42,1.0.0-FROZEN,e25d59830e183890a91446bde99d5a63ee31306e90a09c8106c9b7ead5a8c639,24.208602823491592,0.08092857142857213,1,17
SIG_USDJPY_202403181730,2024-03-18 17:30:00+00:00,USDJPY,1,149.258,149.266,149.14228571428572,149.4894285714286,12.371428571427145,5.74,1.0.0-FROZEN,e25d59830e183890a91446bde99d5a63ee31306e90a09c8106c9b7ead5a8c639,22.31336528127992,0.077142857142856,1,17
SIG_USDJPY_202404021245,2024-04-02 12:45:00+00:00,USDJPY,1,151.672,151.68099999999998,151.58810714285715,151.8397857142857,9.289285714282869,7.56,1.0.0-FROZEN,e25d59830e183890a91446bde99d5a63ee31306e90a09c8106c9b7ead5a8c639,38.25495429999419,0.0559285714285705,1,12
SIG_USDJPY_202404041415,2024-04-04 14:15:00+00:00,USDJPY,1,151.71,151.719,151.64957142857145,151.83085714285713,6.942857142854564,9.99,1.0.0-FROZEN,e25d59830e183890a91446bde99d5a63ee31306e90a09c8106c9b7ead5a8c639,27.957658252669514,0.040285714285707694,1,14
SIG_USDJPY_202404191530,2024-04-19 15:30:00+00:00,USDJPY,1,154.541,154.54999999999998,154.46642857142857,154.69014285714286,8.357142857141753,8.19,1.0.0-FROZEN,e25d59830e183890a91446bde99d5a63ee31306e90a09c8106c9b7ead5a8c639,44.15941830977006,0.04971428571428963,1,15
SIG_USDJPY_202404221615,2024-04-22 16:15:00+00:00,USDJPY,1,154.742,154.75099999999998,154.67889285714284,154.86821428571426,7.210714285713493,9.38,1.0.0-FROZEN,e25d59830e183890a91446bde99d5a63ee31306e90a09c8106c9b7ead5a8c639,31.914437877468057,0.042071428571424416,1,16
SIG_USDJPY_202404301500,2024-04-30 15:00:00+00:00,USDJPY,1,156.973,156.97899999999998,156.86135714285717,157.19628571428572,11.764285714281186,5.78,1.0.0-FROZEN,e25d59830e183890a91446bde99d5a63ee31306e90a09c8106c9b7ead5a8c639,23.47738529449697,0.07442857142856951,1,15
SIG_USDJPY_202405081745,2024-05-08 17:45:00+00:00,USDJPY,1,155.59,155.595,155.45928571428573,155.85142857142856,13.571428571427191,5.1,1.0.0-FROZEN,e25d59830e183890a91446bde99d5a63ee31306e90a09c8106c9b7ead5a8c639,36.935108155826946,0.08714285714285504,0,17
SIG_USDJPY_202405131745,2024-05-13 17:45:00+00:00,USDJPY,1,155.914,155.927,155.8185357142857,156.10492857142856,10.8464285714291,6.31,1.0.0-FROZEN,e25d59830e183890a91446bde99d5a63ee31306e90a09c8106c9b7ead5a8c639,36.13331385053611,0.06364285714285854,1,17
SIG_USDJPY_202406131715,2024-06-13 17:15:00+00:00,USDJPY,1,157.138,157.147,156.92092857142856,157.57214285714286,22.607142857143003,3.07,1.0.0-FROZEN,e25d59830e183890a91446bde99d5a63ee31306e90a09c8106c9b7ead5a8c639,43.363437353788136,0.1447142857142885,1,17
SIG_USDJPY_202406210915,2024-06-21 09:15:00+00:00,USDJPY,1,158.992,159.00099999999998,158.92225,159.1315,7.874999999998522,8.72,1.0.0-FROZEN,e25d59830e183890a91446bde99d5a63ee31306e90a09c8106c9b7ead5a8c639,25.69914229942386,0.046500000000002775,1,9
SIG_USDJPY_202407011700,2024-07-01 17:00:00+00:00,USDJPY,1,161.325,161.33399999999997,161.16985714285713,161.6352857142857,16.414285714284915,4.13,1.0.0-FROZEN,e25d59830e183890a91446bde99d5a63ee31306e90a09c8106c9b7ead5a8c639,42.88655791473036,0.10342857142856994,1,17
SIG_USDJPY_202407101430,2024-07-10 14:30:00+00:00,USDJPY,1,161.512,161.51999999999998,161.43775,161.6605,8.224999999998772,8.39,1.0.0-FROZEN,e25d59830e183890a91446bde99d5a63ee31306e90a09c8106c9b7ead5a8c639,23.42032752449674,0.04950000000000289,1,14
SIG_USDJPY_202407151615,2024-07-15 16:15:00+00:00,USDJPY,-1,157.967,157.951,158.1204285714286,157.6601428571429,16.94285714285968,4.02,1.0.0-FROZEN,e25d59830e183890a91446bde99d5a63ee31306e90a09c8106c9b7ead5a8c639,29.565575615015945,0.10228571428571342,-1,16
SIG_USDJPY_202407290700,2024-07-29 07:00:00+00:00,USDJPY,-1,153.439,153.437,153.7984642857143,152.72007142857143,36.14642857142769,1.92,1.0.0-FROZEN,e25d59830e183890a91446bde99d5a63ee31306e90a09c8106c9b7ead5a8c639,39.73953488046123,0.2396428571428564,-1,7
SIG_USDJPY_202408021030,2024-08-02 10:30:00+00:00,USDJPY,-1,149.032,149.035,149.4042142857143,148.28757142857143,36.92142857142926,1.86,1.0.0-FROZEN,e25d59830e183890a91446bde99d5a63ee31306e90a09c8106c9b7ead5a8c639,45.644593731914064,0.24814285714286047,-1,10
SIG_USDJPY_202408231445,2024-08-23 14:45:00+00:00,USDJPY,1,146.03,146.041,145.85728571428572,146.37542857142859,18.371428571427373,3.8,1.0.0-FROZEN,e25d59830e183890a91446bde99d5a63ee31306e90a09c8106c9b7ead5a8c639,45.02454047235046,0.11514285714285677,0,14
SIG_USDJPY_202410111530,2024-10-11 15:30:00+00:00,USDJPY,1,149.191,149.202,149.03425000000001,149.5045,16.774999999998386,4.24,1.0.0-FROZEN,e25d59830e183890a91446bde99d5a63ee31306e90a09c8106c9b7ead5a8c639,48.59851256677907,0.10449999999999957,1,15
SIG_USDJPY_202410141015,2024-10-14 10:15:00+00:00,USDJPY,1,149.277,149.28699999999998,149.1993214285714,149.43235714285714,8.767857142856883,8.02,1.0.0-FROZEN,e25d59830e183890a91446bde99d5a63ee31306e90a09c8106c9b7ead5a8c639,23.704010366092678,0.05178571428571388,1,10
SIG_USDJPY_202411061515,2024-11-06 15:15:00+00:00,USDJPY,1,154.307,154.31699999999998,154.04889285714285,154.82321428571427,26.81071428571329,2.66,1.0.0-FROZEN,e25d59830e183890a91446bde99d5a63ee31306e90a09c8106c9b7ead5a8c639,26.44912132045468,0.17207142857142393,1,15
SIG_USDJPY_202411080815,2024-11-08 08:15:00+00:00,USDJPY,-1,152.86,152.861,153.05692857142859,152.46614285714287,19.592857142859543,3.6,1.0.0-FROZEN,e25d59830e183890a91446bde99d5a63ee31306e90a09c8106c9b7ead5a8c639,34.948063167891966,0.13128571428571587,0,8
SIG_USDJPY_202412021745,2024-12-02 17:45:00+00:00,USDJPY,-1,149.872,149.871,150.1797142857143,149.25657142857145,30.871428571430215,2.33,1.0.0-FROZEN,e25d59830e183890a91446bde99d5a63ee31306e90a09c8106c9b7ead5a8c639,24.852773786426592,0.20514285714285613,-1,17
SIG_USDJPY_202412100700,2024-12-10 07:00:00+00:00,USDJPY,1,151.19,151.19899999999998,151.00657142857142,151.55685714285713,19.24285714285645,3.81,1.0.0-FROZEN,e25d59830e183890a91446bde99d5a63ee31306e90a09c8106c9b7ead5a8c639,34.396566999984216,0.12228571428571351,0,7
SIG_USDJPY_202412241430,2024-12-24 14:30:00+00:00,USDJPY,1,157.143,157.154,157.06853571428573,157.29192857142857,8.546428571426645,8.48,1.0.0-FROZEN,e25d59830e183890a91446bde99d5a63ee31306e90a09c8106c9b7ead5a8c639,24.815319204060696,0.04964285714285462,1,14
SIG_USDJPY_202501221515,2025-01-22 15:15:00+00:00,USDJPY,1,155.884,155.89399999999998,155.75157142857142,156.14885714285714,14.242857142855314,5.16,1.0.0-FROZEN,e25d59830e183890a91446bde99d5a63ee31306e90a09c8106c9b7ead5a8c639,28.543920696303164,0.08828571428571357,0,15
SIG_USDJPY_202502140930,2025-02-14 09:30:00+00:00,USDJPY,-1,152.579,152.579,152.77785714285716,152.18128571428574,19.88571428571504,3.76,1.0.0-FROZEN,e25d59830e183890a91446bde99d5a63ee31306e90a09c8106c9b7ead5a8c639,30.505741376078525,0.13257142857142817,-1,9
SIG_USDJPY_202502191030,2025-02-19 10:30:00+00:00,USDJPY,-1,151.711,151.711,151.88564285714287,151.36171428571427,17.464285714285666,4.23,1.0.0-FROZEN,e25d59830e183890a91446bde99d5a63ee31306e90a09c8106c9b7ead5a8c639,37.341123318020564,0.1164285714285772,-1,10
SIG_USDJPY_202503170830,2025-03-17 08:30:00+00:00,USDJPY,1,148.887,148.897,148.6895357142857,149.28192857142858,20.746428571428055,3.52,1.0.0-FROZEN,e25d59830e183890a91446bde99d5a63ee31306e90a09c8106c9b7ead5a8c639,30.56416356539943,0.13164285714285637,1,8
SIG_USDJPY_202504080730,2025-04-08 07:30:00+00:00,USDJPY,1,147.607,147.618,147.3679642857143,148.08507142857144,25.003571428570126,2.89,1.0.0-FROZEN,e25d59830e183890a91446bde99d5a63ee31306e90a09c8106c9b7ead5a8c639,24.46925108898796,0.15935714285714248,0,7
SIG_USDJPY_202504091700,2025-04-09 17:00:00+00:00,USDJPY,-1,144.721,144.722,145.26282142857144,143.63735714285713,54.08214285714337,1.32,1.0.0-FROZEN,e25d59830e183890a91446bde99d5a63ee31306e90a09c8106c9b7ead5a8c639,27.732964139388802,0.36121428571428893,-1,17
SIG_USDJPY_202504180915,2025-04-18 09:15:00+00:00,USDJPY,-1,142.312,142.312,142.38185714285714,142.17228571428572,6.985714285713129,10.13,1.0.0-FROZEN,e25d59830e183890a91446bde99d5a63ee31306e90a09c8106c9b7ead5a8c639,29.289475234290926,0.04657142857142763,-1,9
SIG_USDJPY_202505190845,2025-05-19 08:45:00+00:00,USDJPY,-1,145.158,145.157,145.31860714285713,144.83678571428572,16.160714285712174,4.33,1.0.0-FROZEN,e25d59830e183890a91446bde99d5a63ee31306e90a09c8106c9b7ead5a8c639,23.94240695682192,0.10707142857142417,0,8
SIG_USDJPY_202506121445,2025-06-12 14:45:00+00:00,USDJPY,-1,143.611,143.611,143.82667857142854,143.17964285714285,21.567857142855473,3.3,1.0.0-FROZEN,e25d59830e183890a91446bde99d5a63ee31306e90a09c8106c9b7ead5a8c639,26.46893019995881,0.1437857142857106,0,14
SIG_USDJPY_202506171530,2025-06-17 15:30:00+00:00,USDJPY,1,144.826,144.82999999999998,144.62542857142856,145.22714285714284,20.457142857142685,3.55,1.0.0-FROZEN,e25d59830e183890a91446bde99d5a63ee31306e90a09c8106c9b7ead5a8c639,24.834238980104516,0.1337142857142847,1,15
SIG_USDJPY_202506241900,2025-06-24 19:00:00+00:00,USDJPY,-1,144.867,144.87,145.12221428571428,144.3565714285714,25.221428571427396,2.93,1.0.0-FROZEN,e25d59830e183890a91446bde99d5a63ee31306e90a09c8106c9b7ead5a8c639,24.71426407372934,0.17014285714285954,0,19
SIG_USDJPY_202507151045,2025-07-15 10:45:00+00:00,USDJPY,1,147.726,147.73499999999999,147.62303571428572,147.93192857142859,11.196428571426509,6.59,1.0.0-FROZEN,e25d59830e183890a91446bde99d5a63ee31306e90a09c8106c9b7ead5a8c639,22.1523048254456,0.06864285714285805,1,10
SIG_USDJPY_202507151530,2025-07-15 15:30:00+00:00,USDJPY,1,148.07,148.07999999999998,147.92589285714286,148.35821428571427,15.410714285712857,4.73,1.0.0-FROZEN,e25d59830e183890a91446bde99d5a63ee31306e90a09c8106c9b7ead5a8c639,23.038727233873697,0.09607142857142444,1,15
SIG_USDJPY_202507211030,2025-07-21 10:30:00+00:00,USDJPY,-1,148.081,148.08,148.27246428571428,147.6980714285714,19.246428571426577,3.75,1.0.0-FROZEN,e25d59830e183890a91446bde99d5a63ee31306e90a09c8106c9b7ead5a8c639,49.08987353599206,0.12764285714285556,0,10
SIG_USDJPY_202508060845,2025-08-06 08:45:00+00:00,USDJPY,-1,147.45,147.454,147.5742857142857,147.20142857142855,12.02857142856999,6.11,1.0.0-FROZEN,e25d59830e183890a91446bde99d5a63ee31306e90a09c8106c9b7ead5a8c639,36.1411814735419,0.08285714285714262,-1,8
SIG_USDJPY_202508271515,2025-08-27 15:15:00+00:00,USDJPY,1,148.075,148.08399999999997,147.93496428571427,148.35507142857142,14.903571428570217,4.87,1.0.0-FROZEN,e25d59830e183890a91446bde99d5a63ee31306e90a09c8106c9b7ead5a8c639,38.53612029664907,0.09335714285714403,1,15
SIG_USDJPY_202508281530,2025-08-28 15:30:00+00:00,USDJPY,-1,146.903,146.9,147.05996428571427,146.5890714285714,15.99642857142669,4.49,1.0.0-FROZEN,e25d59830e183890a91446bde99d5a63ee31306e90a09c8106c9b7ead5a8c639,47.49899053726058,0.10464285714285941,-1,15
SIG_USDJPY_202509260845,2025-09-26 08:45:00+00:00,USDJPY,1,149.711,149.725,149.63407142857142,149.86485714285718,9.092857142857724,7.81,1.0.0-FROZEN,e25d59830e183890a91446bde99d5a63ee31306e90a09c8106c9b7ead5a8c639,32.721328631782306,0.05128571428572367,1,8
SIG_USDJPY_202510241430,2025-10-24 14:30:00+00:00,USDJPY,1,152.954,152.962,152.8544642857143,153.15307142857142,10.753571428568875,6.69,1.0.0-FROZEN,e25d59830e183890a91446bde99d5a63ee31306e90a09c8106c9b7ead5a8c639,22.23681592637113,0.06635714285714098,1,14
SIG_USDJPY_202512030930,2025-12-03 09:30:00+00:00,USDJPY,-1,155.642,155.643,155.7437857142857,155.43842857142857,10.078571428570626,7.06,1.0.0-FROZEN,e25d59830e183890a91446bde99d5a63ee31306e90a09c8106c9b7ead5a8c639,26.502175270657954,0.06785714285714407,-1,9
SIG_USDJPY_202512031530,2025-12-03 15:30:00+00:00,USDJPY,-1,155.373,155.369,155.4987857142857,155.12142857142857,12.978571428570262,5.42,1.0.0-FROZEN,e25d59830e183890a91446bde99d5a63ee31306e90a09c8106c9b7ead5a8c639,57.30723885115073,0.08385714285713723,-1,15
SIG_USDJPY_202512311815,2025-12-31 18:15:00+00:00,USDJPY,1,156.784,156.79299999999998,156.63132142857143,157.08935714285712,16.16785714285527,4.3,1.0.0-FROZEN,e25d59830e183890a91446bde99d5a63ee31306e90a09c8106c9b7ead5a8c639,31.57675873097136,0.10178571428571306,1,18
SIG_USDJPY_202601131700,2026-01-13 17:00:00+00:00,USDJPY,1,158.999,159.009,158.82360714285713,159.3497857142857,18.539285714285825,3.71,1.0.0-FROZEN,e25d59830e183890a91446bde99d5a63ee31306e90a09c8106c9b7ead5a8c639,22.71303603158193,0.11692857142857147,1,17
SIG_USDJPY_202601200700,2026-01-20 07:00:00+00:00,USDJPY,-1,157.956,157.958,158.11017857142858,157.64764285714284,15.217857142857838,4.55,1.0.0-FROZEN,e25d59830e183890a91446bde99d5a63ee31306e90a09c8106c9b7ead5a8c639,27.499053725182964,0.10278571428571784,0,7
SIG_USDJPY_202601261330,2026-01-26 13:30:00+00:00,USDJPY,-1,153.691,153.681,154.07157142857142,152.92985714285714,39.05714285714055,1.75,1.0.0-FROZEN,e25d59830e183890a91446bde99d5a63ee31306e90a09c8106c9b7ead5a8c639,22.40257659130365,0.25371428571428517,-1,13
SIG_USDJPY_202603230700,2026-03-23 07:00:00+00:00,USDJPY,1,159.43,159.439,159.2787142857143,159.73257142857145,16.028571428569194,4.22,1.0.0-FROZEN,e25d59830e183890a91446bde99d5a63ee31306e90a09c8106c9b7ead5a8c639,25.190543928261516,0.1008571428571433,1,7
SIG_USDJPY_202604131145,2026-04-13 11:45:00+00:00,USDJPY,1,159.71,159.719,159.61142857142858,159.90714285714287,10.757142857141844,6.22,1.0.0-FROZEN,e25d59830e183890a91446bde99d5a63ee31306e90a09c8106c9b7ead5a8c639,37.20104918837378,0.06571428571428685,1,11
SIG_USDJPY_202604241115,2026-04-24 11:15:00+00:00,USDJPY,1,159.734,159.744,159.63114285714286,159.93971428571427,11.285714285713766,5.86,1.0.0-FROZEN,e25d59830e183890a91446bde99d5a63ee31306e90a09c8106c9b7ead5a8c639,33.95993525049998,0.06857142857142508,1,11
SIG_USDJPY_202604271415,2026-04-27 14:15:00+00:00,USDJPY,-1,159.135,159.135,159.2312142857143,158.94257142857143,9.621428571429647,6.8,1.0.0-FROZEN,e25d59830e183890a91446bde99d5a63ee31306e90a09c8106c9b7ead5a8c639,30.25373757111814,0.06414285714285686,0,14
SIG_USDJPY_202605131945,2026-05-13 19:45:00+00:00,USDJPY,1,157.856,157.86499999999998,157.76214285714286,158.0437142857143,10.285714285711833,6.28,1.0.0-FROZEN,e25d59830e183890a91446bde99d5a63ee31306e90a09c8106c9b7ead5a8c639,22.065870791038485,0.06257142857142688,1,19
SIG_USDJPY_202605221700,2026-05-22 17:00:00+00:00,USDJPY,1,159.168,159.177,159.0887142857143,159.32657142857144,8.828571428568921,7.23,1.0.0-FROZEN,e25d59830e183890a91446bde99d5a63ee31306e90a09c8106c9b7ead5a8c639,28.553971987718604,0.05285714285714148,1,17
SIG_USDJPY_202605221800,2026-05-22 18:00:00+00:00,USDJPY,1,159.115,159.123,159.0244642857143,159.29607142857142,9.853571428570262,6.4,1.0.0-FROZEN,e25d59830e183890a91446bde99d5a63ee31306e90a09c8106c9b7ead5a8c639,34.373889368664074,0.06035714285714074,1,18
SIG_USDJPY_202605291915,2026-05-29 19:15:00+00:00,USDJPY,-1,159.233,159.233,159.32396428571428,159.05107142857145,9.09642857142785,6.85,1.0.0-FROZEN,e25d59830e183890a91446bde99d5a63ee31306e90a09c8106c9b7ead5a8c639,27.500292150734488,0.060642857142856395,0,19
SIG_USDJPY_202606051645,2026-06-05 16:45:00+00:00,USDJPY,1,160.145,160.154,159.97164285714288,160.4917142857143,18.235714285711424,3.38,1.0.0-FROZEN,e25d59830e183890a91446bde99d5a63ee31306e90a09c8106c9b7ead5a8c639,23.09508523375783,0.11557142857142619,1,16
SIG_USDJPY_202606261630,2026-06-26 16:30:00+00:00,USDJPY,-1,161.631,161.631,161.69421428571428,161.5045714285714,6.3214285714281,9.79,1.0.0-FROZEN,e25d59830e183890a91446bde99d5a63ee31306e90a09c8106c9b7ead5a8c639,34.036868399707075,0.04214285714285942,0,16
SIG_USDJPY_202607151400,2026-07-15 14:00:00+00:00,USDJPY,1,162.347,162.356,162.26064285714287,162.5197142857143,9.535714285712515,6.41,1.0.0-FROZEN,e25d59830e183890a91446bde99d5a63ee31306e90a09c8106c9b7ead5a8c639,27.64286245838749,0.0575714285714294,1,14
SIG_USDJPY_202607201645,2026-07-20 16:45:00+00:00,USDJPY,1,162.476,162.48499999999999,162.40335714285715,162.6212857142857,8.164285714283892,7.39,1.0.0-FROZEN,e25d59830e183890a91446bde99d5a63ee31306e90a09c8106c9b7ead5a8c639,29.780905485501954,0.048428571428573264,1,16
SIG_USDJPY_202608031600,2026-08-03 16:00:00+00:00,USDJPY,-1,156.788,156.788,157.04332142857143,156.27735714285714,25.53214285714205,2.36,1.0.0-FROZEN,e25d59830e183890a91446bde99d5a63ee31306e90a09c8106c9b7ead5a8c639,29.517936252386228,0.17021428571428845,-1,16
SIG_USDJPY_202608271530,2026-08-27 15:30:00+00:00,USDJPY,1,159.417,159.426,159.33010714285714,159.59078571428572,9.589285714284301,6.41,1.0.0-FROZEN,e25d59830e183890a91446bde99d5a63ee31306e90a09c8106c9b7ead5a8c639,32.62415260102918,0.05792857142857193,1,15
