position_id,symbol,direction,entry_time,entry_price,stop_loss,take_profit,lot_size,risk_pips,risk_usd,spread_paid_pips,commission_paid_usd,slippage_paid_pips,max_favorable_pips,max_adverse_pips,holding_bars,is_open,exit_time,exit_price,exit_reason,gross_pnl_pips,net_pnl_pips,net_pnl_usd,pnl_r_multiple
POS_EURUSD_202301200915,EURUSD,1,2023-01-20 09:15:00+00:00,1.08346,1.0825453571428572,1.0850492857142857,10.93,9.146428571429333,1000.0,0.8,7.0,0.2,24.499999999998412,0.9999999999998899,4,False,2023-01-20 10:00:00+00:00,1.0850492857142857,TAKE_PROFIT,15.892857142856265,14.192857142856266,1551.7376023291438,1.5517376023291438
POS_EURUSD_202302071130,EURUSD,-1,2023-02-07 11:30:00+00:00,1.0723799999999999,1.0741049999999999,1.06893,5.89,17.249999999999766,1015.5173760232915,0.8,7.0,0.2,35.69999999999851,2.000000000002,16,False,2023-02-07 15:15:00+00:00,1.06893,TAKE_PROFIT,34.49999999999953,32.79999999999953,1930.9547786453902,1.9014492752520884
POS_EURUSD_202302270715,EURUSD,-1,2023-02-27 07:15:00+00:00,1.05472,1.055357857142857,1.0534742857142856,16.22,6.378571428569124,1034.8269238097453,0.8,7.0,0.2,14.200000000001989,1.1999999999989797,6,False,2023-02-27 08:30:00+00:00,1.0534742857142856,TAKE_PROFIT,12.457142857145165,10.757142857145165,1745.1840392094603,1.6864501677097024
POS_EURUSD_202303161530,EURUSD,-1,2023-03-16 15:30:00+00:00,1.05761,1.0602475,1.052305,3.99,26.375000000000703,1052.27876420184,0.8,7.0,0.2,9.699999999999154,45.20000000000079,2,False,2023-03-16 15:45:00+00:00,1.0602475,STOP_LOSS,-26.375000000000703,-28.075000000000703,-1120.1033669704836,-1.0644549762629574
POS_EURUSD_202305231200,EURUSD,-1,2023-05-23 12:00:00+00:00,1.08033,1.0817239285714286,1.0775421428571428,7.47,13.939285714286154,1041.077730532135,0.8,7.0,0.2,30.300000000000882,0.4999999999988347,5,False,2023-05-23 13:00:00+00:00,1.0775421428571428,TAKE_PROFIT,27.878571428572307,26.178571428572308,1955.1882562780202,1.8780425312513869
POS_EURUSD_202306160845,EURUSD,1,2023-06-16 08:45:00+00:00,1.0944200000000002,1.0937885714285713,1.095472857142857,16.8,6.314285714288381,1060.6296130949154,0.8,7.0,0.2,13.799999999999368,4.900000000001015,3,False,2023-06-16 09:15:00+00:00,1.095472857142857,TAKE_PROFIT,10.528571428567446,8.828571428567447,1482.9617664893165,1.3981900450262148
POS_EURUSD_202306221030,EURUSD,1,2023-06-22 10:30:00+00:00,1.0991900000000001,1.0983764285714288,1.1006071428571427,13.22,8.135714285713025,1075.4592307598086,0.8,7.0,0.2,14.499999999999513,6.00000000000156,11,False,2023-06-22 13:00:00+00:00,1.1006071428571427,TAKE_PROFIT,14.171428571425615,12.471428571425616,1648.59685397337,1.5329236170195324
POS_EURUSD_202306261300,EURUSD,-1,2023-06-26 13:00:00+00:00,1.08966,1.0907067857142858,1.0875664285714288,10.43,10.467857142857362,1091.9451992995423,0.8,7.0,0.2,2.500000000000835,10.799999999999699,2,False,2023-06-26 13:15:00+00:00,1.0907067857142858,STOP_LOSS,-10.467857142857362,-12.167857142857361,-1269.2791858267253,-1.1624019104996648
POS_EURUSD_202307041500,EURUSD,-1,2023-07-04 15:00:00+00:00,1.08983,1.0906817857142859,1.0881264285714287,12.67,8.51785714285791,1079.252407441275,0.8,7.0,0.2,4.500000000000615,8.699999999999264,10,False,2023-07-04 17:15:00+00:00,1.0906817857142859,STOP_LOSS,-8.51785714285791,-10.217857142857909,-1294.6503720448382,-1.1995807126474105
POS_EURUSD_202307191630,EURUSD,-1,2023-07-19 16:30:00+00:00,1.1213899999999999,1.1225139285714285,1.1191421428571429,9.49,11.239285714286229,1066.3059037208266,0.8,7.0,0.2,23.899999999998922,10.80000000000192,3,False,2023-07-19 17:00:00+00:00,1.1191421428571429,TAKE_PROFIT,22.478571428570238,20.77857142857024,1971.3275333000183,1.8487448361874013
POS_EURUSD_202308031645,EURUSD,-1,2023-08-03 16:45:00+00:00,1.0919699999999999,1.0940099999999997,1.08789,5.32,20.399999999998197,1086.0191790538267,0.8,7.0,0.2,4.099999999997994,23.300000000001653,3,False,2023-08-03 17:15:00+00:00,1.0940099999999997,STOP_LOSS,-20.399999999998197,-22.099999999998197,-1176.5207772506478,-1.0833333332802362
POS_EURUSD_202308111800,EURUSD,-1,2023-08-11 18:00:00+00:00,1.09723,1.0994135714285713,1.0928628571428571,4.92,21.83571428571396,1074.2539712813202,0.8,7.0,0.2,32.59999999999818,3.300000000001635,32,False,2023-08-14 01:45:00+00:00,1.09423,TIME_LIMIT_32,29.999999999998916,28.299999999998917,1392.2781269288757,1.2960418710560884
POS_EURUSD_202308301515,EURUSD,1,2023-08-30 15:15:00+00:00,1.0886600000000002,1.0873607142857145,1.0910185714285714,8.38,12.99285714285725,1088.176752550609,0.8,7.0,0.2,33.39999999999898,0.8000000000008001,2,False,2023-08-30 15:30:00+00:00,1.0910185714285714,TAKE_PROFIT,23.5857142857121,21.8857142857121,1832.9706264750357,1.6844420009696794
POS_EURUSD_202309181700,EURUSD,-1,2023-09-18 17:00:00+00:00,1.06624,1.0671728571428571,1.0643442857142857,11.86,9.328571428570687,1106.5064588153596,0.8,7.0,0.2,2.900000000001235,12.699999999998823,3,False,2023-09-18 17:30:00+00:00,1.0671728571428571,STOP_LOSS,-9.328571428570687,-11.028571428570686,-1308.1515866981583,-1.1822358344827764
POS_EURUSD_202309201600,EURUSD,1,2023-09-20 16:00:00+00:00,1.0698800000000002,1.0690482142857143,1.0713335714285714,13.15,8.31785714285882,1093.424942948378,0.8,7.0,0.2,15.299999999998093,1.6000000000016001,3,False,2023-09-20 16:30:00+00:00,1.0713335714285714,TAKE_PROFIT,14.535714285712764,12.835714285712765,1687.3204141188332,1.5431515670102047
POS_EURUSD_202310061030,EURUSD,1,2023-10-06 10:30:00+00:00,1.05441,1.0536653571428571,1.0556292857142857,14.91,7.446428571429298,1110.2981470895663,0.8,7.0,0.2,13.399999999998968,1.900000000001345,9,False,2023-10-06 12:30:00+00:00,1.0556292857142857,TAKE_PROFIT,12.19285714285645,10.492857142856451,1564.5352305566153,1.4091127096426705
POS_EURUSD_202310111145,EURUSD,1,2023-10-11 11:45:00+00:00,1.0612400000000002,1.0596342857142858,1.0642114285714286,7.01,16.057142857144324,1125.9434993951324,0.8,7.0,0.2,2.3999999999979593,31.500000000002082,16,False,2023-10-11 15:30:00+00:00,1.0596342857142858,STOP_LOSS,-16.057142857144324,-17.757142857144324,-1245.1492612642144,-1.1058718860521157
POS_EURUSD_202310131615,EURUSD,-1,2023-10-13 16:15:00+00:00,1.05279,1.0541174999999998,1.0501349999999998,8.39,13.27499999999926,1113.4920067824903,0.8,7.0,0.2,28.399999999999537,1.900000000001345,7,False,2023-10-13 17:45:00+00:00,1.0501349999999998,TAKE_PROFIT,26.55000000000074,24.85000000000074,2084.38993344353,1.8719397362056638
POS_EURUSD_202310132100,EURUSD,-1,2023-10-13 21:00:00+00:00,1.05051,1.0516446428571429,1.0482407142857142,10.0,11.346428571428202,1134.3359061169256,0.8,7.0,0.2,2.80000000000058,14.499999999999513,15,False,2023-10-16 00:30:00+00:00,1.0516446428571429,STOP_LOSS,-11.346428571428202,-13.046428571428201,-1304.2899164872347,-1.1498268806037342
POS_EURUSD_202310261815,EURUSD,-1,2023-10-26 18:15:00+00:00,1.05394,1.0557989285714287,1.050222142857143,6.03,18.58928571428553,1121.2930069520532,0.8,7.0,0.2,14.500000000001734,25.0999999999979,14,False,2023-10-26 21:30:00+00:00,1.0557989285714287,STOP_LOSS,-18.58928571428553,-20.28928571428553,-1223.8358447938417,-1.0914505282794233
POS_EURUSD_202312061730,EURUSD,-1,2023-12-06 17:30:00+00:00,1.07881,1.0801757142857142,1.0760485714285715,8.12,13.657142857141924,1109.0546485041148,0.8,7.0,0.2,29.399999999999427,12.199999999999989,21,False,2023-12-06 22:30:00+00:00,1.0760485714285715,TAKE_PROFIT,27.614285714285813,25.914285714285814,2104.4195943925733,1.8974895396101534
POS_EURUSD_202312070815,EURUSD,-1,2023-12-07 08:15:00+00:00,1.07613,1.0766428571428572,1.0751642857142856,22.04,5.128571428572037,1130.0988444480406,0.8,7.0,0.2,0.2999999999997449,5.599999999998939,2,False,2023-12-07 08:30:00+00:00,1.0766428571428572,STOP_LOSS,-5.128571428572037,-6.828571428572038,-1504.6998538741461,-1.3314763228601185
POS_EURUSD_202401101000,EURUSD,-1,2024-01-10 10:00:00+00:00,1.09263,1.0934935714285714,1.0909028571428572,12.91,8.63571428571408,1115.0518459092991,0.8,7.0,0.2,3.5000000000007248,15.799999999999148,2,False,2024-01-10 10:15:00+00:00,1.0934935714285714,STOP_LOSS,-8.63571428571408,-10.33571428571408,-1334.5575027658592,-1.1968569063957366
POS_EURUSD_202401292015,EURUSD,-1,2024-01-29 20:15:00+00:00,1.08103,1.0818882142857142,1.0793135714285715,12.84,8.582142857143094,1101.7062708816404,0.8,7.0,0.2,1.1999999999989797,9.700000000001374,6,False,2024-01-29 21:30:00+00:00,1.0818882142857142,STOP_LOSS,-8.582142857143094,-10.282142857143093,-1319.938557427651,-1.198085726036006
POS_EURUSD_202401311800,EURUSD,1,2024-01-31 18:00:00+00:00,1.0862,1.0843210714285714,1.0897178571428572,5.79,18.78928571428684,1088.506885307364,0.8,7.0,0.2,5.999999999999339,20.299999999999763,6,False,2024-01-31 19:15:00+00:00,1.0843210714285714,STOP_LOSS,-18.78928571428684,-20.48928571428684,-1186.9918267774108,-1.0904770955511571
POS_EURUSD_202402021100,EURUSD,1,2024-02-02 11:00:00+00:00,1.0880100000000001,1.086949642857143,1.0898907142857144,10.15,10.603571428571268,1076.6369670395898,0.8,7.0,0.2,17.499999999999183,69.20000000000037,19,False,2024-02-02 15:30:00+00:00,1.086949642857143,STOP_LOSS,-10.603571428571268,-12.303571428571267,-1249.247002728732,-1.1603233410828955
POS_EURUSD_202402071645,EURUSD,1,2024-02-07 16:45:00+00:00,1.0775700000000001,1.0764357142857144,1.0795985714285714,9.38,11.342857142857543,1064.1444970123025,0.8,7.0,0.2,0.7999999999985796,11.500000000002064,2,False,2024-02-07 17:00:00+00:00,1.0764357142857144,STOP_LOSS,-11.342857142857543,-13.042857142857542,-1223.6321482198657,-1.1498740553142375
POS_EURUSD_202402141000,EURUSD,-1,2024-02-14 10:00:00+00:00,1.07076,1.071410357142857,1.0694592857142857,16.17,6.503571428571053,1051.9081755301038,0.8,7.0,0.2,13.099999999999223,0.8000000000008001,3,False,2024-02-14 10:30:00+00:00,1.0694592857142857,TAKE_PROFIT,13.007142857142107,11.307142857142107,1828.852983644262,1.7386051617315559
POS_EURUSD_202402291645,EURUSD,1,2024-02-29 16:45:00+00:00,1.08443,1.0831317857142857,1.0867864285714284,8.24,12.982142857143053,1070.1967053665464,0.8,7.0,0.2,11.699999999998933,25.299999999999212,5,False,2024-02-29 17:45:00+00:00,1.0831317857142857,STOP_LOSS,-12.982142857143053,-14.682142857143052,-1210.3380069939394,-1.1309491058276002
POS_EURUSD_202403040945,EURUSD,1,2024-03-04 09:45:00+00:00,1.085,1.0844624999999999,1.0858349999999999,19.69,5.375000000000796,1058.093325296607,0.8,7.0,0.2,8.00000000000134,10.200000000000209,3,False,2024-03-04 10:15:00+00:00,1.0844624999999999,STOP_LOSS,-5.375000000000796,-7.075000000000796,-1392.746097689392,-1.316279069522506
POS_EURUSD_202403041115,EURUSD,1,2024-03-04 11:15:00+00:00,1.0847,1.083828214285714,1.0862035714285714,11.98,8.71785714285922,1044.165864319713,0.8,7.0,0.2,16.499999999999293,6.999999999999229,25,False,2024-03-04 17:15:00+00:00,1.0862035714285714,TAKE_PROFIT,15.03571428571382,13.33571428571382,1597.2615063177016,1.5297009420609027
POS_EURUSD_202404180830,EURUSD,1,2024-04-18 08:30:00+00:00,1.068,1.0674067857142857,1.0689464285714285,17.87,5.932142857143496,1060.1384793828902,0.8,7.0,0.2,9.999999999998899,0.9000000000014552,4,False,2024-04-18 09:15:00+00:00,1.0689464285714285,TAKE_PROFIT,9.464285714284593,7.764285714284592,1387.5623442440121,1.3088500900860767
POS_EURUSD_202405060945,EURUSD,1,2024-05-06 09:45:00+00:00,1.07648,1.0759760714285715,1.0772778571428574,21.31,5.03928571428558,1074.0141028253302,0.8,7.0,0.2,4.699999999999704,7.100000000002105,6,False,2024-05-06 11:00:00+00:00,1.0759760714285715,STOP_LOSS,-5.03928571428558,-6.73928571428558,-1436.3321131319906,-1.3373493973249857
POS_EURUSD_202405141545,EURUSD,1,2024-05-14 15:45:00+00:00,1.08057,1.0795417857142857,1.0824764285714286,10.31,10.282142857143128,1059.6507816940102,0.8,7.0,0.2,19.899999999999363,5.699999999999594,9,False,2024-05-14 17:45:00+00:00,1.0824764285714286,TAKE_PROFIT,19.06428571428531,17.364285714285312,1789.5179229228752,1.6887808265116016
POS_EURUSD_202405300945,EURUSD,-1,2024-05-30 09:45:00+00:00,1.07937,1.0798132142857144,1.0784535714285715,24.31,4.432142857144772,1077.5459609232391,0.8,7.0,0.2,3.1999999999987594,7.500000000000284,2,False,2024-05-30 10:00:00+00:00,1.0798132142857144,STOP_LOSS,-4.432142857144772,-6.132142857144772,-1490.8512606668346,-1.3835616435232854
POS_EURUSD_202406070715,EURUSD,1,2024-06-07 07:15:00+00:00,1.08956,1.089110357142857,1.0902192857142858,23.63,4.496428571429956,1062.6374483165707,0.8,7.0,0.2,1.2999999999996348,4.60000000000127,6,False,2024-06-07 08:30:00+00:00,1.089110357142857,STOP_LOSS,-4.496428571429956,-6.196428571429956,-1464.3971186807494,-1.3780778392486035
POS_EURUSD_202406191615,EURUSD,1,2024-06-19 16:15:00+00:00,1.07474,1.0738032142857143,1.0764035714285713,11.19,9.367857142856817,1047.9934771297633,0.8,7.0,0.2,3.5000000000007248,11.099999999999444,32,False,2024-06-20 00:00:00+00:00,1.0738032142857143,STOP_LOSS,-9.367857142856817,-11.067857142856816,-1238.1745273650265,-1.1814715972814351
POS_EURUSD_202407091815,EURUSD,-1,2024-07-09 18:15:00+00:00,1.08061,1.0815789285714286,1.078612142857143,10.69,9.689285714284956,1035.611731856113,0.8,7.0,0.2,0.6000000000017103,10.099999999999554,4,False,2024-07-09 19:00:00+00:00,1.0815789285714286,STOP_LOSS,-9.689285714284956,-11.389285714284956,-1217.3113942308646,-1.175451529550649
POS_EURUSD_202407101715,EURUSD,1,2024-07-10 17:15:00+00:00,1.0823800000000001,1.0817214285714285,1.0834571428571431,15.54,6.585714285716193,1023.4386179138043,0.8,7.0,0.2,9.199999999998099,6.40000000000196,32,False,2024-07-11 01:00:00+00:00,1.08325,TIME_LIMIT_32,8.699999999999264,6.999999999999264,1087.8197889401708,1.0629067243501151
POS_EURUSD_202408071915,EURUSD,1,2024-08-07 19:15:00+00:00,1.0926900000000002,1.0916960714285715,1.0944378571428572,10.41,9.939285714286594,1034.3168158032058,0.8,7.0,0.2,0.09999999999843467,12.100000000001554,20,False,2024-08-08 00:00:00+00:00,1.0916960714285715,STOP_LOSS,-9.939285714286594,-11.639285714286594,-1211.2247583052322,-1.1710384476004552
POS_EURUSD_202409051015,EURUSD,1,2024-09-05 10:15:00+00:00,1.1086500000000001,1.1081189285714286,1.109472142857143,19.25,5.310714285715612,1022.2045682201534,0.8,7.0,0.2,3.5999999999991594,5.800000000000249,1,False,2024-09-05 10:15:00+00:00,1.1081189285714286,STOP_LOSS,-5.310714285715612,-7.010714285715612,-1349.4200181830547,-1.3201075989443518
POS_EURUSD_202409051045,EURUSD,1,2024-09-05 10:45:00+00:00,1.10837,1.1076957142857145,1.1094185714285716,14.96,6.742857142856273,1008.7103680383229,0.8,7.0,0.2,10.499999999999954,2.100000000000435,2,False,2024-09-05 11:00:00+00:00,1.1094185714285716,TAKE_PROFIT,10.485714285715098,8.785714285715098,1314.3154157875083,1.3029661015019673
POS_EURUSD_202409061545,EURUSD,1,2024-09-06 15:45:00+00:00,1.11349,1.1119314285714286,1.116367142857143,6.56,15.585714285715202,1021.853522196198,0.8,7.0,0.2,0.8999999999992347,17.20000000000166,1,False,2024-09-06 15:45:00+00:00,1.1119314285714286,STOP_LOSS,-15.585714285715202,-17.2857142857152,-1133.3114223446935,-1.1090742437418495
POS_EURUSD_202410091415,EURUSD,-1,2024-10-09 14:15:00+00:00,1.09639,1.0971185714285714,1.0949328571428572,13.87,7.285714285714118,1010.5204079727512,0.8,7.0,0.2,17.599999999999838,2.80000000000058,9,False,2024-10-09 16:15:00+00:00,1.0949328571428572,TAKE_PROFIT,14.571428571428235,12.871428571428236,1785.2527205068204,1.7666666664241777
POS_EURUSD_202410251215,EURUSD,1,2024-10-25 12:15:00+00:00,1.08261,1.0817464285714284,1.0841571428571428,11.91,8.6357142857163,1028.3729351778193,0.8,7.0,0.2,12.999999999998568,15.400000000000968,26,False,2024-10-25 18:30:00+00:00,1.0817464285714284,STOP_LOSS,-8.6357142857163,-10.3357142857163,-1230.815249817976,-1.196856906395686
POS_EURUSD_202410311345,EURUSD,1,2024-10-31 13:45:00+00:00,1.0866,1.0856296428571428,1.0883007142857142,10.47,9.703571428572033,1016.0647826796396,0.8,7.0,0.2,19.700000000000273,1.8999999999991246,4,False,2024-10-31 14:30:00+00:00,1.0883007142857142,TAKE_PROFIT,17.007142857141666,15.307142857141667,1602.8169518275806,1.5774751562597373
POS_EURUSD_202412061100,EURUSD,1,2024-12-06 11:00:00+00:00,1.05826,1.0573114285714285,1.0599471428571428,10.88,9.485714285715208,1032.0929521979156,0.8,7.0,0.2,0.8000000000008001,11.399999999999189,3,False,2024-12-06 11:30:00+00:00,1.0573114285714285,STOP_LOSS,-9.485714285715208,-11.185714285715207,-1217.0614179002434,-1.179216867345547
POS_EURUSD_202412061145,EURUSD,1,2024-12-06 11:45:00+00:00,1.05797,1.0568089285714286,1.0600521428571428,8.78,11.610714285714696,1019.922338018913,0.8,7.0,0.2,49.89999999999828,8.300000000001084,16,False,2024-12-06 15:30:00+00:00,1.0600521428571428,TAKE_PROFIT,20.821428571426992,19.121428571426993,1679.6875414587216,1.6468778835860483
POS_EURUSD_202412262000,EURUSD,1,2024-12-26 20:00:00+00:00,1.0412400000000002,1.0401449999999999,1.04316,9.47,10.950000000002902,1036.7192134335003,0.8,7.0,0.2,17.499999999999183,0.8000000000008001,32,False,2024-12-27 03:45:00+00:00,1.0413000000000001,TIME_LIMIT_32,0.5999999999994898,-1.1000000000005101,-104.14530910255084,-0.10045662099541205
POS_EURUSD_202501090930,EURUSD,-1,2025-01-09 09:30:00+00:00,1.03034,1.0311235714285714,1.028712857142857,13.22,7.83571428571328,1035.6777603424748,0.8,7.0,0.2,19.800000000000928,0.1999999999990898,3,False,2025-01-09 10:00:00+00:00,1.028712857142857,TAKE_PROFIT,16.27142857143049,14.571428571430491,1925.9641119686082,1.859617137411289
POS_EURUSD_202501141145,EURUSD,1,2025-01-14 11:45:00+00:00,1.02631,1.024792142857143,1.0290157142857144,6.95,15.178571428571264,1054.937401462161,0.8,7.0,0.2,1.8999999999991246,21.100000000000563,10,False,2025-01-14 14:00:00+00:00,1.024792142857143,STOP_LOSS,-15.178571428571264,-16.878571428571263,-1173.0903903486383,-1.11199999992674
POS_EURUSD_202502111000,EURUSD,-1,2025-02-11 10:00:00+00:00,1.03032,1.030857857142857,1.0292442857142856,19.4,5.378571428571455,1043.2064975586745,0.8,7.0,0.2,3.4000000000000696,5.5000000000005045,2,False,2025-02-11 10:15:00+00:00,1.030857857142857,STOP_LOSS,-5.378571428571455,-7.078571428571455,-1372.931791352503,-1.3160690568602247
POS_EURUSD_202503040900,EURUSD,1,2025-03-04 09:00:00+00:00,1.0487600000000001,1.0477075,1.0504749999999998,9.78,10.525000000001228,1029.4771796451496,0.8,7.0,0.2,29.69999999999917,6.500000000000394,6,False,2025-03-04 10:15:00+00:00,1.0504749999999998,TAKE_PROFIT,17.14999999999689,15.44999999999689,1511.2040307839716,1.467933491546523
POS_EURUSD_202503061045,EURUSD,1,2025-03-06 10:45:00+00:00,1.0809900000000001,1.0789607142857143,1.0847785714285714,5.15,20.292857142858445,1044.5892199529894,0.8,7.0,0.2,7.099999999999884,23.600000000001398,3,False,2025-03-06 11:15:00+00:00,1.0789607142857143,STOP_LOSS,-20.292857142858445,-21.992857142858444,-1132.0979261093785,-1.0837733192003718
POS_EURUSD_202503101700,EURUSD,1,2025-03-10 17:00:00+00:00,1.0846200000000001,1.0829710714285714,1.0876478571428572,6.27,16.489285714287316,1033.2682406918957,0.8,7.0,0.2,1.9999999999997797,18.300000000002203,2,False,2025-03-10 17:15:00+00:00,1.0829710714285714,STOP_LOSS,-16.489285714287316,-18.189285714287315,-1139.7953540230958,-1.1030972492291717
POS_EURUSD_202503121330,EURUSD,1,2025-03-12 13:30:00+00:00,1.09122,1.0898150000000002,1.09382,7.27,14.049999999998786,1021.8702871516647,0.8,7.0,0.2,0.7999999999985796,19.800000000000928,3,False,2025-03-12 14:00:00+00:00,1.0898150000000002,STOP_LOSS,-14.049999999998786,-15.749999999998785,-1145.512955266431,-1.1209964412013629
POS_EURUSD_202503121915,EURUSD,1,2025-03-12 19:15:00+00:00,1.09091,1.089196785714286,1.0941564285714287,5.9,17.132142857141375,1010.4151575990004,0.8,7.0,0.2,5.1000000000001044,29.300000000000992,6,False,2025-03-12 20:30:00+00:00,1.089196785714286,STOP_LOSS,-17.132142857141375,-18.832142857141374,-1110.6773245171107,-1.099228684530385
POS_EURUSD_202503130930,EURUSD,-1,2025-03-13 09:30:00+00:00,1.08756,1.0885739285714287,1.0854721428571428,9.86,10.139285714285684,999.3083843538293,0.8,7.0,0.2,30.90000000000037,9.999999999998899,18,False,2025-03-13 13:45:00+00:00,1.0854721428571428,TAKE_PROFIT,20.87857142857308,19.17857142857308,1890.2028966013681,1.8915110952697622
POS_EURUSD_202504020930,EURUSD,-1,2025-04-02 09:30:00+00:00,1.07921,1.0797435714285715,1.0780528571428571,19.08,5.3357142857146656,1018.210413319843,0.8,7.0,0.2,12.499999999999734,2.100000000000435,4,False,2025-04-02 10:15:00+00:00,1.0780528571428571,TAKE_PROFIT,11.571428571428566,9.871428571428567,1883.757417595979,1.8500669340574185
POS_EURUSD_202504181015,EURUSD,1,2025-04-18 10:15:00+00:00,1.1372900000000001,1.1363210714285714,1.1390178571428573,10.7,9.689285714287177,1037.0479874958028,0.8,7.0,0.2,23.799999999998267,6.6000000000010495,31,False,2025-04-18 17:45:00+00:00,1.1390178571428573,TAKE_PROFIT,17.2785714285717,15.5785714285717,1667.3805090266203,1.60781422762596
POS_EURUSD_202505071045,EURUSD,1,2025-05-07 10:45:00+00:00,1.13606,1.1347014285714285,1.1385071428571427,7.76,13.585714285715422,1053.7217925860691,0.8,7.0,0.2,12.799999999999478,13.900000000000023,6,False,2025-05-07 12:00:00+00:00,1.1347014285714285,STOP_LOSS,-13.585714285715422,-15.285714285715422,-1185.5755183849558,-1.125131440506026
POS_EURUSD_202505120945,EURUSD,-1,2025-05-12 09:45:00+00:00,1.12173,1.1228753571428571,1.1194392857142856,9.1,11.453571428572396,1041.8660374022195,0.8,7.0,0.2,60.99999999999994,5.1000000000001044,2,False,2025-05-12 10:00:00+00:00,1.1194392857142856,TAKE_PROFIT,22.90714285714257,21.20714285714257,1929.0927750401086,1.8515746802248139
POS_EURUSD_202505140845,EURUSD,1,2025-05-14 08:45:00+00:00,1.119,1.117950357142857,1.1208592857142856,10.11,10.496428571429295,1061.1569651526206,0.8,7.0,0.2,26.100000000000012,10.300000000000864,9,False,2025-05-14 10:45:00+00:00,1.1208592857142856,TAKE_PROFIT,18.59285714285619,16.89285714285619,1707.8164153430002,1.6093909491489546
POS_EURUSD_202505211845,EURUSD,1,2025-05-21 18:45:00+00:00,1.13399,1.1321432142857142,1.1374435714285713,5.84,18.4678571428587,1078.2351293060506,0.8,7.0,0.2,22.400000000000198,22.200000000001108,17,False,2025-05-21 22:45:00+00:00,1.1321432142857142,STOP_LOSS,-18.4678571428587,-20.1678571428587,-1177.4886433690826,-1.092051827440376
POS_EURUSD_202506231115,EURUSD,-1,2025-06-23 11:15:00+00:00,1.14943,1.150917857142857,1.1465142857142858,7.17,14.878571428571519,1066.4602428723597,0.8,7.0,0.2,37.00000000000036,3.4000000000000696,4,False,2025-06-23 12:00:00+00:00,1.1465142857142858,TAKE_PROFIT,29.157142857141327,27.457142857141328,1968.0620131183719,1.845415266318485
POS_EURUSD_202506241015,EURUSD,1,2025-06-24 10:15:00+00:00,1.16086,1.1594860714285715,1.163397857142857,7.91,13.739285714284843,1086.1408630035435,0.8,7.0,0.2,1.40000000000029,27.099999999999902,2,False,2025-06-24 10:30:00+00:00,1.1594860714285715,STOP_LOSS,-13.739285714284843,-15.439285714284843,-1220.5320900500656,-1.1237327787068845
POS_EURUSD_202506241545,EURUSD,1,2025-06-24 15:45:00+00:00,1.1606400000000001,1.1592925,1.163095,7.97,13.47500000000057,1073.9355421030427,0.8,7.0,0.2,0.0,16.900000000001913,2,False,2025-06-24 16:00:00+00:00,1.1592925,STOP_LOSS,-13.47500000000057,-15.17500000000057,-1209.4227718147808,-1.126159554647404
POS_EURUSD_202506301200,EURUSD,1,2025-06-30 12:00:00+00:00,1.17294,1.1713546428571429,1.1759607142857142,6.7,15.853571428572355,1061.841314384895,0.8,7.0,0.2,3.0999999999981043,18.400000000000638,14,False,2025-06-30 15:15:00+00:00,1.1713546428571429,STOP_LOSS,-15.853571428572355,-17.553571428572354,-1175.7040008723884,-1.1072313583442097
POS_EURUSD_202507011100,EURUSD,1,2025-07-01 11:00:00+00:00,1.17842,1.1774857142857142,1.1806485714285713,11.24,9.342857142857763,1050.0842743761712,0.8,7.0,0.2,0.0,10.099999999999554,1,False,2025-07-01 11:00:00+00:00,1.1774857142857142,STOP_LOSS,-9.342857142857763,-11.042857142857763,-1241.1546544432586,-1.181957186417821
POS_EURUSD_202507290845,EURUSD,-1,2025-07-29 08:45:00+00:00,1.15846,1.1593053571428573,1.1567692857142857,12.27,8.453571428572726,1037.6727278317385,0.8,7.0,0.2,30.200000000000227,0.7999999999985796,4,False,2025-07-29 09:30:00+00:00,1.1567692857142857,TAKE_PROFIT,16.90714285714323,15.207142857143232,1866.6710919240834,1.7989015629470888
POS_EURUSD_202508060900,EURUSD,1,2025-08-06 09:00:00+00:00,1.15791,1.157165,1.1592799999999999,14.18,7.449999999999957,1056.3394387509793,0.8,7.0,0.2,9.500000000000064,7.999999999999119,6,False,2025-08-06 10:15:00+00:00,1.157165,STOP_LOSS,-7.449999999999957,-9.149999999999956,-1297.3833373522264,-1.228187919298231
POS_EURUSD_202509191045,EURUSD,-1,2025-09-19 10:45:00+00:00,1.17693,1.1782067857142857,1.1743464285714285,8.17,12.767857142856887,1043.365605377457,0.8,7.0,0.2,34.40000000000109,7.699999999999374,17,False,2025-09-19 14:45:00+00:00,1.1743464285714285,TAKE_PROFIT,25.83571428571574,24.13571428571574,1972.3258071578098,1.8903496502017467
POS_EURUSD_202511052030,EURUSD,-1,2025-11-05 20:30:00+00:00,1.14816,1.1492735714285713,1.1459628571428573,9.55,11.135714285712695,1063.0888634490352,0.8,7.0,0.2,2.900000000001235,11.299999999998533,12,False,2025-11-05 23:15:00+00:00,1.1492735714285713,STOP_LOSS,-11.135714285712695,-12.835714285712694,-1225.3820958604226,-1.152661962693176
POS_EURUSD_202511181400,EURUSD,-1,2025-11-18 14:00:00+00:00,1.15845,1.1593189285714285,1.156712142857143,12.09,8.689285714285067,1050.835042490431,0.8,7.0,0.2,1.5999999999993797,10.799999999999699,5,False,2025-11-18 15:00:00+00:00,1.1593189285714285,STOP_LOSS,-8.689285714285067,-10.389285714285066,-1256.4238135030425,-1.1956432386622504
POS_EURUSD_202512021600,EURUSD,1,2025-12-02 16:00:00+00:00,1.16187,1.161060357142857,1.1632492857142855,12.82,8.096428571429115,1038.2708043554007,0.8,7.0,0.2,4.8000000000003595,16.00000000000046,5,False,2025-12-02 17:00:00+00:00,1.161060357142857,STOP_LOSS,-8.096428571429115,-9.796428571429114,-1256.2756135840643,-1.2099691220384545
POS_EURUSD_202512052045,EURUSD,-1,2025-12-05 20:45:00+00:00,1.1643,1.1653382142857143,1.1622235714285714,9.88,10.382142857143783,1025.70804821956,0.8,7.0,0.2,9.799999999999809,10.500000000002174,29,False,2025-12-08 03:45:00+00:00,1.1653382142857143,STOP_LOSS,-10.382142857143783,-12.082142857143783,-1193.660243134676,-1.163742689946374
POS_EURUSD_202512120800,EURUSD,1,2025-12-12 08:00:00+00:00,1.1739600000000001,1.1733725,1.1749250000000002,17.26,5.875000000001851,1013.7714457882133,0.8,7.0,0.2,3.7999999999982492,11.600000000000499,12,False,2025-12-12 10:45:00+00:00,1.1733725,STOP_LOSS,-5.875000000001851,-7.575000000001851,-1307.1180766873283,-1.2893617019081025
POS_EURUSD_202512160945,EURUSD,1,2025-12-16 09:45:00+00:00,1.1752500000000001,1.1745914285714287,1.176327142857143,15.2,6.585714285713973,1000.70026502134,0.8,7.0,0.2,11.399999999999189,3.700000000002035,3,False,2025-12-16 10:15:00+00:00,1.176327142857143,TAKE_PROFIT,10.771428571427766,9.071428571427766,1378.404920156261,1.3774403468623708
POS_EURUSD_202512161600,EURUSD,1,2025-12-16 16:00:00+00:00,1.17764,1.1762410714285714,1.180197857142857,7.25,13.989285714286481,1014.4843142229026,0.8,7.0,0.2,27.600000000000957,7.699999999999374,5,False,2025-12-16 17:00:00+00:00,1.180197857142857,TAKE_PROFIT,25.578571428570562,23.878571428570563,1731.642104776321,1.7069185600003711
POS_EURUSD_202512180845,EURUSD,1,2025-12-18 08:45:00+00:00,1.17452,1.1739985714285714,1.1753228571428571,19.79,5.214285714285616,1031.8007352706659,0.8,7.0,0.2,4.20000000000087,5.599999999998939,4,False,2025-12-18 09:30:00+00:00,1.1739985714285714,STOP_LOSS,-5.214285714285616,-6.914285714285616,-1368.1960432198107,-1.3260273970059735
POS_EURUSD_202512191030,EURUSD,-1,2025-12-19 10:30:00+00:00,1.17117,1.171932857142857,1.1696442857142857,13.35,7.628571428570652,1018.1187748384676,0.8,7.0,0.2,9.099999999999664,7.699999999999374,22,False,2025-12-19 15:45:00+00:00,1.171932857142857,STOP_LOSS,-7.628571428570652,-9.328571428570651,-1245.0029211280553,-1.22284644178729
POS_EURUSD_202601081800,EURUSD,-1,2026-01-08 18:00:00+00:00,1.1666400000000001,1.1675925,1.164735,10.56,9.524999999999118,1005.6687456271871,0.8,7.0,0.2,19.300000000002093,1.0999999999983245,6,False,2026-01-08 19:15:00+00:00,1.164735,TAKE_PROFIT,19.050000000000455,17.350000000000456,1831.8480561471838,1.8215223095202668
POS_EURUSD_202601091115,EURUSD,-1,2026-01-09 11:15:00+00:00,1.16478,1.1655542857142858,1.1632914285714286,13.22,7.742857142858384,1023.987226188659,0.8,7.0,0.2,22.699999999999942,12.800000000001699,18,False,2026-01-09 15:30:00+00:00,1.1655542857142858,STOP_LOSS,-7.742857142858384,-9.442857142858383,-1248.8109897108252,-1.219557195414413
POS_EURUSD_202601131315,EURUSD,1,2026-01-13 13:15:00+00:00,1.16674,1.1659185714285714,1.1681428571428571,12.31,8.214285714287506,1011.4991162915508,0.8,7.0,0.2,2.8999999999990145,14.500000000001734,7,False,2026-01-13 14:45:00+00:00,1.1659185714285714,STOP_LOSS,-8.214285714287506,-9.914285714287505,-1220.8354549927851,-1.2069565215921514
POS_EURUSD_202601220745,EURUSD,-1,2026-01-22 07:45:00+00:00,1.16866,1.1692235714285715,1.1675328571428572,17.73,5.6357142857144105,999.2907617416229,0.8,7.0,0.2,2.500000000000835,6.200000000000649,8,False,2026-01-22 09:30:00+00:00,1.1692235714285715,STOP_LOSS,-5.6357142857144105,-7.335714285714411,-1300.7244767129785,-1.3016476550288518
POS_EURUSD_202602031500,EURUSD,-1,2026-02-03 15:00:00+00:00,1.17963,1.1806692857142858,1.1775514285714286,9.49,10.39285714285798,986.2835169744932,0.8,7.0,0.2,16.399999999998638,13.300000000000534,10,False,2026-02-03 17:15:00+00:00,1.1806692857142858,STOP_LOSS,-10.39285714285798,-12.09285714285798,-1147.6137416337676,-1.1635738830495397
POS_EURUSD_202603260930,EURUSD,-1,2026-03-26 09:30:00+00:00,1.15583,1.1567921428571428,1.153905714285714,10.13,9.621428571429114,974.8073795581554,0.8,7.0,0.2,26.199999999998447,6.800000000000139,17,False,2026-03-26 13:30:00+00:00,1.153905714285714,TAKE_PROFIT,19.242857142858227,17.542857142858228,1777.3770779109207,1.823311061428916
POS_EURUSD_202604131845,EURUSD,1,2026-04-13 18:45:00+00:00,1.17097,1.1696875,1.173445,7.74,12.825000000000752,992.5811503372646,0.8,7.0,0.2,27.999999999999137,3.300000000001635,7,False,2026-04-13 20:15:00+00:00,1.173445,TAKE_PROFIT,24.75000000000005,23.05000000000005,1783.9372720069177,1.7972709550254524
POS_EURUSD_202605121500,EURUSD,-1,2026-05-12 15:00:00+00:00,1.17437,1.175290357142857,1.1725292857142857,10.98,9.203571428570978,1010.4205230573338,0.8,7.0,0.2,22.699999999999942,6.200000000000649,14,False,2026-05-12 18:15:00+00:00,1.1725292857142857,TAKE_PROFIT,18.407142857141956,16.707142857141957,1834.2053575275927,1.8152890956506387
POS_EURUSD_202605132000,EURUSD,-1,2026-05-13 20:00:00+00:00,1.17085,1.1718067857142855,1.1689364285714285,10.75,9.567857142855907,1028.7625766326098,0.8,7.0,0.2,5.699999999999594,9.600000000000719,22,False,2026-05-14 01:15:00+00:00,1.1718067857142855,STOP_LOSS,-9.567857142855907,-11.267857142855906,-1211.5512985952641,-1.1776782380254989
POS_EURUSD_202606081030,EURUSD,-1,2026-06-08 10:30:00+00:00,1.15233,1.1533992857142858,1.1501914285714288,9.51,10.692857142857726,1016.6470636466571,0.8,7.0,0.2,22.500000000000853,3.0999999999981043,8,False,2026-06-08 12:15:00+00:00,1.1501914285714288,TAKE_PROFIT,21.38571428571323,19.68571428571323,1871.66286382622,1.841015363889085
POS_EURUSD_202606121445,EURUSD,1,2026-06-12 14:45:00+00:00,1.15791,1.1565989285714284,1.1602921428571427,7.9,13.110714285715641,1035.3636922849194,0.8,7.0,0.2,0.0,13.600000000000279,2,False,2026-06-12 15:00:00+00:00,1.1565989285714284,STOP_LOSS,-13.110714285715641,-14.81071428571564,-1169.6140647175203,-1.129664941346675
POS_EURUSD_202606230945,EURUSD,-1,2026-06-23 09:45:00+00:00,1.1421999999999999,1.1429210714285714,1.140757857142857,14.2,7.210714285714737,1023.667551637744,0.8,7.0,0.2,3.399999999997849,13.600000000000279,2,False,2026-06-23 10:00:00+00:00,1.1429210714285714,STOP_LOSS,-7.210714285714737,-8.910714285714736,-1265.0076973659923,-1.235760277193639
POS_EURUSD_202608051615,EURUSD,1,2026-08-05 16:15:00+00:00,1.15469,1.1537914285714286,1.1562471428571426,11.25,8.985714285714153,1011.0174746640841,0.8,7.0,0.2,12.699999999998823,6.900000000000794,32,False,2026-08-06 00:00:00+00:00,1.15548,TIME_LIMIT_32,7.900000000000684,6.200000000000684,697.5859840309005,0.6899841016721072
POS_EURUSD_202608070900,EURUSD,-1,2026-08-07 09:00:00+00:00,1.15223,1.1525814285714286,1.151527142857143,28.97,3.514285714285581,1017.9933345043931,0.8,7.0,0.2,4.60000000000127,6.599999999998829,13,False,2026-08-07 12:00:00+00:00,1.1525814285714286,STOP_LOSS,-3.514285714285581,-5.214285714285581,-1510.4372641803964,-1.48373983697619
POS_EURUSD_202608211415,EURUSD,1,2026-08-21 14:15:00+00:00,1.17049,1.1694882142857141,1.1722235714285714,10.01,10.017857142858855,1002.8889618625892,0.8,7.0,0.2,4.899999999998794,10.300000000000864,5,False,2026-08-21 15:15:00+00:00,1.1694882142857141,STOP_LOSS,-10.017857142858855,-11.717857142858854,-1173.0761795160827,-1.1696969695801793
POS_GBPUSD_202301271615,GBPUSD,-1,2023-01-27 16:15:00+00:00,1.23572,1.2377410714285715,1.2317978571428572,4.9,20.210714285715525,991.1582000674284,1.2,7.0,0.2,9.299999999998754,20.900000000001473,2,False,2023-01-27 16:30:00+00:00,1.2377410714285715,STOP_LOSS,-20.210714285715525,-22.310714285715523,-1094.1447739026028,-1.1039052835643877
POS_GBPUSD_202302020915,GBPUSD,1,2023-02-02 09:15:00+00:00,1.23938,1.2382428571428572,1.2412642857142857,8.62,11.371428571427256,980.2167523284024,1.2,7.0,0.2,0.0,16.699999999998383,2,False,2023-02-02 09:30:00+00:00,1.2382428571428572,STOP_LOSS,-11.371428571427256,-13.471428571427253,-1161.236680106047,-1.1846733667300122
POS_GBPUSD_202302131100,GBPUSD,-1,2023-02-13 11:00:00+00:00,1.20461,1.2058785714285714,1.2020728571428572,7.64,12.685714285713967,968.604385527342,1.2,7.0,0.2,4.100000000000215,14.300000000000423,2,False,2023-02-13 11:15:00+00:00,1.2058785714285714,STOP_LOSS,-12.685714285713967,-14.785714285713965,-1128.9476789884864,-1.1655405404486663
POS_GBPUSD_202302201830,GBPUSD,1,2023-02-20 18:30:00+00:00,1.2034799999999999,1.2022346428571429,1.2055807142857142,7.69,12.453571428570065,957.3149087374571,1.2,7.0,0.2,8.80000000000214,9.999999999998899,32,False,2023-02-21 02:15:00+00:00,1.20305,TIME_LIMIT_32,-4.299999999999304,-6.399999999999305,-491.97255988522295,-0.5139088040883588
POS_GBPUSD_202304201015,GBPUSD,1,2023-04-20 10:15:00+00:00,1.24406,1.2429489285714286,1.245922142857143,8.57,11.110714285713641,952.3951831386049,1.2,7.0,0.2,1.2999999999996348,15.600000000000058,1,False,2023-04-20 10:15:00+00:00,1.2429489285714286,STOP_LOSS,-11.110714285713641,-13.210714285713639,-1132.404301546981,-1.1890067501340764
POS_GBPUSD_202305101700,GBPUSD,1,2023-05-10 17:00:00+00:00,1.26389,1.2614457142857143,1.2683885714285714,3.85,24.442857142856766,941.0711401231351,1.2,7.0,0.2,14.500000000001734,31.90000000000026,4,False,2023-05-10 17:45:00+00:00,1.2614457142857143,STOP_LOSS,-24.442857142856766,-26.542857142856764,-1021.922956328026,-1.0859146697393267
POS_GBPUSD_202305121715,GBPUSD,-1,2023-05-12 17:15:00+00:00,1.24941,1.2512482142857144,1.2457035714285714,5.06,18.382142857145123,930.8519105598549,1.2,7.0,0.2,37.59999999999985,7.600000000000939,8,False,2023-05-12 19:00:00+00:00,1.2457035714285714,TAKE_PROFIT,37.064285714285546,34.96428571428554,1770.553760226162,1.9020788807977778
POS_GBPUSD_202306141030,GBPUSD,1,2023-06-14 10:30:00+00:00,1.26135,1.260135357142857,1.2634492857142856,7.81,12.146428571429002,948.5574481621165,1.2,7.0,0.2,24.200000000000887,5.299999999999194,6,False,2023-06-14 11:45:00+00:00,1.2634492857142856,TAKE_PROFIT,20.99285714285637,18.89285714285637,1475.409850151161,1.555424874908579
POS_GBPUSD_202306231645,GBPUSD,-1,2023-06-23 16:45:00+00:00,1.27151,1.2729317857142857,1.2679464285714284,6.78,14.217857142857504,963.3115466636282,1.2,7.0,0.2,26.49999999999819,13.400000000001189,32,False,2023-06-26 00:30:00+00:00,1.27131,TIME_LIMIT_32,1.9999999999997797,-0.10000000000022019,-6.775363804256015,-0.007033408690804217
POS_GBPUSD_202307041045,GBPUSD,1,2023-07-04 10:45:00+00:00,1.2695599999999998,1.2682353571428573,1.2718192857142858,7.27,13.246428571425106,963.2437930255855,1.2,7.0,0.2,24.900000000003253,5.299999999999194,15,False,2023-07-04 14:15:00+00:00,1.2718192857142858,TAKE_PROFIT,22.59285714286019,20.492857142860192,1490.1841153857715,1.5470477216417313
POS_GBPUSD_202307071530,GBPUSD,1,2023-07-07 15:30:00+00:00,1.27941,1.2774285714285714,1.282532857142857,4.94,19.814285714285784,978.1456341794432,1.2,7.0,0.2,13.700000000000934,22.999999999999687,1,False,2023-07-07 15:30:00+00:00,1.2774285714285714,STOP_LOSS,-19.814285714285784,-21.914285714285782,-1081.8135564207198,-1.1059841383724445
POS_GBPUSD_202307071630,GBPUSD,1,2023-07-07 16:30:00+00:00,1.2774899999999998,1.2749107142857143,1.2822585714285715,3.75,25.79285714285451,967.327498615236,1.2,7.0,0.2,52.000000000003155,1.1999999999989797,5,False,2023-07-07 17:30:00+00:00,1.2822585714285715,TAKE_PROFIT,47.68571428571677,45.58571428571676,1709.6328152655922,1.767377457699686
POS_GBPUSD_202307261530,GBPUSD,1,2023-07-26 15:30:00+00:00,1.29115,1.2895046428571428,1.2941107142857144,5.98,16.453571428571845,984.4238267678919,1.2,7.0,0.2,24.999999999999467,17.599999999999838,23,False,2023-07-26 21:00:00+00:00,1.2895046428571428,STOP_LOSS,-16.453571428571845,-18.553571428571843,-1110.0676752221325,-1.1276318644854022
POS_GBPUSD_202309052100,GBPUSD,-1,2023-09-05 21:00:00+00:00,1.25657,1.2579317857142858,1.2538464285714284,7.15,13.617857142858014,973.3231500156705,1.2,7.0,0.2,16.799999999999038,7.099999999999884,32,False,2023-09-06 04:45:00+00:00,1.25503,TIME_LIMIT_32,15.399999999998748,13.29999999999875,950.6046185134055,0.9766587987741797
POS_GBPUSD_202309081515,GBPUSD,-1,2023-09-08 15:15:00+00:00,1.24823,1.2496175,1.2454549999999998,7.08,13.87500000000097,982.8291962008046,1.2,7.0,0.2,3.1999999999987594,16.00000000000046,2,False,2023-09-08 15:30:00+00:00,1.2496175,STOP_LOSS,-13.87500000000097,-15.975000000000968,-1131.5817231117928,-1.1513513512683604
POS_GBPUSD_202309190915,GBPUSD,-1,2023-09-19 09:15:00+00:00,1.23779,1.2383464285714285,1.236707142857143,17.46,5.564285714285688,971.5133789696866,1.2,7.0,0.2,8.099999999999774,7.900000000000684,4,False,2023-09-19 10:00:00+00:00,1.2383464285714285,STOP_LOSS,-5.564285714285688,-7.664285714285689,-1338.169262448179,-1.377406931716514
POS_GBPUSD_202309250930,GBPUSD,-1,2023-09-25 09:30:00+00:00,1.2236799999999999,1.2242296428571426,1.2225807142857144,17.43,5.496428571427625,958.1316863452048,1.2,7.0,0.2,1.5999999999993797,9.300000000000974,2,False,2023-09-25 09:45:00+00:00,1.2242296428571426,STOP_LOSS,-5.496428571427625,-7.596428571427626,-1324.2014921933537,-1.3820662765517366
POS_GBPUSD_202309271115,GBPUSD,-1,2023-09-27 11:15:00+00:00,1.21474,1.2158010714285714,1.2126478571428572,8.91,10.610714285714806,944.8896714232712,1.2,7.0,0.2,1.4999999999987246,12.000000000000899,1,False,2023-09-27 11:15:00+00:00,1.2158010714285714,STOP_LOSS,-10.610714285714806,-12.710714285714804,-1131.89577256091,-1.1979131604390962
POS_GBPUSD_202309272015,GBPUSD,-1,2023-09-27 20:15:00+00:00,1.2123,1.2142585714285714,1.2083828571428572,4.77,19.58571428571476,933.5707136976622,1.2,7.0,0.2,12.699999999998823,29.90000000000048,8,False,2023-09-27 22:00:00+00:00,1.2142585714285714,STOP_LOSS,-19.58571428571476,-21.68571428571476,-1033.669105266733,-1.1072210065080166
POS_GBPUSD_202311141115,GBPUSD,1,2023-11-14 11:15:00+00:00,1.2288299999999999,1.2275375,1.230935,7.14,12.924999999999187,923.2340226449949,1.2,7.0,0.2,110.00000000000121,12.299999999998423,18,False,2023-11-14 15:30:00+00:00,1.230935,TAKE_PROFIT,21.050000000000235,18.950000000000237,1353.600365784942,1.466150870292865
POS_GBPUSD_202311271015,GBPUSD,1,2023-11-27 10:15:00+00:00,1.26209,1.2609467857142858,1.2640164285714286,8.19,11.43214285714178,936.7700263028443,1.2,7.0,0.2,0.0,15.399999999998748,2,False,2023-11-27 10:30:00+00:00,1.2609467857142858,STOP_LOSS,-11.43214285714178,-13.532142857141778,-1108.8477442521246,-1.1836925959602065
POS_GBPUSD_202312051045,GBPUSD,-1,2023-12-05 10:45:00+00:00,1.26216,1.263320357142857,1.2598392857142857,7.98,11.603571428571158,925.681548860323,1.2,7.0,0.2,2.500000000000835,15.400000000000968,4,False,2023-12-05 11:30:00+00:00,1.263320357142857,STOP_LOSS,-11.603571428571158,-13.703571428571156,-1093.2102501295699,-1.180978762594441
POS_GBPUSD_202312110800,GBPUSD,-1,2023-12-11 08:00:00+00:00,1.25418,1.2546292857142856,1.2533114285714286,20.36,4.492857142854856,914.7494463590273,1.2,7.0,0.2,5.60000000000116,5.399999999999849,5,False,2023-12-11 09:00:00+00:00,1.2546292857142856,STOP_LOSS,-4.492857142854856,-6.592857142854856,-1342.311190463586,-1.4674085847292726
POS_GBPUSD_202312181500,GBPUSD,-1,2023-12-18 15:00:00+00:00,1.26585,1.2673510714285714,1.262847857142857,6.0,15.010714285714766,901.3263344543914,1.2,7.0,0.2,30.09999999999957,14.199999999999768,17,False,2023-12-18 19:00:00+00:00,1.262847857142857,TAKE_PROFIT,30.02142857142953,27.921428571429534,1676.5570502724274,1.860099928498499
POS_GBPUSD_202312270915,GBPUSD,1,2023-12-27 09:15:00+00:00,1.2735299999999998,1.2728571428571427,1.2745157142857144,13.64,6.728571428571417,918.0919049571156,1.2,7.0,0.2,0.0,7.899999999998464,2,False,2023-12-27 09:30:00+00:00,1.2728571428571427,STOP_LOSS,-6.728571428571417,-8.828571428571417,-1204.6301426309417,-1.3121019106330214
POS_GBPUSD_202401051500,GBPUSD,-1,2024-01-05 15:00:00+00:00,1.26619,1.2674017857142856,1.2637664285714285,7.48,12.11785714285707,906.0456035308063,1.2,7.0,0.2,50.69999999999908,9.399999999999409,3,False,2024-01-05 15:30:00+00:00,1.2637664285714285,TAKE_PROFIT,24.23571428571414,22.13571428571414,1655.075346366199,1.8267020334478399
POS_GBPUSD_202401181045,GBPUSD,1,2024-01-18 10:45:00+00:00,1.26965,1.2682078571428572,1.2721742857142857,6.4,14.421428571427253,922.5963569944682,1.2,7.0,0.2,1.9999999999997797,16.300000000000203,2,False,2024-01-18 11:00:00+00:00,1.2682078571428572,STOP_LOSS,-14.421428571427253,-16.52142857142725,-1056.9417402576807,-1.1456166418225062
POS_GBPUSD_202402051145,GBPUSD,-1,2024-02-05 11:45:00+00:00,1.26052,1.2618110714285715,1.2579378571428572,7.06,12.91071428571433,912.0269395918914,1.2,7.0,0.2,30.300000000000882,5.399999999999849,8,False,2024-02-05 13:30:00+00:00,1.2579378571428572,TAKE_PROFIT,25.82142857142866,23.721428571428664,1675.7075884647709,1.837344398197938
POS_GBPUSD_202403071515,GBPUSD,1,2024-03-07 15:15:00+00:00,1.2753299999999999,1.274269642857143,1.2771207142857144,8.76,10.603571428569047,928.784015476539,1.2,7.0,0.2,19.700000000000273,8.499999999997954,7,False,2024-03-07 16:45:00+00:00,1.2771207142857144,TAKE_PROFIT,17.90714285714534,15.807142857145344,1384.5732745412768,1.4907376219549624
POS_GBPUSD_202404040945,GBPUSD,1,2024-04-04 09:45:00+00:00,1.2661499999999999,1.265472857142857,1.2671442857142856,13.92,6.771428571428206,942.6297482219519,1.2,7.0,0.2,0.0,10.099999999999554,1,False,2024-04-04 09:45:00+00:00,1.265472857142857,STOP_LOSS,-6.771428571428206,-8.871428571428206,-1234.9642902096878,-1.310126582085019
POS_GBPUSD_202404041015,GBPUSD,1,2024-04-04 10:15:00+00:00,1.26595,1.265125,1.26724,11.28,8.249999999998536,930.2801053198551,1.2,7.0,0.2,9.900000000000464,11.699999999998933,19,False,2024-04-04 14:45:00+00:00,1.265125,STOP_LOSS,-8.249999999998536,-10.349999999998534,-1167.0786774416688,-1.2545454543934333
POS_GBPUSD_202405201900,GBPUSD,1,2024-05-20 19:00:00+00:00,1.2705899999999999,1.2695767857142857,1.2722864285714286,9.07,10.132142857142146,918.6093185454384,1.2,7.0,0.2,19.200000000001438,1.5999999999993797,5,False,2024-05-20 20:00:00+00:00,1.2722864285714286,TAKE_PROFIT,16.964285714287097,14.8642857142871,1347.6390494922102,1.4670426505427945
POS_GBPUSD_202405211645,GBPUSD,1,2024-05-21 16:45:00+00:00,1.2714599999999998,1.2702932142857142,1.2734335714285712,7.99,11.667857142856342,932.0857090403606,1.2,7.0,0.2,12.200000000002209,13.099999999997003,14,False,2024-05-21 20:00:00+00:00,1.2702932142857142,STOP_LOSS,-11.667857142856342,-13.76785714285634,-1099.8440183785342,-1.1799816344259704
POS_GBPUSD_202405271545,GBPUSD,1,2024-05-27 15:45:00+00:00,1.27529,1.2744760714285714,1.276587857142857,11.32,8.139285714285904,921.0872688565753,1.2,7.0,0.2,16.40000000000086,1.2999999999996348,3,False,2024-05-27 16:15:00+00:00,1.276587857142857,TAKE_PROFIT,12.978571428570174,10.878571428570176,1231.0802196542506,1.3365511187474084
POS_GBPUSD_202406171045,GBPUSD,-1,2024-06-17 10:45:00+00:00,1.26641,1.267325,1.26458,10.2,9.149999999999991,933.3980710531177,1.2,7.0,0.2,2.100000000000435,14.499999999999513,2,False,2024-06-17 11:00:00+00:00,1.267325,STOP_LOSS,-9.149999999999991,-11.24999999999999,-1147.6205790382464,-1.229508196586939
POS_GBPUSD_202406210945,GBPUSD,-1,2024-06-21 09:45:00+00:00,1.26601,1.266445,1.2651400000000002,21.19,4.349999999999632,921.9218652627352,1.2,7.0,0.2,14.100000000001334,2.80000000000058,2,False,2024-06-21 10:00:00+00:00,1.2651400000000002,TAKE_PROFIT,8.699999999999264,6.599999999999263,1398.7780021460023,1.5172413789615127
POS_GBPUSD_202407081415,GBPUSD,1,2024-07-08 14:15:00+00:00,1.2822099999999998,1.2811392857142858,1.2839614285714287,8.74,10.707142857140362,935.9096452841953,1.2,7.0,0.2,17.80000000000115,1.1999999999989797,7,False,2024-07-08 15:45:00+00:00,1.2839614285714287,TAKE_PROFIT,17.51428571428848,15.414285714288482,1347.36024972348,1.4396264174778803
POS_GBPUSD_202407100915,GBPUSD,-1,2024-07-10 09:15:00+00:00,1.27895,1.2793392857142858,1.2782014285714285,24.39,3.8928571428575864,949.3832477814301,1.2,7.0,0.2,0.20000000000131024,5.299999999999194,1,False,2024-07-10 09:15:00+00:00,1.2793392857142858,STOP_LOSS,-3.8928571428575864,-5.992857142857587,-1461.5276049247234,-1.5394495408888873
POS_GBPUSD_202407251715,GBPUSD,-1,2024-07-25 17:15:00+00:00,1.28745,1.2887217857142856,1.2849064285714287,7.35,12.717857142856559,934.7679717321829,1.2,7.0,0.2,2.9999999999996696,14.499999999999513,1,False,2024-07-25 17:15:00+00:00,1.2887217857142856,STOP_LOSS,-12.717857142856559,-14.817857142856557,-1089.1188751507716,-1.165122156605951
POS_GBPUSD_202409031700,GBPUSD,-1,2024-09-03 17:00:00+00:00,1.31229,1.3139042857142855,1.3095714285714286,5.72,16.142857142855682,923.8767829806752,1.2,7.0,0.2,34.70000000000084,9.00000000000123,2,False,2024-09-03 17:15:00+00:00,1.3095714285714286,TAKE_PROFIT,27.18571428571348,25.085714285713482,1435.6881688616481,1.5539823007887823
POS_GBPUSD_202409041915,GBPUSD,1,2024-09-04 19:15:00+00:00,1.31422,1.312265357142857,1.3177392857142858,4.8,19.54642857142863,938.2336646692917,1.2,7.0,0.2,10.399999999999299,15.099999999999003,32,False,2024-09-05 03:00:00+00:00,1.31439,TIME_LIMIT_32,1.7000000000000348,-0.3999999999999651,-19.200104227585445,-0.020464096472548866
POS_GBPUSD_202409301045,GBPUSD,1,2024-09-30 10:45:00+00:00,1.33909,1.3378414285714284,1.341287142857143,7.51,12.485714285714877,938.0416636270159,1.2,7.0,0.2,29.90000000000048,1.5999999999993797,4,False,2024-09-30 11:30:00+00:00,1.341287142857143,TAKE_PROFIT,21.971428571430085,19.871428571430087,1492.924432495094,1.5915331806506097
POS_GBPUSD_202410011000,GBPUSD,-1,2024-10-01 10:00:00+00:00,1.33678,1.3378285714285716,1.3345628571428572,9.09,10.485714285715098,952.9709079519669,1.2,7.0,0.2,24.900000000001032,8.999999999999009,1,False,2024-10-01 10:00:00+00:00,1.3345628571428572,TAKE_PROFIT,22.171428571429175,20.071428571429177,1824.1473100064848,1.9141689371470596
POS_GBPUSD_202410011015,GBPUSD,-1,2024-10-01 10:15:00+00:00,1.3343,1.3357078571428573,1.3314842857142857,6.9,14.078571428572939,971.2123810520317,1.2,7.0,0.2,32.30000000000066,12.999999999998568,12,False,2024-10-01 13:00:00+00:00,1.3314842857142857,TAKE_PROFIT,28.157142857143658,26.05714285714366,1797.5559441024266,1.850837138376765
POS_GBPUSD_202410101630,GBPUSD,-1,2024-10-10 16:30:00+00:00,1.3069,1.309145,1.30226,4.41,22.450000000000525,989.187940493056,1.2,7.0,0.2,47.59999999999875,2.100000000000435,15,False,2024-10-10 20:00:00+00:00,1.30226,TAKE_PROFIT,46.39999999999977,44.29999999999976,1951.9387867211217,1.973273942005588
POS_GBPUSD_202410160715,GBPUSD,1,2024-10-16 07:15:00+00:00,1.30735,1.3066164285714286,1.3084871428571427,13.75,7.335714285714445,1008.7073283602672,1.2,7.0,0.2,2.900000000001235,68.90000000000063,8,False,2024-10-16 09:00:00+00:00,1.3066164285714286,STOP_LOSS,-7.335714285714445,-9.435714285714443,-1297.4706724267385,-1.2862706911586324
POS_GBPUSD_202411181615,GBPUSD,-1,2024-11-18 16:15:00+00:00,1.26221,1.2633932142857145,1.2598735714285716,8.42,11.832142857144401,995.7326216359997,1.2,7.0,0.2,3.5000000000007248,14.199999999999768,2,False,2024-11-18 16:30:00+00:00,1.2633932142857145,STOP_LOSS,-11.832142857144401,-13.932142857144399,-1172.4578800705312,-1.177482644029649
POS_GBPUSD_202501151800,GBPUSD,1,2025-01-15 18:00:00+00:00,1.2258799999999999,1.2225589285714287,1.232192142857143,2.96,33.21071428571187,984.0080428352943,1.2,7.0,0.2,0.10000000000065512,72.79999999999953,3,False,2025-01-15 18:30:00+00:00,1.2225589285714287,STOP_LOSS,-33.21071428571187,-35.31071428571188,-1046.229435339247,-1.0632326056245125
POS_GBPUSD_202501281645,GBPUSD,-1,2025-01-28 16:45:00+00:00,1.24329,1.2447025,1.2404950000000001,6.89,14.125000000000387,973.5457484819018,1.2,7.0,0.2,11.200000000000099,14.000000000000679,32,False,2025-01-29 00:30:00+00:00,1.24419,TIME_LIMIT_32,-8.999999999999009,-11.099999999999007,-765.0518801686934,-0.7858407079088752
POS_GBPUSD_202502050915,GBPUSD,1,2025-02-05 09:15:00+00:00,1.2486599999999999,1.2475178571428571,1.2504942857142856,8.46,11.421428571427583,965.8952296802148,1.2,7.0,0.2,19.100000000000783,1.2999999999996348,1,False,2025-02-05 09:15:00+00:00,1.2504942857142856,TAKE_PROFIT,18.342857142856772,16.242857142856774,1373.6371182618134,1.422138836648559
POS_GBPUSD_202502101800,GBPUSD,-1,2025-02-10 18:00:00+00:00,1.23891,1.2401757142857144,1.2364085714285713,7.74,12.657142857144255,979.631600862833,1.2,7.0,0.2,25.699999999999612,4.3999999999999595,18,False,2025-02-10 22:15:00+00:00,1.2364085714285713,TAKE_PROFIT,25.014285714286544,22.914285714286546,1773.5091282841108,1.810383747035163
POS_GBPUSD_202502181115,GBPUSD,1,2025-02-18 11:15:00+00:00,1.26112,1.2596200000000002,1.26394,6.65,14.999999999998348,997.3666921456742,1.2,7.0,0.2,2.5999999999992696,17.000000000000348,5,False,2025-02-18 12:15:00+00:00,1.2596200000000002,STOP_LOSS,-14.999999999998348,-17.099999999998346,-1136.998028970284,-1.1399999999240154
POS_GBPUSD_202503061045,GBPUSD,1,2025-03-06 10:45:00+00:00,1.29077,1.2887174999999997,1.294545,4.8,20.525000000002347,985.9967118559714,1.2,7.0,0.2,6.6000000000010495,21.899999999999142,2,False,2025-03-06 11:00:00+00:00,1.2887174999999997,STOP_LOSS,-20.525000000002347,-22.625000000002345,-1086.8782267797435,-1.1023142508598023
POS_GBPUSD_202503121530,GBPUSD,1,2025-03-12 15:30:00+00:00,1.29538,1.293045,1.29966,4.18,23.34999999999976,975.1279295881739,1.2,7.0,0.2,0.5000000000010552,26.399999999999757,2,False,2025-03-12 15:45:00+00:00,1.293045,STOP_LOSS,-23.34999999999976,-25.449999999999758,-1062.826801154442,-1.089935760124629
POS_GBPUSD_202503212000,GBPUSD,-1,2025-03-21 20:00:00+00:00,1.2922,1.2938385714285716,1.2889528571428572,5.89,16.385714285716002,964.4996615766295,1.2,7.0,0.2,14.899999999999913,12.600000000000389,32,False,2025-03-24 04:45:00+00:00,1.29239,TIME_LIMIT_32,-1.8999999999991246,-3.999999999999125,-235.4489147557868,-0.24411508280978322
POS_GBPUSD_202504011730,GBPUSD,-1,2025-04-01 17:30:00+00:00,1.28948,1.2911417857142855,1.2862464285714288,5.79,16.617857142855463,962.1451724290715,1.2,7.0,0.2,0.7999999999985796,19.199999999999218,1,False,2025-04-01 17:30:00+00:00,1.2911417857142855,STOP_LOSS,-16.617857142855463,-18.71785714285546,-1083.7315384477488,-1.1263700837491242
POS_GBPUSD_202504071115,GBPUSD,-1,2025-04-07 11:15:00+00:00,1.28864,1.2912607142857144,1.2833085714285715,3.63,26.207142857144206,951.307857044594,1.2,7.0,0.2,54.499999999999545,5.399999999999849,7,False,2025-04-07 12:45:00+00:00,1.2833085714285715,TAKE_PROFIT,53.314285714285425,51.21428571428542,1859.0562373259963,1.9542109565892614
POS_GBPUSD_202504112045,GBPUSD,1,2025-04-11 20:45:00+00:00,1.3072599999999999,1.3043539285714285,1.312862142857143,3.34,29.06071428571355,969.8984194178539,1.2,7.0,0.2,0.8000000000008001,29.599999999998516,1,False,2025-04-11 20:45:00+00:00,1.3043539285714285,STOP_LOSS,-29.06071428571355,-31.16071428571355,-1039.985708385104,-1.0722625045716825
POS_GBPUSD_202504151500,GBPUSD,1,2025-04-15 15:00:00+00:00,1.32321,1.3212742857142856,1.3266614285714284,4.96,19.35714285714374,959.4985623340028,1.2,7.0,0.2,11.300000000000754,21.999999999999797,9,False,2025-04-15 17:00:00+00:00,1.3212742857142856,STOP_LOSS,-19.35714285714374,-21.457142857143737,-1063.5917642444385,-1.1084870848135786
POS_GBPUSD_202504290915,GBPUSD,1,2025-04-29 09:15:00+00:00,1.3415599999999999,1.3404210714285714,1.343477857142857,8.33,11.389285714284991,948.8626446915584,1.2,7.0,0.2,2.300000000001745,12.099999999999334,3,False,2025-04-29 09:45:00+00:00,1.3404210714285714,STOP_LOSS,-11.389285714284991,-13.48928571428499,-1123.8175630872945,-1.1843838192751361
POS_GBPUSD_202506061930,GBPUSD,-1,2025-06-06 19:30:00+00:00,1.35257,1.3547357142857142,1.3481785714285712,4.33,21.657142857141043,937.6244690606854,1.2,7.0,0.2,10.700000000001264,13.000000000000789,32,False,2025-06-09 03:15:00+00:00,1.3529,TIME_LIMIT_32,-3.2999999999994145,-5.399999999999415,-233.78763145683723,-0.24934036938162063
POS_GBPUSD_202506161815,GBPUSD,1,2025-06-16 18:15:00+00:00,1.35981,1.3580207142857141,1.3629385714285713,5.23,17.892857142858265,935.286592746117,1.2,7.0,0.2,11.799999999999589,17.899999999999583,18,False,2025-06-16 22:30:00+00:00,1.3580207142857141,STOP_LOSS,-17.892857142858265,-19.992857142858263,-1045.0567556686851,-1.117365269398623
POS_GBPUSD_202507281030,GBPUSD,-1,2025-07-28 10:30:00+00:00,1.3422399999999999,1.3434074999999999,1.3398750000000001,7.92,11.67499999999988,924.8360251894301,1.2,7.0,0.2,20.299999999999763,12.800000000001699,20,False,2025-07-28 15:15:00+00:00,1.3434074999999999,STOP_LOSS,-11.67499999999988,-13.774999999999878,-1091.1876870144094,-1.1798715202415544
POS_GBPUSD_202508040915,GBPUSD,1,2025-08-04 09:15:00+00:00,1.3285999999999998,1.3274635714285714,1.3305428571428572,8.04,11.364285714283717,913.924148319286,1.2,7.0,0.2,5.40000000000207,17.099999999996562,1,False,2025-08-04 09:15:00+00:00,1.3274635714285714,STOP_LOSS,-11.364285714283717,-13.464285714283715,-1082.807680345888,-1.1847894404991708
POS_GBPUSD_202508190715,GBPUSD,-1,2025-08-19 07:15:00+00:00,1.34982,1.3505917857142857,1.3483064285714284,11.7,7.71785714285711,903.0960715158272,1.2,7.0,0.2,1.7000000000000348,9.799999999999809,4,False,2025-08-19 08:00:00+00:00,1.3505917857142857,STOP_LOSS,-7.71785714285711,-9.817857142857108,-1148.8251273833132,-1.2720962515704834
POS_GBPUSD_202508281545,GBPUSD,1,2025-08-28 15:45:00+00:00,1.3515599999999999,1.3503189285714288,1.353652142857143,7.18,12.410714285711055,891.6078202419941,1.2,7.0,0.2,1.7000000000000348,16.899999999997473,1,False,2025-08-28 15:45:00+00:00,1.3503189285714288,STOP_LOSS,-12.410714285711055,-14.510714285711053,-1042.4755606766805,-1.1692086329993594
POS_GBPUSD_202509081200,GBPUSD,1,2025-09-08 12:00:00+00:00,1.3513799999999998,1.3498907142857142,1.3539985714285712,5.92,14.892857142856375,881.1830646352272,1.2,7.0,0.2,29.800000000002047,11.899999999998023,15,False,2025-09-08 15:30:00+00:00,1.3539985714285712,TAKE_PROFIT,26.18571428571359,24.085714285713593,1425.1075749403064,1.6172661869418032
POS_GBPUSD_202509231715,GBPUSD,1,2025-09-23 17:15:00+00:00,1.35211,1.3505092857142857,1.3548614285714287,5.59,16.007142857141776,895.4341403846303,1.2,7.0,0.2,5.5000000000005045,19.499999999998963,28,False,2025-09-24 00:00:00+00:00,1.3505092857142857,STOP_LOSS,-16.007142857141776,-18.107142857141774,-1012.9074278149255,-1.1311914323255925
POS_GBPUSD_202510070715,GBPUSD,1,2025-10-07 07:15:00+00:00,1.34797,1.3471717857142858,1.3492064285714287,11.09,7.982142857141383,885.3050661064811,1.2,7.0,0.2,0.6000000000017103,12.199999999997768,3,False,2025-10-07 07:45:00+00:00,1.3471717857142858,STOP_LOSS,-7.982142857141383,-10.082142857141381,-1118.2175397340452,-1.2630872481639568
POS_GBPUSD_202510171000,GBPUSD,1,2025-10-17 10:00:00+00:00,1.34564,1.3445082142857143,1.3476035714285712,7.72,11.317857142856269,874.1228907091406,1.2,7.0,0.2,1.7000000000000348,19.100000000000783,1,False,2025-10-17 10:00:00+00:00,1.3445082142857143,STOP_LOSS,-11.317857142856269,-13.417857142856267,-1036.3142000959647,-1.1855474912174475
POS_GBPUSD_202511101930,GBPUSD,1,2025-11-10 19:30:00+00:00,1.31672,1.3151575,1.319455,5.53,15.624999999999112,863.7597487081811,1.2,7.0,0.2,17.80000000000115,9.899999999998244,32,False,2025-11-11 03:15:00+00:00,1.31598,TIME_LIMIT_32,-7.399999999999629,-9.499999999999627,-525.1659271809726,-0.6079999999610987
POS_GBPUSD_202511171930,GBPUSD,1,2025-11-17 19:30:00+00:00,1.3176899999999998,1.3162725000000002,1.320345,6.06,14.174999999996274,858.5080894363713,1.2,7.0,0.2,0.0,15.699999999998493,4,False,2025-11-17 20:15:00+00:00,1.3162725000000002,STOP_LOSS,-14.174999999996274,-16.274999999996272,-985.6944729870703,-1.148148148067189
POS_GBPUSD_202512190845,GBPUSD,-1,2025-12-19 08:45:00+00:00,1.3372,1.3379453571428572,1.3357692857142858,11.39,7.453571428572836,848.6511447065005,1.2,7.0,0.2,0.4999999999988347,13.799999999999368,1,False,2025-12-19 08:45:00+00:00,1.3379453571428572,STOP_LOSS,-7.453571428572836,-9.553571428572834,-1087.7536232799343,-1.2817441301586008
POS_GBPUSD_202601091015,GBPUSD,-1,2026-01-09 10:15:00+00:00,1.3425500000000001,1.343450357142857,1.3407792857142857,9.3,9.003571428569668,837.7736084737012,1.2,7.0,0.2,20.800000000000818,2.7999999999983594,7,False,2026-01-09 11:45:00+00:00,1.3407792857142857,TAKE_PROFIT,17.70714285714403,15.607142857144034,1452.229539319493,1.7334391112716465
POS_GBPUSD_202601211400,GBPUSD,-1,2026-01-21 14:00:00+00:00,1.34093,1.3422017857142856,1.3383864285714286,6.7,12.717857142856559,852.2959038668961,1.2,7.0,0.2,8.099999999999774,15.600000000000058,3,False,2026-01-21 14:30:00+00:00,1.3422017857142856,STOP_LOSS,-12.717857142856559,-14.817857142856557,-993.0288415798163,-1.165122156605951
POS_GBPUSD_202601291000,GBPUSD,1,2026-01-29 10:00:00+00:00,1.3832399999999998,1.381897857142857,1.3855942857142856,6.28,13.421428571427363,842.365615451098,1.2,7.0,0.2,13.900000000002244,18.599999999997507,4,False,2026-01-29 10:45:00+00:00,1.381897857142857,STOP_LOSS,-13.421428571427363,-15.52142857142736,-974.1673668115352,-1.1564662053422676
POS_GBPUSD_202602091700,GBPUSD,1,2026-02-09 17:00:00+00:00,1.3645399999999999,1.3619989285714285,1.369292142857143,3.28,25.410714285714064,832.6239417829826,1.2,7.0,0.2,54.900000000002166,1.6999999999978144,19,False,2026-02-09 21:30:00+00:00,1.369292142857143,TAKE_PROFIT,47.52142857143093,45.42142857143092,1488.307981894573,1.7874912156711555
POS_GBPUSD_202602101700,GBPUSD,1,2026-02-10 17:00:00+00:00,1.36775,1.3656982142857144,1.3716735714285717,4.13,20.517857142856588,847.5070216019283,1.2,7.0,0.2,0.1999999999990898,24.100000000000232,2,False,2026-02-10 17:15:00+00:00,1.3656982142857144,STOP_LOSS,-20.517857142856588,-22.617857142856586,-934.249254576751,-1.1023498693979734
POS_GBPUSD_202602161215,GBPUSD,1,2026-02-16 12:15:00+00:00,1.36492,1.3633925,1.3676450000000002,5.49,15.27499999999904,838.1645290561609,1.2,7.0,0.2,2.80000000000058,16.699999999998383,12,False,2026-02-16 15:00:00+00:00,1.3633925,STOP_LOSS,-15.27499999999904,-17.374999999999037,-953.3950043468091,-1.1374795416604027
POS_GBPUSD_202603052015,GBPUSD,-1,2026-03-05 20:15:00+00:00,1.33298,1.3354025,1.328135,3.42,24.22499999999994,828.6305790126928,1.2,7.0,0.2,12.300000000000644,28.399999999999537,8,False,2026-03-05 22:00:00+00:00,1.3354025,STOP_LOSS,-24.22499999999994,-26.32499999999994,-900.4623319549505,-1.08668730645669
POS_GBPUSD_202603121545,GBPUSD,-1,2026-03-12 15:45:00+00:00,1.33776,1.338969642857143,1.3353407142857143,6.78,12.096428571428675,819.6259556931432,1.2,7.0,0.2,26.200000000000667,4.199999999998649,4,False,2026-03-12 16:30:00+00:00,1.3353407142857143,TAKE_PROFIT,24.19285714285735,22.09285714285735,1496.9607798933096,1.826395039707297
POS_GBPUSD_202603180915,GBPUSD,1,2026-03-18 09:15:00+00:00,1.33672,1.3358575,1.338085,9.68,8.624999999999883,834.5955634920764,1.2,7.0,0.2,0.0,15.300000000000313,2,False,2026-03-18 09:30:00+00:00,1.3358575,STOP_LOSS,-8.624999999999883,-10.72499999999988,-1037.8014397002598,-1.243478260725397
POS_GBPUSD_202603230715,GBPUSD,-1,2026-03-23 07:15:00+00:00,1.33222,1.3334371428571428,1.3297857142857143,6.77,12.171428571428056,824.2175490950738,1.2,7.0,0.2,31.799999999999606,0.10000000000065512,4,False,2026-03-23 08:00:00+00:00,1.3297857142857143,TAKE_PROFIT,24.34285714285611,22.242857142856113,1506.2285491028038,1.8274647885822435
POS_GBPUSD_202604150715,GBPUSD,1,2026-04-15 07:15:00+00:00,1.35679,1.3559157142857143,1.3581785714285717,9.6,8.742857142856053,839.2798345861019,1.2,7.0,0.2,10.399999999999299,11.399999999999189,11,False,2026-04-15 09:45:00+00:00,1.3559157142857143,STOP_LOSS,-8.742857142856053,-10.842857142856051,-1040.8715594411856,-1.2401960782895498
POS_GBPUSD_202605141530,GBPUSD,-1,2026-05-14 15:30:00+00:00,1.35129,1.3526667857142858,1.3485364285714287,6.02,13.767857142856776,828.8711189916899,1.2,7.0,0.2,29.799999999999827,1.8999999999991246,10,False,2026-05-14 17:45:00+00:00,1.3485364285714287,TAKE_PROFIT,27.535714285713553,25.435714285713555,1531.3152033800347,1.8474708169864313
POS_GBPUSD_202605221800,GBPUSD,1,2026-05-22 18:00:00+00:00,1.3435,1.3416903571428571,1.3467592857142858,4.66,18.096428571428014,844.1842710254901,1.2,7.0,0.2,42.90000000000127,10.199999999997988,29,False,2026-05-25 01:00:00+00:00,1.3467592857142858,TAKE_PROFIT,32.59285714285909,30.49285714285909,1422.4679900568435,1.685020722227946
POS_GBPUSD_202605290900,GBPUSD,1,2026-05-29 09:00:00+00:00,1.34398,1.34332,1.3449400000000002,13.01,6.599999999998829,858.4089509260587,1.2,7.0,0.2,4.60000000000127,8.500000000000174,5,False,2026-05-29 10:00:00+00:00,1.34332,STOP_LOSS,-6.599999999998829,-8.699999999998829,-1131.5390715038623,-1.31818181798215
POS_GBPUSD_202606100830,GBPUSD,1,2026-06-10 08:30:00+00:00,1.33865,1.3377832142857142,1.3400235714285715,9.77,8.667857142856672,847.09356021102,1.2,7.0,0.2,12.900000000000134,9.500000000000064,23,False,2026-06-10 14:00:00+00:00,1.3377832142857142,STOP_LOSS,-8.667857142856672,-10.76785714285667,-1052.3226550233214,-1.2422744127120702
POS_GBPUSD_202606261115,GBPUSD,1,2026-06-26 11:15:00+00:00,1.3211,1.319765,1.32341,6.27,13.34999999999864,836.5703336607867,1.2,7.0,0.2,20.999999999999908,13.699999999998713,27,False,2026-06-26 17:45:00+00:00,1.319765,STOP_LOSS,-13.34999999999864,-15.449999999998639,-968.1656669731209,-1.1573033706998432
POS_GBPUSD_202607281530,GBPUSD,-1,2026-07-28 15:30:00+00:00,1.32851,1.329532142857143,1.3264657142857144,8.09,10.221428571428604,826.8886769910556,1.2,7.0,0.2,1.6000000000016001,14.199999999999768,2,False,2026-07-28 15:45:00+00:00,1.329532142857143,STOP_LOSS,-10.221428571428604,-12.321428571428601,-996.773562313083,-1.205450733634686
POS_GBPUSD_202608211500,GBPUSD,1,2026-08-21 15:00:00+00:00,1.3658599999999999,1.3642721428571427,1.3686757142857144,5.14,15.878571428571409,816.9209413679247,1.2,7.0,0.2,1.4000000000025103,23.499999999998522,3,False,2026-08-21 15:30:00+00:00,1.3642721428571427,STOP_LOSS,-15.878571428571409,-17.978571428571406,-924.9617675634601,-1.1322537111297726
POS_GBPUSD_202608281445,GBPUSD,-1,2026-08-28 14:45:00+00:00,1.35861,1.3592528571428573,1.357324285714286,12.56,6.428571428571672,807.67132369229,1.2,7.0,0.2,15.000000000000568,1.6999999999978144,9,False,2026-08-28 16:45:00+00:00,1.357324285714286,TAKE_PROFIT,12.857142857141124,10.757142857141126,1351.5033481012626,1.6733333330727043
POS_USDJPY_202301171745,USDJPY,-1,2023-01-17 17:45:00+00:00,128.453,128.8002142857143,127.74657142857144,2.37,34.721428571430124,821.1863571733027,0.9,7.0,0.2,46.399999999999864,4.599999999999227,32,False,2023-01-18 01:30:00+00:00,128.253,TIME_LIMIT_32,20.000000000001705,18.200000000001708,430.4428796579749,0.5241719810587824
POS_USDJPY_202301311500,USDJPY,1,2023-01-31 15:00:00+00:00,130.44,130.28635714285716,130.72028571428572,5.37,15.364285714284165,825.4907859698824,0.9,7.0,0.2,0.30000000000143245,51.499999999998636,3,False,2023-01-31 15:30:00+00:00,130.28635714285716,STOP_LOSS,-15.364285714284165,-17.164285714284162,-922.2010035130357,-1.1171548116427816
POS_USDJPY_202302161745,USDJPY,1,2023-02-16 17:45:00+00:00,134.207,133.94589285714287,134.7022142857143,3.13,26.11071428571279,816.2687759347521,0.9,7.0,0.2,7.500000000001705,26.39999999999816,4,False,2023-02-16 18:30:00+00:00,133.94589285714287,STOP_LOSS,-26.11071428571279,-27.910714285712785,-872.5400743654492,-1.0689372178499146
POS_USDJPY_202302211745,USDJPY,1,2023-02-21 17:45:00+00:00,134.85299999999998,134.6185357142857,135.30092857142859,3.44,23.446428571426736,807.5433751910977,0.9,7.0,0.2,18.50000000000307,17.799999999996885,32,False,2023-02-22 01:30:00+00:00,134.906,TIME_LIMIT_32,5.300000000002569,3.5000000000025686,120.54722127253088,0.14927646610190382
POS_USDJPY_202302231530,USDJPY,1,2023-02-23 15:30:00+00:00,135.022,134.90225,135.2555,6.75,11.974999999998204,808.7488474038229,0.9,7.0,0.2,33.899999999999864,6.19999999999834,1,False,2023-02-23 15:30:00+00:00,135.2555,TAKE_PROFIT,23.35000000000207,21.550000000002072,1455.410243014719,1.7995824633157178
POS_USDJPY_202302270845,USDJPY,1,2023-02-27 08:45:00+00:00,136.42399999999998,136.25389285714286,136.7312142857143,4.84,17.01071428571197,823.30294983397,0.9,7.0,0.2,1.2000000000028876,17.599999999998772,2,False,2023-02-27 09:00:00+00:00,136.25389285714286,STOP_LOSS,-17.01071428571197,-18.810714285711967,-910.4212967710808,-1.1058156623326558
POS_USDJPY_202303130715,USDJPY,-1,2023-03-13 07:15:00+00:00,134.024,134.3885,133.295,2.23,36.44999999999925,814.1987368662593,0.9,7.0,0.2,2.5000000000005684,38.900000000001,3,False,2023-03-13 07:45:00+00:00,134.3885,STOP_LOSS,-36.44999999999925,-38.249999999999254,-854.4060818732524,-1.0493827160205944
POS_USDJPY_202303160900,USDJPY,-1,2023-03-16 09:00:00+00:00,132.814,133.04985714285715,132.3542857142857,3.42,23.585714285715653,805.6546760475268,0.9,7.0,0.2,2.7999999999991587,37.000000000000455,1,False,2023-03-16 09:00:00+00:00,133.04985714285715,STOP_LOSS,-23.585714285715653,-25.38571428571565,-867.1401328139002,-1.0763173833583588
POS_USDJPY_202304041600,USDJPY,1,2023-04-04 16:00:00+00:00,132.91299999999998,132.7010357142857,133.30692857142856,3.76,21.196428571428783,796.9832747193877,0.9,7.0,0.2,4.100000000002524,33.9999999999975,3,False,2023-04-04 16:30:00+00:00,132.7010357142857,STOP_LOSS,-21.196428571428783,-22.99642857142878,-864.6630675107039,-1.0849199662504156
POS_USDJPY_202304131215,USDJPY,-1,2023-04-13 12:15:00+00:00,133.127,133.27410714285716,132.8327857142857,5.36,14.710714285715198,788.3366440442807,0.9,7.0,0.2,10.500000000001819,17.099999999999227,6,False,2023-04-13 13:30:00+00:00,133.27410714285716,STOP_LOSS,-14.710714285715198,-16.5107142857152,-884.7973549815348,-1.1223597959907037
POS_USDJPY_202304251915,USDJPY,-1,2023-04-25 19:15:00+00:00,133.919,134.10985714285715,133.53128571428573,4.08,19.08571428571406,779.4886704944654,0.9,7.0,0.2,55.29999999999973,9.199999999998454,8,False,2023-04-25 21:00:00+00:00,133.53128571428573,TAKE_PROFIT,38.771428571428146,36.97142857142814,1509.96757420208,1.937125748401498
POS_USDJPY_202305091730,USDJPY,1,2023-05-09 17:30:00+00:00,135.09599999999998,134.92853571428572,135.40392857142854,4.74,16.74642857142601,794.5883462364861,0.9,7.0,0.2,17.700000000002092,13.899999999998158,32,False,2023-05-10 01:15:00+00:00,135.181,TIME_LIMIT_32,8.500000000003638,6.700000000003637,317.9031216574264,0.40008530601178965
POS_USDJPY_202305151645,USDJPY,1,2023-05-15 16:45:00+00:00,136.154,135.94135714285716,136.54628571428572,3.75,21.264285714283915,797.7673774530604,0.9,7.0,0.2,4.300000000000637,14.500000000001023,32,False,2023-05-16 00:30:00+00:00,136.079,TIME_LIMIT_32,-7.499999999998863,-9.299999999998862,-348.905987704064,-0.4373530399525433
POS_USDJPY_202305301715,USDJPY,-1,2023-05-30 17:15:00+00:00,139.862,140.12653571428572,139.34192857142858,3.0,26.453571428572786,794.2783175760196,0.9,7.0,0.2,29.399999999998272,11.50000000000091,32,False,2023-05-31 01:00:00+00:00,139.733,TIME_LIMIT_32,12.899999999999068,11.099999999999069,333.2816269653863,0.4196030781533807
POS_USDJPY_202306051200,USDJPY,1,2023-06-05 12:00:00+00:00,140.27399999999997,140.11392857142857,140.56714285714284,4.98,16.00714285713991,797.6111338456735,0.9,7.0,0.2,11.600000000001387,17.99999999999784,17,False,2023-06-05 16:00:00+00:00,140.11392857142857,STOP_LOSS,-16.00714285713991,-17.807142857139908,-887.302345628326,-1.1124497991273106
POS_USDJPY_202306131045,USDJPY,1,2023-06-13 10:45:00+00:00,139.569,139.42814285714286,139.82671428571427,5.6,14.085714285712925,788.7381103893903,0.9,7.0,0.2,6.700000000000728,34.699999999998,19,False,2023-06-13 15:15:00+00:00,139.42814285714286,STOP_LOSS,-14.085714285712925,-15.885714285712924,-889.5302015119112,-1.1277890465730902
POS_USDJPY_202306271015,USDJPY,1,2023-06-27 10:15:00+00:00,143.49699999999999,143.3747857142857,143.71742857142857,6.38,12.22142857142785,779.8428083742712,0.9,7.0,0.2,26.000000000001933,7.299999999997908,5,False,2023-06-27 11:15:00+00:00,143.71742857142857,TAKE_PROFIT,22.042857142858452,20.242857142858455,1291.6858671841742,1.6563413207296687
POS_USDJPY_202306281115,USDJPY,1,2023-06-28 11:15:00+00:00,144.11399999999998,143.97025,144.3685,5.51,14.374999999998295,792.7596670461129,0.9,7.0,0.2,14.30000000000291,15.099999999998204,4,False,2023-06-28 12:00:00+00:00,143.97025,STOP_LOSS,-14.374999999998295,-16.174999999998295,-892.0269644228883,-1.1252173912260868
POS_USDJPY_202306281645,USDJPY,1,2023-06-28 16:45:00+00:00,144.378,144.20275,144.7045,4.47,17.524999999997704,783.8393974018841,0.9,7.0,0.2,8.70000000000175,28.599999999997294,1,False,2023-06-28 16:45:00+00:00,144.20275,STOP_LOSS,-17.524999999997704,-19.3249999999977,-864.3478661299425,-1.1027104136318129
POS_USDJPY_202306281700,USDJPY,1,2023-06-28 17:00:00+00:00,144.41,144.20310714285716,144.79678571428573,3.75,20.6892857142833,775.1959187405846,0.9,7.0,0.2,20.699999999999363,21.79999999999893,6,False,2023-06-28 18:15:00+00:00,144.20310714285716,STOP_LOSS,-20.6892857142833,-22.489285714283298,-842.6391679740319,-1.087001553546642
POS_USDJPY_202307130945,USDJPY,-1,2023-07-13 09:45:00+00:00,138.482,138.6605,138.125,4.3,17.850000000001387,766.7695270608443,0.9,7.0,0.2,25.0,47.399999999998954,24,False,2023-07-13 15:30:00+00:00,138.6605,STOP_LOSS,-17.850000000001387,-19.650000000001384,-844.0908238600219,-1.100840336072774
POS_USDJPY_202308151200,USDJPY,1,2023-08-15 12:00:00+00:00,145.654,145.47885714285715,145.9712857142857,4.33,17.514285714284483,758.328618822244,0.9,7.0,0.2,5.799999999999272,19.700000000000273,11,False,2023-08-15 14:30:00+00:00,145.47885714285715,STOP_LOSS,-17.514285714284483,-19.31428571428448,-836.2645127154502,-1.1027732462665698
POS_USDJPY_202308281030,USDJPY,1,2023-08-28 10:30:00+00:00,146.438,146.33042857142857,146.62614285714287,6.97,10.757142857141844,749.9659736950895,0.9,7.0,0.2,23.900000000000432,3.299999999998704,25,False,2023-08-28 16:30:00+00:00,146.62614285714287,TAKE_PROFIT,18.81428571428785,17.01428571428785,1186.2011614714659,1.5816733066262214
POS_USDJPY_202309271600,USDJPY,1,2023-09-27 16:00:00+00:00,149.194,149.08889285714284,149.3862142857143,7.25,10.51071428571504,761.8279853098043,0.9,7.0,0.2,20.199999999999818,3.099999999997749,4,False,2023-09-27 16:45:00+00:00,149.3862142857143,TAKE_PROFIT,19.22142857143001,17.421428571430013,1262.7240611579014,1.657492354582384
POS_USDJPY_202310021715,USDJPY,1,2023-10-02 17:15:00+00:00,149.85,149.75132142857143,150.02035714285716,7.85,9.867857142856451,774.4552259213833,0.9,7.0,0.2,0.0,10.899999999998045,1,False,2023-10-02 17:15:00+00:00,149.75132142857143,STOP_LOSS,-9.867857142856451,-11.66785714285645,-915.7239315341236,-1.1824104233329569
POS_USDJPY_202310021745,USDJPY,1,2023-10-02 17:45:00+00:00,149.84599999999998,149.73864285714285,150.03371428571427,7.13,10.735714285712561,765.297986606042,0.9,7.0,0.2,2.1000000000015007,13.499999999996248,14,False,2023-10-02 21:00:00+00:00,149.73864285714285,STOP_LOSS,-10.735714285712561,-12.53571428571256,-893.6114214028802,-1.167664670549945
POS_USDJPY_202310162015,USDJPY,1,2023-10-16 20:15:00+00:00,149.601,149.5082142857143,149.75957142857146,8.15,9.278571428569649,756.3618723920132,0.9,7.0,0.2,0.9000000000014552,9.600000000000364,10,False,2023-10-16 22:30:00+00:00,149.5082142857143,STOP_LOSS,-9.278571428569649,-11.078571428569647,-903.0925819504356,-1.1939953809337096
POS_USDJPY_202310201045,USDJPY,1,2023-10-20 10:45:00+00:00,149.904,149.8387142857143,150.00457142857144,11.45,6.5285714285693075,747.3309465725089,0.9,7.0,0.2,8.500000000000796,27.199999999999136,3,False,2023-10-20 11:15:00+00:00,149.8387142857143,STOP_LOSS,-6.5285714285693075,-8.328571428569306,-953.3784284137126,-1.275711159542103
POS_USDJPY_202311091015,USDJPY,1,2023-11-09 10:15:00+00:00,150.95299999999997,150.8402857142857,151.15142857142854,6.55,11.271428571427577,737.7971622883717,0.9,7.0,0.2,21.90000000000225,7.299999999997908,9,False,2023-11-09 12:15:00+00:00,151.15142857142854,TAKE_PROFIT,19.842857142856474,18.042857142856477,1181.0365220375015,1.600760456131827
POS_USDJPY_202311091500,USDJPY,1,2023-11-09 15:00:00+00:00,151.113,151.02317857142856,151.27164285714287,8.35,8.982142857144026,749.6075275087468,0.9,7.0,0.2,4.800000000000182,12.79999999999859,2,False,2023-11-09 15:15:00+00:00,151.02317857142856,STOP_LOSS,-8.982142857144026,-10.782142857144025,-899.827087593203,-1.2003976141804464
POS_USDJPY_202311101630,USDJPY,1,2023-11-10 16:30:00+00:00,151.42399999999998,151.34660714285715,151.55778571428573,9.57,7.739285714282573,740.6092566328147,0.9,7.0,0.2,13.700000000002888,3.4999999999968168,10,False,2023-11-10 18:45:00+00:00,151.55778571428573,TAKE_PROFIT,13.378571428575015,11.578571428575016,1108.0088646493127,1.4960775263421404
POS_USDJPY_202312121515,USDJPY,-1,2023-12-12 15:15:00+00:00,145.038,145.2180357142857,144.68092857142855,4.18,18.003571428567966,751.6893452793078,0.9,7.0,0.2,30.299999999999727,56.89999999999884,2,False,2023-12-12 15:30:00+00:00,145.2180357142857,STOP_LOSS,-18.003571428567966,-19.803571428567963,-826.8433682488233,-1.099980162605059
POS_USDJPY_202401091715,USDJPY,-1,2024-01-09 17:15:00+00:00,143.822,144.07282142857142,143.32035714285718,2.96,25.08214285714132,743.4209115968196,0.9,7.0,0.2,6.200000000001182,40.799999999998704,2,False,2024-01-09 17:30:00+00:00,144.07282142857142,STOP_LOSS,-25.08214285714132,-26.882142857141318,-796.771921026084,-1.0717642032891836
POS_USDJPY_202401301115,USDJPY,-1,2024-01-30 11:15:00+00:00,147.369,147.54289285714285,147.02121428571428,4.23,17.389285714284597,735.4531923865587,0.9,7.0,0.2,16.30000000000109,19.80000000000075,16,False,2024-01-30 15:00:00+00:00,147.54289285714285,STOP_LOSS,-17.389285714284597,-19.189285714284594,-811.5814340656727,-1.1035120147239779
POS_USDJPY_202401311515,USDJPY,1,2024-01-31 15:15:00+00:00,147.82399999999998,147.65425,148.1335,4.28,16.97499999999934,727.3373780459019,0.9,7.0,0.2,0.0,20.299999999997453,1,False,2024-01-31 15:15:00+00:00,147.65425,STOP_LOSS,-16.97499999999934,-18.774999999999338,-804.4629909871808,-1.106038291540149
POS_USDJPY_202402091715,USDJPY,1,2024-02-09 17:15:00+00:00,149.39899999999997,149.17142857142855,149.82714285714283,3.16,22.7571428571423,719.29274813603,0.9,7.0,0.2,1.500000000001478,32.49999999999602,32,False,2024-02-12 01:00:00+00:00,149.17142857142855,STOP_LOSS,-22.7571428571423,-24.557142857142296,-776.185959818898,-1.079096045150324
POS_USDJPY_202403041730,USDJPY,1,2024-03-04 17:30:00+00:00,150.44099999999997,150.30960714285715,150.6737857142857,5.42,13.139285714282778,711.530888537841,0.9,7.0,0.2,11.800000000002342,4.399999999998272,32,False,2024-03-05 01:15:00+00:00,150.431,TIME_LIMIT_32,-0.9999999999962483,-2.799999999996248,-151.6282186927395,-0.213101386229806
POS_USDJPY_202403181745,USDJPY,1,2024-03-18 17:45:00+00:00,149.266,149.14228571428572,149.4894285714286,5.74,12.371428571427145,710.0146063509136,0.9,7.0,0.2,0.0,16.70000000000016,1,False,2024-03-18 17:45:00+00:00,149.14228571428572,STOP_LOSS,-12.371428571427145,-14.171428571427144,-813.3192718743467,-1.1454965357041913
POS_USDJPY_202404021300,USDJPY,1,2024-04-02 13:00:00+00:00,151.68099999999998,151.58810714285715,151.8397857142857,7.56,9.289285714282869,701.88141363217,0.9,7.0,0.2,3.4000000000020236,10.299999999998022,14,False,2024-04-02 16:15:00+00:00,151.58810714285715,STOP_LOSS,-9.289285714282869,-11.089285714282868,-837.8861165295609,-1.1937716261691265
POS_USDJPY_202404041430,USDJPY,1,2024-04-04 14:30:00+00:00,151.719,151.64957142857145,151.83085714285713,9.99,6.942857142854564,693.5025524668744,0.9,7.0,0.2,5.100000000001614,10.80000000000041,6,False,2024-04-04 15:45:00+00:00,151.64957142857145,STOP_LOSS,-6.942857142854564,-8.742857142854563,-873.2995103881245,-1.2592592590779805
POS_USDJPY_202404191545,USDJPY,1,2024-04-19 15:45:00+00:00,154.54999999999998,154.46642857142857,154.69014285714286,8.19,8.357142857141753,684.769557362993,0.9,7.0,0.2,6.30000000000166,9.199999999998454,7,False,2024-04-19 17:15:00+00:00,154.46642857142857,STOP_LOSS,-8.357142857141753,-10.157142857141752,-832.2583850031476,-1.2153846152392132
POS_USDJPY_202404221630,USDJPY,1,2024-04-22 16:30:00+00:00,154.75099999999998,154.67889285714284,154.86821428571426,9.38,7.210714285713493,676.4469735129616,0.9,7.0,0.2,10.000000000002274,4.0999999999968395,32,False,2024-04-23 00:15:00+00:00,154.811,TIME_LIMIT_32,6.0000000000030695,4.200000000003069,394.0077467764187,0.5824665675274383
POS_USDJPY_202404301515,USDJPY,1,2024-04-30 15:15:00+00:00,156.97899999999998,156.86135714285717,157.19628571428572,5.78,11.764285714281186,680.3870509807258,0.9,7.0,0.2,40.800000000001546,3.499999999999659,2,False,2024-04-30 15:30:00+00:00,157.19628571428572,TAKE_PROFIT,21.728571428573673,19.928571428573676,1152.568228339897,1.6939890708951002
POS_USDJPY_202405081800,USDJPY,1,2024-05-08 18:00:00+00:00,155.595,155.45928571428573,155.85142857142856,5.1,13.571428571427191,691.9127332641247,0.9,7.0,0.2,2.5000000000005684,23.599999999999,4,False,2024-05-08 18:45:00+00:00,155.45928571428573,STOP_LOSS,-13.571428571427191,-15.37142857142719,-783.6822115129992,-1.1326315788639247
POS_USDJPY_202405131800,USDJPY,1,2024-05-13 18:00:00+00:00,155.927,155.8185357142857,156.10492857142856,6.31,10.8464285714291,684.0759111489947,0.9,7.0,0.2,28.600000000000136,4.4999999999987494,1,False,2024-05-13 18:00:00+00:00,156.10492857142856,TAKE_PROFIT,17.792857142856633,15.992857142856636,1008.6572044262521,1.4744813959785263
POS_USDJPY_202406131730,USDJPY,1,2024-06-13 17:30:00+00:00,157.147,156.92092857142856,157.57214285714286,3.07,22.607142857143003,694.1624831932572,0.9,7.0,0.2,3.0000000000001137,23.30000000000041,2,False,2024-06-13 17:45:00+00:00,156.92092857142856,STOP_LOSS,-22.607142857143003,-24.407142857143,-749.4322922484797,-1.0796208530328124
POS_USDJPY_202406210930,USDJPY,1,2024-06-21 09:30:00+00:00,159.00099999999998,158.92225,159.1315,8.72,7.874999999998522,686.6681602707723,0.9,7.0,0.2,0.0,15.199999999998681,4,False,2024-06-21 10:15:00+00:00,158.92225,STOP_LOSS,-7.874999999998522,-9.674999999998521,-843.6208825112803,-1.2285714284154623
POS_USDJPY_202407011715,USDJPY,1,2024-07-01 17:15:00+00:00,161.33399999999997,161.16985714285713,161.6352857142857,4.13,16.414285714284915,678.2319514456595,0.9,7.0,0.2,32.900000000003615,0.899999999998613,3,False,2024-07-01 17:45:00+00:00,161.6352857142857,TAKE_PROFIT,30.12857142857115,28.328571428571152,1170.5256393688933,1.7258485638635925
POS_USDJPY_202407101445,USDJPY,1,2024-07-10 14:45:00+00:00,161.51999999999998,161.43775,161.6605,8.39,8.224999999998772,689.9372078393484,0.9,7.0,0.2,0.0,8.299999999996999,3,False,2024-07-10 15:15:00+00:00,161.43775,STOP_LOSS,-8.224999999998772,-10.024999999998771,-840.9265055013649,-1.2188449846542764
POS_USDJPY_202407151630,USDJPY,-1,2024-07-15 16:30:00+00:00,157.951,158.1204285714286,157.6601428571429,4.02,16.94285714285968,681.5279427843348,0.9,7.0,0.2,80.09999999999877,5.500000000000682,13,False,2024-07-15 19:30:00+00:00,157.6601428571429,TAKE_PROFIT,29.08571428571065,27.285714285710654,1097.5702956499842,1.610455311877511
POS_USDJPY_202407290715,USDJPY,-1,2024-07-29 07:15:00+00:00,153.437,153.7984642857143,152.72007142857143,1.92,36.14642857142769,692.5036457408346,0.9,7.0,0.2,29.50000000000159,44.899999999998386,16,False,2024-07-29 11:00:00+00:00,153.7984642857143,STOP_LOSS,-36.14642857142769,-37.946428571427695,-726.9885619793321,-1.0497974508157366
POS_USDJPY_202408021045,USDJPY,-1,2024-08-02 10:45:00+00:00,149.035,149.4042142857143,148.28757142857143,1.86,36.92142857142926,685.2337601210413,0.9,7.0,0.2,201.6999999999996,28.39999999999918,20,False,2024-08-02 15:30:00+00:00,148.28757142857143,TAKE_PROFIT,74.74285714285713,72.94285714285712,1353.7642016185753,1.97562391172823
POS_USDJPY_202408231500,USDJPY,1,2024-08-23 15:00:00+00:00,146.041,145.85728571428572,146.37542857142859,3.8,18.371428571427373,698.771402137227,0.9,7.0,0.2,35.20000000000039,9.700000000000841,7,False,2024-08-23 16:30:00+00:00,146.37542857142859,TAKE_PROFIT,33.442857142858884,31.642857142858887,1203.560385419825,1.7223950232346026
POS_USDJPY_202410111545,USDJPY,1,2024-10-11 15:45:00+00:00,149.202,149.03425000000001,149.5045,4.24,16.774999999998386,710.8070059914253,0.9,7.0,0.2,5.89999999999975,17.69999999999925,3,False,2024-10-11 16:15:00+00:00,149.03425000000001,STOP_LOSS,-16.774999999998386,-18.574999999998383,-787.0783985397178,-1.1073025334660427
POS_USDJPY_202410141030,USDJPY,1,2024-10-14 10:30:00+00:00,149.28699999999998,149.1993214285714,149.43235714285714,8.02,8.767857142856883,702.9362220060282,0.9,7.0,0.2,17.300000000003024,1.0999999999967258,3,False,2024-10-14 11:00:00+00:00,149.43235714285714,TAKE_PROFIT,14.535714285716494,12.735714285716496,1021.0470742925103,1.4525458246818785
POS_USDJPY_202411061530,USDJPY,1,2024-11-06 15:30:00+00:00,154.31699999999998,154.04889285714285,154.82321428571427,2.66,26.81071428571329,713.1466927489532,0.9,7.0,0.2,15.800000000001546,33.69999999999891,7,False,2024-11-06 17:00:00+00:00,154.04889285714285,STOP_LOSS,-26.81071428571329,-28.610714285713286,-761.0254636204596,-1.0671373384442813
POS_USDJPY_202411080830,USDJPY,-1,2024-11-08 08:30:00+00:00,152.861,153.05692857142859,152.46614285714287,3.6,19.592857142859543,705.5364381127486,0.9,7.0,0.2,53.600000000000136,3.6000000000001364,10,False,2024-11-08 10:45:00+00:00,152.46614285714287,TAKE_PROFIT,39.48571428571199,37.68571428571199,1357.0580558848671,1.9234414873240067
POS_USDJPY_202412021800,USDJPY,-1,2024-12-02 18:00:00+00:00,149.871,150.1797142857143,149.25657142857145,2.33,30.871428571430215,719.1070186715973,0.9,7.0,0.2,79.20000000000016,7.599999999999341,2,False,2024-12-02 18:15:00+00:00,149.25657142857145,TAKE_PROFIT,61.442857142856155,59.64285714285615,1389.2974562038214,1.9319759370034568
POS_USDJPY_202412100715,USDJPY,1,2024-12-10 07:15:00+00:00,151.19899999999998,151.00657142857142,151.55685714285713,3.81,19.24285714285645,732.9999932336355,0.9,7.0,0.2,9.800000000001319,30.399999999997362,3,False,2024-12-10 07:45:00+00:00,151.00657142857142,STOP_LOSS,-19.24285714285645,-21.042857142856448,-801.5656941180687,-1.0935412026157805
POS_USDJPY_202412241445,USDJPY,1,2024-12-24 14:45:00+00:00,157.154,157.06853571428573,157.29192857142857,8.48,8.546428571426645,724.9843362924548,0.9,7.0,0.2,14.19999999999959,5.500000000000682,10,False,2024-12-24 17:00:00+00:00,157.29192857142857,TAKE_PROFIT,13.792857142857429,11.99285714285743,1017.341162133646,1.403259506731268
POS_USDJPY_202501221530,USDJPY,1,2025-01-22 15:30:00+00:00,155.89399999999998,155.75157142857142,156.14885714285714,5.16,14.242857142855314,735.1577479137912,0.9,7.0,0.2,26.700000000002433,8.199999999996521,5,False,2025-01-22 16:30:00+00:00,156.14885714285714,TAKE_PROFIT,25.4857142857162,23.6857142857162,1222.5592236266216,1.6629889667842905
POS_USDJPY_202502140945,USDJPY,-1,2025-02-14 09:45:00+00:00,152.579,152.77785714285716,152.18128571428574,3.76,19.88571428571504,747.3833401500575,0.9,7.0,0.2,9.800000000001319,20.599999999998886,5,False,2025-02-14 10:45:00+00:00,152.77785714285716,STOP_LOSS,-19.88571428571504,-21.685714285715036,-815.0344183123068,-1.0905172413244675
POS_USDJPY_202502191045,USDJPY,-1,2025-02-19 10:45:00+00:00,151.711,151.88564285714287,151.36171428571427,4.23,17.464285714285666,739.2329959669344,0.9,7.0,0.2,16.100000000000136,24.199999999999022,12,False,2025-02-19 13:30:00+00:00,151.88564285714287,STOP_LOSS,-17.464285714285666,-19.264285714285663,-815.4238813941362,-1.1030674845994155
POS_USDJPY_202503170845,USDJPY,1,2025-03-17 08:45:00+00:00,148.897,148.6895357142857,149.28192857142858,3.52,20.746428571428055,731.078757152993,0.9,7.0,0.2,9.600000000000364,21.399999999999864,6,False,2025-03-17 10:00:00+00:00,148.6895357142857,STOP_LOSS,-20.746428571428055,-22.546428571428052,-794.5085546022365,-1.0867619211044446
POS_USDJPY_202504080745,USDJPY,1,2025-04-08 07:45:00+00:00,147.618,147.3679642857143,148.08507142857144,2.89,25.003571428570126,723.1336716069708,0.9,7.0,0.2,17.199999999999704,37.19999999999857,8,False,2025-04-08 09:30:00+00:00,147.3679642857143,STOP_LOSS,-25.003571428570126,-26.803571428570123,-775.1918590477476,-1.0719897157120224
POS_USDJPY_202504091715,USDJPY,-1,2025-04-09 17:15:00+00:00,144.722,145.26282142857144,143.63735714285713,1.32,54.08214285714337,715.3817530164933,0.9,7.0,0.2,19.50000000000216,56.00000000000023,12,False,2025-04-09 20:00:00+00:00,145.26282142857144,STOP_LOSS,-54.08214285714337,-55.88214285714337,-739.1915927651123,-1.0332827048610367
POS_USDJPY_202504180930,USDJPY,-1,2025-04-18 09:30:00+00:00,142.312,142.38185714285714,142.17228571428572,10.13,6.985714285713129,707.9898370888421,0.9,7.0,0.2,1.700000000002433,7.199999999997431,6,False,2025-04-18 10:45:00+00:00,142.38185714285714,STOP_LOSS,-6.985714285713129,-8.785714285713128,-890.4166661499456,-1.2576687114764498
POS_USDJPY_202505190900,USDJPY,-1,2025-05-19 09:00:00+00:00,145.157,145.31860714285713,144.83678571428572,4.33,16.160714285712174,699.0856704273427,0.9,7.0,0.2,33.70000000000175,4.800000000000182,6,False,2025-05-19 10:15:00+00:00,144.83678571428572,TAKE_PROFIT,32.0214285714286,30.221428571428604,1307.3288271361107,1.8700552485033146
POS_USDJPY_202506121500,USDJPY,-1,2025-06-12 15:00:00+00:00,143.611,143.82667857142854,143.17964285714285,3.3,21.567857142855473,712.1589586987038,0.9,7.0,0.2,43.59999999999786,12.300000000001887,3,False,2025-06-12 15:30:00+00:00,143.17964285714285,TAKE_PROFIT,43.13571428571379,41.335714285713784,1364.8828924651714,1.9165424738307872
POS_USDJPY_202506171545,USDJPY,1,2025-06-17 15:45:00+00:00,144.82999999999998,144.62542857142856,145.22714285714284,3.55,20.457142857142685,725.8077876233556,0.9,7.0,0.2,44.80000000000075,14.799999999999613,9,False,2025-06-17 17:45:00+00:00,145.22714285714284,TAKE_PROFIT,39.714285714285325,37.91428571428532,1345.1772823032259,1.8533519552166622
POS_USDJPY_202506241915,USDJPY,-1,2025-06-24 19:15:00+00:00,144.87,145.12221428571428,144.3565714285714,2.93,25.221428571427396,739.2595604463878,0.9,7.0,0.2,31.700000000000728,10.099999999999909,32,False,2025-06-25 03:00:00+00:00,144.895,TIME_LIMIT_32,-2.5000000000005684,-4.300000000000568,-126.03632267662417,-0.17048994618415153
POS_USDJPY_202507151100,USDJPY,1,2025-07-15 11:00:00+00:00,147.73499999999999,147.62303571428572,147.93192857142859,6.59,11.196428571426509,737.9991972196216,0.9,7.0,0.2,2.400000000000091,13.299999999998136,5,False,2025-07-15 12:00:00+00:00,147.62303571428572,STOP_LOSS,-11.196428571426509,-12.996428571426508,-856.6440441602587,-1.1607655501355911
POS_USDJPY_202507151545,USDJPY,1,2025-07-15 15:45:00+00:00,148.07999999999998,147.92589285714286,148.35821428571427,4.73,15.410714285712857,729.432756778019,0.9,7.0,0.2,5.60000000000116,27.79999999999916,1,False,2025-07-15 15:45:00+00:00,147.92589285714286,STOP_LOSS,-15.410714285712857,-17.210714285712854,-814.6318550834786,-1.116801853925224
POS_USDJPY_202507211045,USDJPY,-1,2025-07-21 10:45:00+00:00,148.08,148.27246428571428,147.6980714285714,3.75,19.246428571426577,721.2864382271841,0.9,7.0,0.2,39.400000000000546,8.199999999999363,4,False,2025-07-21 11:30:00+00:00,147.6980714285714,TAKE_PROFIT,38.19285714286025,36.392857142860244,1363.8724819362608,1.8908888475547365
POS_USDJPY_202508060900,USDJPY,-1,2025-08-06 09:00:00+00:00,147.454,147.5742857142857,147.20142857142855,6.11,12.02857142856999,734.9251630465467,0.9,7.0,0.2,9.100000000000819,19.499999999999318,5,False,2025-08-06 10:00:00+00:00,147.5742857142857,STOP_LOSS,-12.02857142856999,-13.828571428569989,-844.9020876127377,-1.1496437053676247
POS_USDJPY_202508271530,USDJPY,1,2025-08-27 15:30:00+00:00,148.08399999999997,147.93496428571427,148.35507142857142,4.87,14.903571428570217,726.4761421704194,0.9,7.0,0.2,1.700000000002433,15.299999999996317,3,False,2025-08-27 16:00:00+00:00,147.93496428571427,STOP_LOSS,-14.903571428570217,-16.703571428570218,-814.2173296676492,-1.1207764197666483
POS_USDJPY_202508281545,USDJPY,-1,2025-08-28 15:45:00+00:00,146.9,147.05996428571427,146.5890714285714,4.49,15.99642857142669,718.3339688737428,0.9,7.0,0.2,3.3999999999991815,23.699999999999477,1,False,2025-08-28 15:45:00+00:00,147.05996428571427,STOP_LOSS,-15.99642857142669,-17.796428571426688,-799.1645828698674,-1.1125251171441284
POS_USDJPY_202509260900,USDJPY,1,2025-09-26 09:00:00+00:00,149.725,149.63407142857142,149.86485714285718,7.81,9.092857142857724,710.3423230450442,0.9,7.0,0.2,15.999999999999659,3.100000000000591,6,False,2025-09-26 10:15:00+00:00,149.86485714285718,TAKE_PROFIT,13.985714285718132,12.185714285718133,951.95915395277,1.3401413981247523
POS_USDJPY_202510241445,USDJPY,1,2025-10-24 14:45:00+00:00,152.962,152.8544642857143,153.15307142857142,6.69,10.753571428568875,719.861914584572,0.9,7.0,0.2,2.000000000001023,12.199999999998568,2,False,2025-10-24 15:00:00+00:00,152.8544642857143,STOP_LOSS,-10.753571428568875,-12.553571428568874,-840.3569012054322,-1.1673862503066261
POS_USDJPY_202512030945,USDJPY,-1,2025-12-03 09:45:00+00:00,155.643,155.7437857142857,155.43842857142857,7.06,10.078571428570626,711.4583455725176,0.9,7.0,0.2,0.0,10.999999999998522,3,False,2025-12-03 10:15:00+00:00,155.7437857142857,STOP_LOSS,-10.078571428570626,-11.878571428570625,-838.522486583783,-1.1785967397838528
POS_USDJPY_202512031545,USDJPY,-1,2025-12-03 15:45:00+00:00,155.369,155.4987857142857,155.12142857142857,5.42,12.978571428570262,703.0731207066798,0.9,7.0,0.2,0.7000000000005002,13.100000000000023,1,False,2025-12-03 15:45:00+00:00,155.4987857142857,STOP_LOSS,-12.978571428570262,-14.778571428570261,-800.5824362300797,-1.138690148508864
POS_USDJPY_202512311830,USDJPY,1,2025-12-31 18:30:00+00:00,156.79299999999998,156.63132142857143,157.08935714285712,4.3,16.16785714285527,695.067296344379,0.9,7.0,0.2,12.800000000001432,16.19999999999777,18,False,2025-12-31 22:45:00+00:00,156.63132142857143,STOP_LOSS,-16.16785714285527,-17.967857142855266,-772.4505340605973,-1.1113320078835618
POS_USDJPY_202601131715,USDJPY,1,2026-01-13 17:15:00+00:00,159.009,158.82360714285713,159.3497857142857,3.71,18.539285714285825,687.3427910037731,0.9,7.0,0.2,18.200000000001637,13.399999999998613,32,False,2026-01-14 01:00:00+00:00,159.147,TIME_LIMIT_32,13.800000000000523,12.000000000000524,444.89920586557366,0.6472741282640898
POS_USDJPY_202601200715,USDJPY,-1,2026-01-20 07:15:00+00:00,157.958,158.11017857142858,157.64764285714284,4.55,15.217857142857838,691.7917830624287,0.9,7.0,0.2,0.2999999999985903,16.40000000000157,3,False,2026-01-20 07:45:00+00:00,158.11017857142858,STOP_LOSS,-15.217857142857838,-17.017857142857835,-773.6183633128005,-1.1182820933318134
POS_USDJPY_202601261345,USDJPY,-1,2026-01-26 13:45:00+00:00,153.681,154.07157142857142,152.92985714285714,1.75,39.05714285714055,684.0555994293007,0.9,7.0,0.2,1.500000000001478,39.19999999999959,4,False,2026-01-26 14:30:00+00:00,154.07157142857142,STOP_LOSS,-39.05714285714055,-40.85714285714055,-715.5812049442995,-1.0460863203828756
POS_USDJPY_202603230715,USDJPY,1,2026-03-23 07:15:00+00:00,159.439,159.2787142857143,159.73257142857145,4.22,16.028571428569194,676.8997873798578,0.9,7.0,0.2,21.700000000001296,118.99999999999977,24,False,2026-03-23 13:00:00+00:00,159.2787142857143,STOP_LOSS,-16.028571428569194,-17.82857142856919,-752.915271477157,-1.1122994651712623
POS_USDJPY_202604131200,USDJPY,1,2026-04-13 12:00:00+00:00,159.719,159.61142857142858,159.90714285714287,6.22,10.757142857141844,669.3706346650861,0.9,7.0,0.2,14.100000000001955,17.199999999999704,20,False,2026-04-13 16:45:00+00:00,159.61142857142858,STOP_LOSS,-10.757142857141844,-12.557142857141843,-781.3768762495646,-1.1673306771823355
POS_USDJPY_202604241130,USDJPY,1,2026-04-24 11:30:00+00:00,159.744,159.63114285714286,159.93971428571427,5.86,11.285714285713766,661.5568659025905,0.9,7.0,0.2,2.600000000001046,25.399999999999068,11,False,2026-04-24 14:00:00+00:00,159.63114285714286,STOP_LOSS,-11.285714285713766,-13.085714285713765,-767.0709988773186,-1.1594936707833432
POS_USDJPY_202604271430,USDJPY,-1,2026-04-27 14:30:00+00:00,159.135,159.2312142857143,158.94257142857143,6.8,9.621428571429647,653.8861559138173,0.9,7.0,0.2,3.0000000000001137,11.299999999999955,7,False,2026-04-27 16:00:00+00:00,159.2312142857143,STOP_LOSS,-9.621428571429647,-11.421428571429646,-776.2167507034188,-1.1870824052218116
POS_USDJPY_202605132000,USDJPY,1,2026-05-13 20:00:00+00:00,157.86499999999998,157.76214285714286,158.0437142857143,6.28,10.285714285711833,646.1239884067832,0.9,7.0,0.2,5.900000000002592,23.699999999999477,18,False,2026-05-14 00:15:00+00:00,157.76214285714286,STOP_LOSS,-10.285714285711833,-12.085714285711832,-759.1956863041863,-1.1749999998858054
POS_USDJPY_202605221715,USDJPY,1,2026-05-22 17:15:00+00:00,159.177,159.0887142857143,159.32657142857144,7.23,8.828571428568921,638.5320315437414,0.9,7.0,0.2,0.0,9.199999999998454,4,False,2026-05-22 18:00:00+00:00,159.0887142857143,STOP_LOSS,-8.828571428568921,-10.62857142856892,-768.718173810285,-1.2038834950093267
POS_USDJPY_202605221815,USDJPY,1,2026-05-22 18:15:00+00:00,159.123,159.0244642857143,159.29607142857142,6.4,9.853571428570262,630.8448498056384,0.9,7.0,0.2,10.900000000000887,38.19999999999766,24,False,2026-05-25 00:00:00+00:00,159.0244642857143,STOP_LOSS,-9.853571428570262,-11.653571428570261,-746.0843583569887,-1.1826748820836934
POS_USDJPY_202605291930,USDJPY,-1,2026-05-29 19:30:00+00:00,159.233,159.32396428571428,159.05107142857145,6.85,9.09642857142785,623.3840062220686,0.9,7.0,0.2,5.19999999999925,13.599999999999568,19,False,2026-06-01 00:00:00+00:00,159.32396428571428,STOP_LOSS,-9.09642857142785,-10.89642857142785,-746.7391451803961,-1.1978798585255725
POS_USDJPY_202606051700,USDJPY,1,2026-06-05 17:00:00+00:00,160.154,159.97164285714288,160.4917142857143,3.38,18.235714285711424,615.9166147702646,0.9,7.0,0.2,18.80000000000166,9.199999999998454,32,False,2026-06-08 00:45:00+00:00,160.255,TIME_LIMIT_32,10.099999999999909,8.29999999999991,280.3349417641618,0.4551508029519971
POS_USDJPY_202606261645,USDJPY,-1,2026-06-26 16:45:00+00:00,161.631,161.69421428571428,161.5045714285714,9.79,6.3214285714281,618.7199641879062,0.9,7.0,0.2,5.000000000001137,11.099999999999,5,False,2026-06-26 17:45:00+00:00,161.69421428571428,STOP_LOSS,-6.3214285714281,-8.121428571428101,-794.8978521699156,-1.2847457625086491
POS_USDJPY_202607151415,USDJPY,1,2026-07-15 14:15:00+00:00,162.356,162.26064285714287,162.5197142857143,6.41,9.535714285712515,610.770985666207,0.9,7.0,0.2,3.900000000001569,12.09999999999809,6,False,2026-07-15 15:30:00+00:00,162.26064285714287,STOP_LOSS,-9.535714285712515,-11.335714285712514,-726.0625873787642,-1.1887640448191907
POS_USDJPY_202607201700,USDJPY,1,2026-07-20 17:00:00+00:00,162.48499999999999,162.40335714285715,162.6212857142857,7.39,8.164285714283892,603.5103597924193,0.9,7.0,0.2,11.400000000000432,6.999999999999318,32,False,2026-07-21 00:45:00+00:00,162.492,TIME_LIMIT_32,0.7000000000005002,-1.0999999999994998,-81.31285686494074,-0.13473315833867167
POS_USDJPY_202608031615,USDJPY,-1,2026-08-03 16:15:00+00:00,156.788,157.04332142857143,156.27735714285714,2.36,25.53214285714205,602.6972312237699,0.9,7.0,0.2,55.00000000000114,0.39999999999906777,5,False,2026-08-03 17:15:00+00:00,156.27735714285714,TAKE_PROFIT,51.06428571428694,49.264285714286935,1162.9046869737779,1.929500629383203
POS_USDJPY_202608271545,USDJPY,1,2026-08-27 15:45:00+00:00,159.426,159.33010714285714,159.59078571428572,6.41,9.589285714284301,614.3262780935078,0.9,7.0,0.2,4.000000000002046,12.999999999999545,6,False,2026-08-27 17:00:00+00:00,159.33010714285714,STOP_LOSS,-9.589285714284301,-11.3892857142843,-729.6411547992335,-1.1877094970828734
