Factor,Condition,Trades,WinRate%,Exp(R),PF,Stable_Years%,Yearly_Breakdown,Pair,Strategy,Bootstrap_Mean(R),95%_CI_Lower(R),95%_CI_Upper(R),P(Exp>0)%,Is_Significant_95%
combined_regime,STRONG_BEAR__LOW_VOL,32,43.75,0.154,1.3,75.0,"{np.int64(2023): 0.372, np.int64(2024): 0.327, np.int64(2025): -0.153, np.int64(2026): 0.153}",EURUSD,VE_BO,0.143,-0.433,0.668,69.3,False
combined_regime,WEAK_BULL__NORMAL_VOL,26,50.0,0.323,1.97,50.0,"{np.int64(2023): -0.089, np.int64(2024): None, np.int64(2025): 0.528, np.int64(2026): None}",EURUSD,MS_BOS,0.321,-0.257,0.904,83.7,False
combined_regime,WEAK_BULL__LOW_VOL,36,55.56,0.256,1.68,100.0,"{np.int64(2023): 0.066, np.int64(2024): 0.984, np.int64(2025): 0.195, np.int64(2026): None}",EURUSD,MS_BOS,0.261,-0.207,0.732,85.5,False
trend_regime,WEAK_BULL,81,51.85,0.229,1.55,100.0,"{np.int64(2023): 0.022, np.int64(2024): 0.492, np.int64(2025): 0.284, np.int64(2026): 0.001}",EURUSD,MS_BOS,0.232,-0.075,0.544,93.1,False
combined_regime,STRONG_BULL__HIGH_VOL,58,50.0,0.193,1.25,75.0,"{np.int64(2023): 0.384, np.int64(2024): 0.236, np.int64(2025): 0.12, np.int64(2026): -0.212}",EURUSD,MS_BOS,0.199,-0.136,0.541,87.7,False
vol_regime,HIGH_VOL,45,48.89,0.24,1.51,100.0,"{np.int64(2023): 0.452, np.int64(2024): 0.135, np.int64(2025): 0.02, np.int64(2026): 0.57}",GBPUSD,TF_PB,0.241,-0.172,0.667,87.1,False
atr_bucket,80-100% (Highest),36,50.0,0.238,1.54,100.0,"{np.int64(2023): 0.207, np.int64(2024): 0.108, np.int64(2025): 0.228, np.int64(2026): 0.643}",GBPUSD,TF_PB,0.241,-0.202,0.702,85.2,False
combined_regime,STRONG_BULL__CONTRACTION,39,48.72,0.221,1.27,75.0,"{np.int64(2023): -0.32, np.int64(2024): 0.034, np.int64(2025): 0.504, np.int64(2026): 0.625}",GBPUSD,LDN_MO,0.217,-0.211,0.642,83.5,False
combined_regime,WEAK_BEAR__NORMAL_VOL,49,42.86,0.115,1.12,100.0,"{np.int64(2023): 0.035, np.int64(2024): 0.301, np.int64(2025): 0.038, np.int64(2026): 0.13}",USDJPY,TF_PB,0.116,-0.277,0.529,70.5,False
vol_regime,HIGH_VOL,43,39.53,0.098,1.35,50.0,"{np.int64(2023): 0.555, np.int64(2024): 0.017, np.int64(2025): -0.221, np.int64(2026): -0.048}",USDJPY,TF_PB,0.099,-0.319,0.534,67.1,False
combined_regime,STRONG_BEAR__LOW_VOL,48,41.67,0.095,1.14,50.0,"{np.int64(2023): 0.272, np.int64(2024): -0.019, np.int64(2025): 0.223, np.int64(2026): -0.65}",USDJPY,TF_PB,0.094,-0.332,0.528,66.0,False
adx_bucket,Low (<18),65,44.62,0.23,1.31,50.0,"{np.int64(2023): -0.199, np.int64(2024): 0.553, np.int64(2025): 0.73, np.int64(2026): -0.561}",USDJPY,VE_BO,0.232,-0.14,0.601,87.8,False
day_of_week,Thursday,60,41.67,0.154,1.22,75.0,"{np.int64(2023): 0.353, np.int64(2024): -0.291, np.int64(2025): 0.457, np.int64(2026): 0.015}",USDJPY,VE_BO,0.15,-0.251,0.538,77.0,False
vol_regime,EXPANSION,43,41.86,0.118,1.16,50.0,"{np.int64(2023): 0.152, np.int64(2024): -0.024, np.int64(2025): 0.682, np.int64(2026): -0.262}",USDJPY,VE_BO,0.118,-0.328,0.576,69.3,False
vol_regime,HIGH_VOL,26,42.31,0.072,1.17,50.0,"{np.int64(2023): 0.81, np.int64(2024): -0.113, np.int64(2025): 0.234, np.int64(2026): -0.425}",USDJPY,VE_BO,0.073,-0.465,0.633,59.9,False
trend_regime,WEAK_BULL,47,40.43,0.071,1.14,75.0,"{np.int64(2023): 0.214, np.int64(2024): 0.032, np.int64(2025): 0.727, np.int64(2026): -0.366}",USDJPY,VE_BO,0.068,-0.356,0.508,61.4,False
spread_bucket,Medium (1.0-1.5p),65,53.85,0.235,1.77,100.0,"{np.int64(2023): None, np.int64(2024): None, np.int64(2025): 0.235, np.int64(2026): None}",USDJPY,LDN_MO,0.237,-0.072,0.543,94.1,False
combined_regime,STRONG_BULL__LOW_VOL,68,51.47,0.157,1.35,50.0,"{np.int64(2023): 0.408, np.int64(2024): -0.038, np.int64(2025): -0.283, np.int64(2026): 0.362}",USDJPY,LDN_MO,0.156,-0.134,0.46,85.4,False
atr_bucket,40-60% (Mid),90,48.89,0.126,1.38,75.0,"{np.int64(2023): 0.191, np.int64(2024): -0.165, np.int64(2025): 0.322, np.int64(2026): 0.083}",USDJPY,LDN_MO,0.13,-0.129,0.387,83.7,False
atr_bucket,60-80% (High),34,44.12,0.095,1.3,75.0,"{np.int64(2023): -0.234, np.int64(2024): 0.167, np.int64(2025): 0.254, np.int64(2026): 0.224}",USDJPY,LDN_MO,0.1,-0.351,0.561,66.1,False
day_of_week,Wednesday,125,48.0,0.084,1.37,50.0,"{np.int64(2023): -0.099, np.int64(2024): 0.212, np.int64(2025): 0.212, np.int64(2026): -0.037}",USDJPY,LDN_MO,0.082,-0.141,0.306,76.4,False
trend_regime,STRONG_BULL,137,46.72,0.074,1.26,75.0,"{np.int64(2023): 0.078, np.int64(2024): -0.115, np.int64(2025): 0.34, np.int64(2026): 0.052}",USDJPY,LDN_MO,0.076,-0.128,0.285,77.3,False
trend_regime,STRONG_BEAR,62,41.94,0.071,1.16,75.0,"{np.int64(2023): 0.037, np.int64(2024): 0.292, np.int64(2025): 0.353, np.int64(2026): -0.792}",USDJPY,LDN_MO,0.07,-0.257,0.41,65.7,False
combined_regime,STRONG_BULL__HIGH_VOL,61,47.54,0.247,1.67,75.0,"{np.int64(2023): -0.006, np.int64(2024): 0.317, np.int64(2025): 0.572, np.int64(2026): 0.08}",USDJPY,MS_BOS,0.244,-0.086,0.567,92.7,False
