Pair,ADX_Lower,ADX_Upper,Lookback_Lag,Is_Frozen_Candidate,Trades,WinRate%,Gross_E[R],Net_E[R],ProfitFactor,NetPips,MaxDD%
EURUSD,16.0,21.0,8,False,27,48.15,0.408,0.182,1.4,67.01,6.04
EURUSD,16.0,21.0,10,False,40,55.0,0.65,0.43,1.78,164.11,4.34
EURUSD,16.0,21.0,12,False,53,41.51,0.24,0.017,0.91,-32.37,8.85
EURUSD,16.0,22.0,8,False,26,50.0,0.462,0.236,1.49,77.55,5.41
EURUSD,16.0,22.0,10,False,39,56.41,0.692,0.472,1.88,174.65,3.7
EURUSD,16.0,22.0,12,False,51,43.14,0.289,0.065,0.98,-8.8,6.62
EURUSD,16.0,24.0,8,False,24,54.17,0.582,0.354,1.75,100.36,4.29
EURUSD,16.0,24.0,10,False,33,54.55,0.635,0.414,1.78,136.33,3.7
EURUSD,16.0,24.0,12,False,45,42.22,0.26,0.035,0.92,-24.94,7.71
EURUSD,18.0,21.0,8,False,41,51.22,0.499,0.273,1.6,139.85,7.56
EURUSD,18.0,21.0,10,False,65,47.69,0.416,0.194,1.31,125.86,6.66
EURUSD,18.0,21.0,12,False,69,46.38,0.388,0.162,1.17,76.64,7.04
EURUSD,18.0,22.0,8,False,40,52.5,0.536,0.311,1.68,150.39,6.42
EURUSD,18.0,22.0,10,True,63,49.21,0.461,0.238,1.39,149.43,5.5
EURUSD,18.0,22.0,12,False,67,47.76,0.429,0.203,1.24,100.21,5.89
EURUSD,18.0,24.0,8,False,35,54.29,0.583,0.356,1.78,149.76,5.31
EURUSD,18.0,24.0,10,False,55,47.27,0.4,0.177,1.3,104.05,5.82
EURUSD,18.0,24.0,12,False,58,44.83,0.34,0.113,1.11,40.89,5.91
EURUSD,20.0,21.0,8,False,53,49.06,0.456,0.225,1.53,155.76,4.69
EURUSD,20.0,21.0,10,False,73,47.95,0.426,0.204,1.29,131.74,6.63
EURUSD,20.0,21.0,12,False,72,47.22,0.404,0.181,1.22,99.14,6.63
EURUSD,20.0,22.0,8,False,52,50.0,0.484,0.253,1.58,166.3,4.28
EURUSD,20.0,22.0,10,False,71,49.3,0.466,0.244,1.36,155.31,5.48
EURUSD,20.0,22.0,12,False,70,48.57,0.444,0.221,1.28,122.71,5.48
EURUSD,20.0,24.0,8,False,45,48.89,0.447,0.215,1.54,137.09,4.28
EURUSD,20.0,24.0,10,False,62,46.77,0.388,0.166,1.24,95.99,6.97
EURUSD,20.0,24.0,12,False,61,45.9,0.362,0.138,1.16,63.39,6.97
GBPUSD,16.0,21.0,8,False,21,52.38,0.649,0.423,1.93,126.29,3.59
GBPUSD,16.0,21.0,10,False,39,56.41,0.723,0.5,2.15,271.84,4.01
GBPUSD,16.0,21.0,12,False,45,48.89,0.504,0.249,1.93,266.81,9.07
GBPUSD,16.0,22.0,8,False,21,52.38,0.649,0.423,1.93,126.29,3.59
GBPUSD,16.0,22.0,10,False,39,56.41,0.723,0.5,2.15,271.84,4.01
GBPUSD,16.0,22.0,12,False,45,48.89,0.504,0.249,1.93,266.81,9.07
GBPUSD,16.0,24.0,8,False,21,52.38,0.649,0.423,1.93,126.29,3.59
GBPUSD,16.0,24.0,10,False,39,56.41,0.723,0.5,2.15,271.84,4.01
GBPUSD,16.0,24.0,12,False,45,48.89,0.504,0.249,1.93,266.81,9.07
GBPUSD,18.0,21.0,8,False,27,51.85,0.616,0.383,1.91,161.32,3.59
GBPUSD,18.0,21.0,10,False,51,49.02,0.494,0.254,1.62,225.14,7.74
GBPUSD,18.0,21.0,12,False,54,50.0,0.544,0.279,1.94,309.66,7.43
GBPUSD,18.0,22.0,8,False,27,51.85,0.616,0.383,1.91,161.32,3.59
GBPUSD,18.0,22.0,10,True,51,49.02,0.494,0.254,1.62,225.14,7.74
GBPUSD,18.0,22.0,12,False,54,50.0,0.544,0.279,1.94,309.66,7.43
GBPUSD,18.0,24.0,8,False,27,51.85,0.616,0.383,1.91,161.32,3.59
GBPUSD,18.0,24.0,10,False,50,50.0,0.524,0.284,1.69,239.67,7.74
GBPUSD,18.0,24.0,12,False,53,50.94,0.573,0.307,2.03,324.2,7.43
GBPUSD,20.0,21.0,8,False,34,52.94,0.634,0.405,2.0,223.1,3.59
GBPUSD,20.0,21.0,10,False,58,46.55,0.449,0.193,1.5,200.5,8.15
GBPUSD,20.0,21.0,12,False,61,47.54,0.478,0.217,1.67,270.19,7.37
GBPUSD,20.0,22.0,8,False,34,52.94,0.634,0.405,2.0,223.1,3.59
GBPUSD,20.0,22.0,10,False,58,46.55,0.449,0.193,1.5,200.5,8.15
GBPUSD,20.0,22.0,12,False,61,47.54,0.478,0.217,1.67,270.19,7.37
GBPUSD,20.0,24.0,8,False,33,54.55,0.684,0.455,2.14,237.64,3.59
GBPUSD,20.0,24.0,10,False,57,47.37,0.474,0.218,1.55,215.04,8.15
GBPUSD,20.0,24.0,12,False,60,48.33,0.502,0.241,1.73,284.72,7.37
USDJPY,16.0,21.0,8,False,25,40.0,0.09,-0.1,0.81,-45.99,9.78
USDJPY,16.0,21.0,10,False,45,31.11,-0.148,-0.323,0.6,-233.61,17.04
USDJPY,16.0,21.0,12,False,56,35.71,-0.055,-0.243,0.73,-160.32,16.54
USDJPY,16.0,22.0,8,False,24,41.67,0.136,-0.052,0.85,-34.82,8.65
USDJPY,16.0,22.0,10,False,43,32.56,-0.108,-0.279,0.62,-210.51,14.91
USDJPY,16.0,22.0,12,False,55,36.36,-0.038,-0.225,0.74,-149.15,15.49
USDJPY,16.0,24.0,8,False,17,41.18,0.148,-0.048,0.92,-12.86,5.53
USDJPY,16.0,24.0,10,False,34,32.35,-0.071,-0.252,0.69,-129.91,11.88
USDJPY,16.0,24.0,12,False,48,37.5,-0.002,-0.191,0.82,-86.44,13.23
USDJPY,18.0,21.0,8,False,35,37.14,-0.01,-0.19,0.74,-95.04,10.89
USDJPY,18.0,21.0,10,False,63,33.33,-0.136,-0.314,0.63,-277.56,20.9
USDJPY,18.0,21.0,12,False,73,38.36,0.034,-0.149,0.76,-192.2,13.17
USDJPY,18.0,22.0,8,False,33,39.39,0.05,-0.125,0.79,-71.94,9.66
USDJPY,18.0,22.0,10,True,61,34.43,-0.107,-0.284,0.65,-254.46,18.87
USDJPY,18.0,22.0,12,False,71,39.44,0.063,-0.117,0.78,-169.1,12.05
USDJPY,18.0,24.0,8,False,25,40.0,0.075,-0.103,0.88,-29.92,7.1
USDJPY,18.0,24.0,10,False,51,33.33,-0.124,-0.305,0.68,-187.09,17.4
USDJPY,18.0,24.0,12,False,61,39.34,0.078,-0.107,0.83,-105.94,12.46
USDJPY,20.0,21.0,8,False,51,33.33,-0.106,-0.285,0.66,-201.87,16.14
USDJPY,20.0,21.0,10,False,77,37.66,0.019,-0.165,0.77,-196.07,14.64
USDJPY,20.0,21.0,12,False,77,37.66,0.019,-0.165,0.77,-195.53,14.64
USDJPY,20.0,22.0,8,False,49,34.69,-0.07,-0.245,0.69,-178.76,13.99
USDJPY,20.0,22.0,10,False,75,38.67,0.046,-0.136,0.79,-172.96,12.83
USDJPY,20.0,22.0,12,False,75,38.67,0.046,-0.136,0.79,-172.42,12.83
USDJPY,20.0,24.0,8,False,39,33.33,-0.082,-0.264,0.75,-111.4,12.42
USDJPY,20.0,24.0,10,False,64,39.06,0.073,-0.113,0.86,-92.7,12.46
USDJPY,20.0,24.0,12,False,64,39.06,0.073,-0.113,0.86,-92.16,12.46
